시간,총수요_실제,총수요_예측,비계량
2025-01-01 00:00:00,4070.9,3888.11,0.08
2025-01-01 01:00:00,3901.27,3809.83,0.01
2025-01-01 02:00:00,3784.68,3733.32,0.0
2025-01-01 03:00:00,3733.54,3696.23,0.0
2025-01-01 04:00:00,3724.91,3703.42,0.0
2025-01-01 05:00:00,3756.04,3790.33,0.0
2025-01-01 06:00:00,3814.63,3945.98,0.01
2025-01-01 07:00:00,3849.78,4102.35,0.5
2025-01-01 08:00:00,3825.13,4112.78,26.72
2025-01-01 09:00:00,3665.44,3810.83,97.46
2025-01-01 10:00:00,3537.32,3655.26,167.08
2025-01-01 11:00:00,3413.36,3464.35,205.28
2025-01-01 12:00:00,3340.42,3314.67,223.36
2025-01-01 13:00:00,3364.46,3379.4,230.92
2025-01-01 14:00:00,3492.2,3439.61,228.4
2025-01-01 15:00:00,3658.81,3608.22,161.25
2025-01-01 16:00:00,3922.6,3870.45,126.09
2025-01-01 17:00:00,4178.97,4094.21,89.25
2025-01-01 18:00:00,4296.39,4227.28,85.19
2025-01-01 19:00:00,4283.5,4251.38,72.29
2025-01-01 20:00:00,4198.72,4191.8,36.56
2025-01-01 21:00:00,4112.36,4114.45,11.07
2025-01-01 22:00:00,4072.12,4093.58,1.77
2025-01-01 23:00:00,4046.08,4047.35,0.44
2025-01-02 00:00:00,3872.31,3831.34,0.08
2025-01-02 01:00:00,3733.16,3673.95,0.01
2025-01-02 02:00:00,3657.24,3598.43,0.0
2025-01-02 03:00:00,3635.39,3556.22,0.0
2025-01-02 04:00:00,3686.2,3647.62,0.0
2025-01-02 05:00:00,3837.71,3871.2,0.0
2025-01-02 06:00:00,4124.77,4156.91,0.01
2025-01-02 07:00:00,4584.27,4625.83,0.36
2025-01-02 08:00:00,5111.45,5107.53,22.15
2025-01-02 09:00:00,5154.38,5303.35,78.48
2025-01-02 10:00:00,4985.16,5116.84,143.02
2025-01-02 11:00:00,4773.32,4814.99,186.92
2025-01-02 12:00:00,4501.25,4550.68,211.71
2025-01-02 13:00:00,4659.71,4610.85,217.16
2025-01-02 14:00:00,4786.73,4761.85,208.5
2025-01-02 15:00:00,4935.0,4903.62,150.6
2025-01-02 16:00:00,5111.88,5139.62,121.57
2025-01-02 17:00:00,5157.0,5192.67,89.21
2025-01-02 18:00:00,5079.43,5110.02,85.14
2025-01-02 19:00:00,4969.65,4877.48,71.93
2025-01-02 20:00:00,4756.36,4699.11,30.35
2025-01-02 21:00:00,4560.73,4545.85,5.58
2025-01-02 22:00:00,4544.43,4531.56,1.71
2025-01-02 23:00:00,4498.26,4496.41,0.39
2025-01-03 00:00:00,4271.9,4300.25,0.08
2025-01-03 01:00:00,4124.32,4173.46,0.02
2025-01-03 02:00:00,4038.06,4040.94,0.0
2025-01-03 03:00:00,3988.23,3984.69,0.0
2025-01-03 04:00:00,4021.32,4010.73,0.0
2025-01-03 05:00:00,4147.71,4140.05,0.0
2025-01-03 06:00:00,4424.44,4408.4,0.01
2025-01-03 07:00:00,4842.35,4783.08,0.41
2025-01-03 08:00:00,5291.44,5163.63,26.17
2025-01-03 09:00:00,5275.49,5248.04,91.9
2025-01-03 10:00:00,5074.44,5127.78,156.06
2025-01-03 11:00:00,4892.83,4851.33,215.34
2025-01-03 12:00:00,4649.51,4559.98,241.75
2025-01-03 13:00:00,4869.43,4707.8,252.95
2025-01-03 14:00:00,5036.71,4879.84,235.18
2025-01-03 15:00:00,5152.38,4990.88,162.86
2025-01-03 16:00:00,5282.57,5170.88,125.46
2025-01-03 17:00:00,5266.22,5247.94,89.63
2025-01-03 18:00:00,5136.45,5140.01,85.73
2025-01-03 19:00:00,5006.04,4967.66,72.62
2025-01-03 20:00:00,4812.74,4748.08,37.04
2025-01-03 21:00:00,4622.88,4518.81,10.52
2025-01-03 22:00:00,4608.76,4559.32,1.83
2025-01-03 23:00:00,4566.06,4567.0,0.45
2025-01-04 00:00:00,4329.58,4338.42,0.08
2025-01-04 01:00:00,4167.21,4135.74,0.01
2025-01-04 02:00:00,4061.27,3982.63,0.0
2025-01-04 03:00:00,4010.27,3932.68,0.0
2025-01-04 04:00:00,4007.0,3947.11,0.0
2025-01-04 05:00:00,4076.05,4052.91,0.0
2025-01-04 06:00:00,4177.34,4277.45,0.01
2025-01-04 07:00:00,4288.97,4562.05,0.48
2025-01-04 08:00:00,4362.22,4728.1,26.78
2025-01-04 09:00:00,4271.71,4501.24,87.97
2025-01-04 10:00:00,4117.07,4278.68,155.26
2025-01-04 11:00:00,3954.23,4059.95,200.49
2025-01-04 12:00:00,3806.55,3838.29,211.89
2025-01-04 13:00:00,3900.26,3872.59,209.88
2025-01-04 14:00:00,3997.29,4018.24,209.61
2025-01-04 15:00:00,4126.66,4150.79,166.49
2025-01-04 16:00:00,4316.71,4344.62,128.92
2025-01-04 17:00:00,4473.75,4499.51,89.53
2025-01-04 18:00:00,4537.54,4559.16,84.99
2025-01-04 19:00:00,4480.25,4486.1,69.22
2025-01-04 20:00:00,4371.1,4346.88,32.45
2025-01-04 21:00:00,4246.2,4259.35,9.03
2025-01-04 22:00:00,4305.76,4304.13,1.57
2025-01-04 23:00:00,4327.61,4301.49,0.34
2025-01-05 00:00:00,4128.4,4113.32,0.04
2025-01-05 01:00:00,3952.15,3958.79,0.02
2025-01-05 02:00:00,3838.43,3801.72,0.01
2025-01-05 03:00:00,3782.06,3695.07,0.0
2025-01-05 04:00:00,3779.12,3703.27,0.0
2025-01-05 05:00:00,3821.16,3808.53,0.0
2025-01-05 06:00:00,3891.26,3877.06,0.0
2025-01-05 07:00:00,3956.14,3922.28,0.02
2025-01-05 08:00:00,4044.3,3917.15,3.57
2025-01-05 09:00:00,4136.01,3884.45,14.52
2025-01-05 10:00:00,4187.12,3963.27,26.27
2025-01-05 11:00:00,4216.64,4065.03,52.13
2025-01-05 12:00:00,4211.64,4073.25,66.28
2025-01-05 13:00:00,4213.63,4254.9,64.94
2025-01-05 14:00:00,4164.5,4326.27,41.7
2025-01-05 15:00:00,4187.61,4333.09,37.81
2025-01-05 16:00:00,4305.48,4503.7,78.0
2025-01-05 17:00:00,4416.05,4569.33,20.19
2025-01-05 18:00:00,4448.88,4544.61,3.53
2025-01-05 19:00:00,4392.6,4469.86,1.71
2025-01-05 20:00:00,4314.47,4390.44,0.67
2025-01-05 21:00:00,4211.7,4278.57,0.04
2025-01-05 22:00:00,4188.33,4282.35,0.01
2025-01-05 23:00:00,4175.18,4260.12,0.0
2025-01-06 00:00:00,3987.9,4069.65,0.0
2025-01-06 01:00:00,3834.17,3942.52,0.0
2025-01-06 02:00:00,3761.07,3870.91,0.0
2025-01-06 03:00:00,3731.32,3834.78,0.0
2025-01-06 04:00:00,3779.05,3866.81,0.0
2025-01-06 05:00:00,3920.88,4020.78,0.0
2025-01-06 06:00:00,4203.23,4292.19,0.0
2025-01-06 07:00:00,4654.97,4713.42,0.1
2025-01-06 08:00:00,5254.39,5132.17,13.06
2025-01-06 09:00:00,5491.81,5361.47,42.15
2025-01-06 10:00:00,5554.85,5427.4,101.34
2025-01-06 11:00:00,5411.94,5429.7,132.29
2025-01-06 12:00:00,5154.0,5239.19,139.64
2025-01-06 13:00:00,5307.94,5228.51,124.28
2025-01-06 14:00:00,5336.46,5240.6,87.74
2025-01-06 15:00:00,5397.26,5209.51,77.66
2025-01-06 16:00:00,5489.2,5270.05,101.73
2025-01-06 17:00:00,5441.7,5254.77,79.73
2025-01-06 18:00:00,5304.97,5175.23,57.37
2025-01-06 19:00:00,5149.73,5038.66,28.46
2025-01-06 20:00:00,4923.2,4815.54,5.68
2025-01-06 21:00:00,4753.4,4645.83,1.43
2025-01-06 22:00:00,4719.26,4640.97,0.18
2025-01-06 23:00:00,4659.7,4630.07,0.0
2025-01-07 00:00:00,4409.92,4380.63,0.0
2025-01-07 01:00:00,4252.07,4148.37,0.0
2025-01-07 02:00:00,4171.64,4008.89,0.0
2025-01-07 03:00:00,4128.75,3955.53,0.0
2025-01-07 04:00:00,4153.53,4018.33,0.0
2025-01-07 05:00:00,4277.9,4149.82,0.0
2025-01-07 06:00:00,4549.72,4414.2,0.01
2025-01-07 07:00:00,4987.63,4887.06,0.14
2025-01-07 08:00:00,5495.3,5407.61,8.89
2025-01-07 09:00:00,5538.0,5552.62,41.0
2025-01-07 10:00:00,5402.78,5418.32,79.39
2025-01-07 11:00:00,5255.79,5157.15,100.12
2025-01-07 12:00:00,5051.32,4944.81,96.71
2025-01-07 13:00:00,5308.3,5072.73,109.34
2025-01-07 14:00:00,5455.24,5276.2,115.82
2025-01-07 15:00:00,5493.39,5430.76,93.76
2025-01-07 16:00:00,5574.98,5561.02,94.4
2025-01-07 17:00:00,5547.47,5513.14,58.52
2025-01-07 18:00:00,5402.61,5388.45,32.27
2025-01-07 19:00:00,5229.57,5243.44,6.74
2025-01-07 20:00:00,5014.0,5042.63,1.79
2025-01-07 21:00:00,4835.05,4856.64,0.63
2025-01-07 22:00:00,4798.93,4819.57,0.15
2025-01-07 23:00:00,4739.16,4739.89,0.01
2025-01-08 00:00:00,4500.48,4507.95,0.0
2025-01-08 01:00:00,4326.36,4333.48,0.0
2025-01-08 02:00:00,4225.65,4223.76,0.0
2025-01-08 03:00:00,4184.85,4182.62,0.0
2025-01-08 04:00:00,4196.3,4167.81,0.0
2025-01-08 05:00:00,4327.07,4275.32,0.0
2025-01-08 06:00:00,4590.07,4581.0,0.01
2025-01-08 07:00:00,5009.5,4970.02,0.3
2025-01-08 08:00:00,5546.6,5403.3,23.18
2025-01-08 09:00:00,5691.11,5579.88,87.0
2025-01-08 10:00:00,5652.41,5565.86,155.42
2025-01-08 11:00:00,5522.71,5450.04,190.69
2025-01-08 12:00:00,5291.75,5277.17,196.96
2025-01-08 13:00:00,5489.63,5355.02,195.92
2025-01-08 14:00:00,5553.43,5516.73,162.81
2025-01-08 15:00:00,5558.97,5541.68,85.38
2025-01-08 16:00:00,5616.24,5581.2,91.13
2025-01-08 17:00:00,5567.32,5515.12,85.62
2025-01-08 18:00:00,5448.97,5427.96,81.31
2025-01-08 19:00:00,5306.73,5272.14,64.29
2025-01-08 20:00:00,5076.76,5078.97,25.64
2025-01-08 21:00:00,4888.31,4885.19,5.44
2025-01-08 22:00:00,4864.31,4846.47,1.25
2025-01-08 23:00:00,4809.46,4757.71,0.22
2025-01-09 00:00:00,4572.94,4512.43,0.01
2025-01-09 01:00:00,4421.1,4379.67,0.0
2025-01-09 02:00:00,4326.74,4265.13,0.0
2025-01-09 03:00:00,4294.57,4193.58,0.0
2025-01-09 04:00:00,4328.12,4198.71,0.0
2025-01-09 05:00:00,4441.7,4334.43,0.0
2025-01-09 06:00:00,4708.82,4604.26,0.01
2025-01-09 07:00:00,5126.48,5077.12,0.16
2025-01-09 08:00:00,5677.08,5560.59,7.91
2025-01-09 09:00:00,5836.12,5688.64,35.2
2025-01-09 10:00:00,5783.18,5681.88,45.94
2025-01-09 11:00:00,5661.59,5547.84,58.46
2025-01-09 12:00:00,5430.13,5339.59,80.84
2025-01-09 13:00:00,5625.71,5499.92,95.88
2025-01-09 14:00:00,5747.07,5562.3,63.2
2025-01-09 15:00:00,5833.68,5615.46,33.47
2025-01-09 16:00:00,5986.6,5731.79,55.55
2025-01-09 17:00:00,5929.48,5753.66,30.08
2025-01-09 18:00:00,5759.93,5652.74,10.33
2025-01-09 19:00:00,5592.84,5445.32,4.43
2025-01-09 20:00:00,5346.27,5235.99,1.95
2025-01-09 21:00:00,5133.54,5051.19,1.01
2025-01-09 22:00:00,5060.42,5027.49,0.34
2025-01-09 23:00:00,5012.55,4944.16,0.02
2025-01-10 00:00:00,4772.37,4693.22,0.0
2025-01-10 01:00:00,4603.34,4526.9,0.0
2025-01-10 02:00:00,4497.67,4404.46,0.0
2025-01-10 03:00:00,4435.35,4334.16,0.0
2025-01-10 04:00:00,4453.53,4371.39,0.0
2025-01-10 05:00:00,4569.66,4471.84,0.0
2025-01-10 06:00:00,4822.46,4718.11,0.01
2025-01-10 07:00:00,5248.89,5116.83,0.17
2025-01-10 08:00:00,5770.84,5606.48,8.83
2025-01-10 09:00:00,5886.44,5797.43,37.33
2025-01-10 10:00:00,5779.49,5776.22,74.03
2025-01-10 11:00:00,5560.88,5575.25,107.5
2025-01-10 12:00:00,5257.66,5320.6,147.63
2025-01-10 13:00:00,5370.77,5383.99,149.84
2025-01-10 14:00:00,5421.9,5421.21,141.27
2025-01-10 15:00:00,5550.46,5452.22,147.95
2025-01-10 16:00:00,5695.92,5582.17,114.83
2025-01-10 17:00:00,5670.8,5608.19,61.53
2025-01-10 18:00:00,5516.19,5547.93,44.23
2025-01-10 19:00:00,5350.73,5390.05,27.14
2025-01-10 20:00:00,5140.06,5189.53,8.39
2025-01-10 21:00:00,4961.15,4993.9,2.56
2025-01-10 22:00:00,4916.95,4962.07,1.19
2025-01-10 23:00:00,4870.05,4883.87,0.39
2025-01-11 00:00:00,4636.29,4712.21,0.07
2025-01-11 01:00:00,4465.31,4515.37,0.01
2025-01-11 02:00:00,4354.99,4364.35,0.0
2025-01-11 03:00:00,4287.64,4284.82,0.0
2025-01-11 04:00:00,4267.83,4272.14,0.0
2025-01-11 05:00:00,4316.81,4311.14,0.0
2025-01-11 06:00:00,4415.42,4374.98,0.01
2025-01-11 07:00:00,4546.98,4424.08,0.2
2025-01-11 08:00:00,4673.17,4480.15,10.66
2025-01-11 09:00:00,4632.88,4498.37,38.96
2025-01-11 10:00:00,4500.33,4459.5,79.81
2025-01-11 11:00:00,4362.26,4321.11,98.81
2025-01-11 12:00:00,4182.58,4145.18,97.25
2025-01-11 13:00:00,4225.91,4153.65,76.18
2025-01-11 14:00:00,4291.44,4201.98,52.9
2025-01-11 15:00:00,4428.61,4310.1,39.68
2025-01-11 16:00:00,4623.53,4486.97,84.07
2025-01-11 17:00:00,4723.88,4638.01,42.08
2025-01-11 18:00:00,4753.99,4714.28,16.08
2025-01-11 19:00:00,4688.16,4694.8,6.16
2025-01-11 20:00:00,4600.65,4597.81,2.74
2025-01-11 21:00:00,4509.68,4475.52,1.15
2025-01-11 22:00:00,4551.79,4484.68,0.5
2025-01-11 23:00:00,4578.42,4489.63,0.12
2025-01-12 00:00:00,4372.2,4387.55,0.01
2025-01-12 01:00:00,4206.82,4239.62,0.0
2025-01-12 02:00:00,4100.63,4106.22,0.0
2025-01-12 03:00:00,4029.49,4029.87,0.0
2025-01-12 04:00:00,4032.3,4034.6,0.0
2025-01-12 05:00:00,4070.49,4084.55,0.0
2025-01-12 06:00:00,4145.56,4165.94,0.01
2025-01-12 07:00:00,4221.47,4237.5,0.2
2025-01-12 08:00:00,4256.91,4217.16,18.11
2025-01-12 09:00:00,4136.1,4092.86,72.87
2025-01-12 10:00:00,4028.73,3999.07,133.87
2025-01-12 11:00:00,3888.19,3914.42,177.4
2025-01-12 12:00:00,3805.88,3762.62,198.01
2025-01-12 13:00:00,3822.15,3792.26,195.45
2025-01-12 14:00:00,3912.33,3847.0,185.46
2025-01-12 15:00:00,4061.17,3923.75,150.49
2025-01-12 16:00:00,4314.33,4145.46,126.34
2025-01-12 17:00:00,4564.53,4366.64,89.29
2025-01-12 18:00:00,4668.53,4480.94,80.11
2025-01-12 19:00:00,4630.09,4492.62,66.51
2025-01-12 20:00:00,4528.52,4445.14,30.92
2025-01-12 21:00:00,4408.63,4369.8,6.49
2025-01-12 22:00:00,4360.11,4388.62,2.11
2025-01-12 23:00:00,4328.04,4311.64,0.45
2025-01-13 00:00:00,4155.92,4116.04,0.04
2025-01-13 01:00:00,4019.29,4003.78,0.0
2025-01-13 02:00:00,3937.88,3932.82,0.0
2025-01-13 03:00:00,3909.31,3905.45,0.0
2025-01-13 04:00:00,3948.93,3955.67,0.0
2025-01-13 05:00:00,4109.26,4066.41,0.0
2025-01-13 06:00:00,4419.8,4256.06,0.01
2025-01-13 07:00:00,4926.57,4761.02,0.35
2025-01-13 08:00:00,5504.54,5377.05,23.7
2025-01-13 09:00:00,5673.43,5546.98,96.72
2025-01-13 10:00:00,5579.33,5453.35,151.57
2025-01-13 11:00:00,5371.32,5314.07,185.83
2025-01-13 12:00:00,5050.54,5058.12,191.21
2025-01-13 13:00:00,5238.93,5137.11,178.2
2025-01-13 14:00:00,5355.35,5206.49,147.04
2025-01-13 15:00:00,5486.84,5292.53,147.62
2025-01-13 16:00:00,5606.03,5458.33,133.42
2025-01-13 17:00:00,5559.53,5447.92,93.33
2025-01-13 18:00:00,5423.82,5343.19,85.32
2025-01-13 19:00:00,5260.73,5162.4,60.86
2025-01-13 20:00:00,5001.28,4965.5,16.08
2025-01-13 21:00:00,4814.28,4805.63,4.44
2025-01-13 22:00:00,4778.85,4801.32,1.58
2025-01-13 23:00:00,4713.75,4745.57,0.43
2025-01-14 00:00:00,4464.72,4526.49,0.07
2025-01-14 01:00:00,4296.87,4351.78,0.01
2025-01-14 02:00:00,4193.42,4274.76,0.0
2025-01-14 03:00:00,4139.21,4239.49,0.0
2025-01-14 04:00:00,4157.06,4253.93,0.0
2025-01-14 05:00:00,4275.94,4347.14,0.0
2025-01-14 06:00:00,4522.0,4630.51,0.01
2025-01-14 07:00:00,4915.7,4989.84,0.33
2025-01-14 08:00:00,5413.19,5424.44,21.46
2025-01-14 09:00:00,5556.28,5446.49,74.71
2025-01-14 10:00:00,5448.37,5399.56,135.25
2025-01-14 11:00:00,5222.96,5264.66,169.62
2025-01-14 12:00:00,4946.76,4972.42,183.29
2025-01-14 13:00:00,5112.87,5061.35,181.55
2025-01-14 14:00:00,5205.35,5194.02,163.2
2025-01-14 15:00:00,5294.37,5286.67,132.1
2025-01-14 16:00:00,5422.42,5379.75,121.13
2025-01-14 17:00:00,5431.19,5345.02,92.5
2025-01-14 18:00:00,5333.65,5285.63,85.91
2025-01-14 19:00:00,5191.76,5135.04,68.92
2025-01-14 20:00:00,4946.89,4922.38,21.78
2025-01-14 21:00:00,4750.86,4773.71,4.13
2025-01-14 22:00:00,4733.02,4737.28,1.46
2025-01-14 23:00:00,4681.89,4670.28,0.35
2025-01-15 00:00:00,4443.27,4468.1,0.07
2025-01-15 01:00:00,4275.09,4292.17,0.01
2025-01-15 02:00:00,4175.44,4167.03,0.0
2025-01-15 03:00:00,4133.13,4153.95,0.0
2025-01-15 04:00:00,4180.93,4185.04,0.0
2025-01-15 05:00:00,4317.85,4285.19,0.0
2025-01-15 06:00:00,4591.84,4543.18,0.01
2025-01-15 07:00:00,5007.19,4965.72,0.21
2025-01-15 08:00:00,5476.14,5427.32,18.57
2025-01-15 09:00:00,5472.39,5502.42,67.0
2025-01-15 10:00:00,5361.57,5312.6,121.68
2025-01-15 11:00:00,5169.92,5132.01,162.49
2025-01-15 12:00:00,4907.28,4902.25,171.6
2025-01-15 13:00:00,5066.84,5057.05,152.71
2025-01-15 14:00:00,5139.11,5145.0,112.84
2025-01-15 15:00:00,5262.31,5262.61,87.41
2025-01-15 16:00:00,5465.38,5371.42,108.44
2025-01-15 17:00:00,5539.14,5421.03,87.71
2025-01-15 18:00:00,5439.26,5420.76,63.95
2025-01-15 19:00:00,5275.23,5291.46,26.51
2025-01-15 20:00:00,5055.26,5103.22,5.39
2025-01-15 21:00:00,4883.07,4916.51,1.96
2025-01-15 22:00:00,4843.11,4888.71,0.71
2025-01-15 23:00:00,4793.53,4819.22,0.24
2025-01-16 00:00:00,4539.9,4594.36,0.05
2025-01-16 01:00:00,4375.48,4418.45,0.02
2025-01-16 02:00:00,4277.65,4333.96,0.01
2025-01-16 03:00:00,4214.28,4315.13,0.0
2025-01-16 04:00:00,4223.43,4297.61,0.0
2025-01-16 05:00:00,4336.1,4409.6,0.0
2025-01-16 06:00:00,4587.78,4632.17,0.01
2025-01-16 07:00:00,4982.71,5000.44,0.19
2025-01-16 08:00:00,5503.24,5381.38,14.28
2025-01-16 09:00:00,5693.04,5512.38,75.66
2025-01-16 10:00:00,5679.35,5454.6,167.51
2025-01-16 11:00:00,5465.7,5399.38,191.87
2025-01-16 12:00:00,5178.0,5141.67,186.78
2025-01-16 13:00:00,5338.55,5234.83,181.05
2025-01-16 14:00:00,5371.39,5286.9,158.44
2025-01-16 15:00:00,5377.12,5278.29,125.53
2025-01-16 16:00:00,5440.41,5334.02,120.75
2025-01-16 17:00:00,5465.43,5275.45,91.43
2025-01-16 18:00:00,5379.57,5183.05,84.43
2025-01-16 19:00:00,5240.74,5049.91,62.9
2025-01-16 20:00:00,5001.66,4905.85,16.06
2025-01-16 21:00:00,4821.01,4718.88,3.79
2025-01-16 22:00:00,4800.92,4726.54,1.41
2025-01-16 23:00:00,4754.15,4723.56,0.35
2025-01-17 00:00:00,4514.17,4483.93,0.03
2025-01-17 01:00:00,4347.34,4301.92,0.0
2025-01-17 02:00:00,4237.42,4203.2,0.0
2025-01-17 03:00:00,4188.64,4157.33,0.0
2025-01-17 04:00:00,4212.45,4193.86,0.0
2025-01-17 05:00:00,4333.02,4298.15,0.0
2025-01-17 06:00:00,4575.1,4552.07,0.01
2025-01-17 07:00:00,4959.21,4943.49,0.49
2025-01-17 08:00:00,5424.89,5334.66,29.44
2025-01-17 09:00:00,5447.87,5423.45,105.98
2025-01-17 10:00:00,5267.12,5340.7,177.09
2025-01-17 11:00:00,5017.28,5104.05,221.63
2025-01-17 12:00:00,4709.54,4817.48,246.98
2025-01-17 13:00:00,4866.68,4792.73,275.63
2025-01-17 14:00:00,4987.84,4894.85,285.57
2025-01-17 15:00:00,5062.89,4974.82,219.44
2025-01-17 16:00:00,5204.19,5120.19,154.44
2025-01-17 17:00:00,5232.04,5179.37,95.99
2025-01-17 18:00:00,5180.85,5121.76,86.38
2025-01-17 19:00:00,5103.85,5029.98,74.83
2025-01-17 20:00:00,4933.81,4898.62,43.81
2025-01-17 21:00:00,4760.16,4747.37,14.41
2025-01-17 22:00:00,4730.28,4727.37,1.92
2025-01-17 23:00:00,4698.07,4663.47,0.51
2025-01-18 00:00:00,4452.7,4500.95,0.08
2025-01-18 01:00:00,4276.34,4300.95,0.01
2025-01-18 02:00:00,4173.74,4140.41,0.0
2025-01-18 03:00:00,4118.88,4067.73,0.0
2025-01-18 04:00:00,4119.2,4070.95,0.0
2025-01-18 05:00:00,4181.19,4126.55,0.0
2025-01-18 06:00:00,4294.58,4183.74,0.01
2025-01-18 07:00:00,4428.43,4277.5,0.79
2025-01-18 08:00:00,4519.24,4321.25,29.29
2025-01-18 09:00:00,4382.56,4301.45,82.04
2025-01-18 10:00:00,4239.8,4197.82,134.07
2025-01-18 11:00:00,4082.31,4041.78,186.67
2025-01-18 12:00:00,3891.57,3858.21,189.61
2025-01-18 13:00:00,3947.93,3893.16,162.21
2025-01-18 14:00:00,4054.32,3976.06,141.68
2025-01-18 15:00:00,4199.96,4094.92,110.96
2025-01-18 16:00:00,4375.02,4297.39,116.99
2025-01-18 17:00:00,4505.03,4431.71,92.36
2025-01-18 18:00:00,4584.54,4481.16,85.1
2025-01-18 19:00:00,4541.62,4496.5,65.86
2025-01-18 20:00:00,4418.86,4392.16,15.35
2025-01-18 21:00:00,4330.58,4292.85,3.84
2025-01-18 22:00:00,4376.19,4365.22,1.39
2025-01-18 23:00:00,4366.84,4358.82,0.28
2025-01-19 00:00:00,4159.13,4161.5,0.04
2025-01-19 01:00:00,3992.35,3990.41,0.0
2025-01-19 02:00:00,3887.73,3857.6,0.0
2025-01-19 03:00:00,3837.44,3817.7,0.0
2025-01-19 04:00:00,3833.85,3839.82,0.0
2025-01-19 05:00:00,3873.93,3906.22,0.0
2025-01-19 06:00:00,3950.84,3987.18,0.01
2025-01-19 07:00:00,4024.1,4037.06,0.69
2025-01-19 08:00:00,4049.43,4002.18,32.76
2025-01-19 09:00:00,3959.44,3857.18,101.6
2025-01-19 10:00:00,3848.88,3803.03,158.43
2025-01-19 11:00:00,3743.34,3708.83,181.44
2025-01-19 12:00:00,3649.44,3586.5,167.51
2025-01-19 13:00:00,3640.82,3651.04,152.16
2025-01-19 14:00:00,3699.9,3639.9,148.27
2025-01-19 15:00:00,3875.49,3772.91,152.54
2025-01-19 16:00:00,4081.01,4070.78,140.71
2025-01-19 17:00:00,4291.31,4297.76,95.47
2025-01-19 18:00:00,4438.11,4423.19,85.47
2025-01-19 19:00:00,4400.08,4413.48,51.43
2025-01-19 20:00:00,4304.15,4321.13,16.45
2025-01-19 21:00:00,4225.42,4223.25,3.82
2025-01-19 22:00:00,4184.71,4228.49,1.29
2025-01-19 23:00:00,4154.81,4188.46,0.36
2025-01-20 00:00:00,3975.94,3961.87,0.07
2025-01-20 01:00:00,3827.51,3823.17,0.01
2025-01-20 02:00:00,3742.3,3733.66,0.0
2025-01-20 03:00:00,3719.55,3755.31,0.0
2025-01-20 04:00:00,3771.47,3830.82,0.0
2025-01-20 05:00:00,3931.73,3921.0,0.0
2025-01-20 06:00:00,4244.62,4213.92,0.01
2025-01-20 07:00:00,4716.75,4779.53,0.29
2025-01-20 08:00:00,5289.16,5310.64,19.84
2025-01-20 09:00:00,5437.84,5427.19,70.63
2025-01-20 10:00:00,5348.3,5276.34,128.87
2025-01-20 11:00:00,5166.93,5085.97,159.82
2025-01-20 12:00:00,4915.84,4821.7,178.85
2025-01-20 13:00:00,5076.24,5009.3,183.95
2025-01-20 14:00:00,5135.07,5112.04,167.53
2025-01-20 15:00:00,5215.77,5147.61,148.76
2025-01-20 16:00:00,5293.66,5276.63,131.0
2025-01-20 17:00:00,5283.21,5246.74,94.12
2025-01-20 18:00:00,5237.83,5159.63,83.93
2025-01-20 19:00:00,5129.32,5038.0,64.28
2025-01-20 20:00:00,4898.85,4826.3,16.17
2025-01-20 21:00:00,4715.8,4694.99,3.79
2025-01-20 22:00:00,4685.25,4703.18,1.29
2025-01-20 23:00:00,4628.1,4636.09,0.24
2025-01-21 00:00:00,4385.47,4381.81,0.01
2025-01-21 01:00:00,4222.78,4216.78,0.0
2025-01-21 02:00:00,4124.96,4145.21,0.0
2025-01-21 03:00:00,4092.26,4134.26,0.0
2025-01-21 04:00:00,4110.31,4157.79,0.0
2025-01-21 05:00:00,4227.22,4267.6,0.0
2025-01-21 06:00:00,4479.17,4519.09,0.01
2025-01-21 07:00:00,4874.47,4891.12,0.56
2025-01-21 08:00:00,5335.4,5347.1,27.31
2025-01-21 09:00:00,5431.32,5361.82,91.31
2025-01-21 10:00:00,5296.26,5251.79,153.99
2025-01-21 11:00:00,5071.92,5069.87,196.11
2025-01-21 12:00:00,4750.17,4806.24,220.92
2025-01-21 13:00:00,4882.02,4948.32,233.04
2025-01-21 14:00:00,4981.53,5030.42,242.19
2025-01-21 15:00:00,5075.4,5070.43,197.76
2025-01-21 16:00:00,5191.09,5188.48,149.58
2025-01-21 17:00:00,5223.71,5207.44,97.0
2025-01-21 18:00:00,5205.84,5178.26,86.13
2025-01-21 19:00:00,5105.95,5026.28,74.45
2025-01-21 20:00:00,4908.05,4862.35,42.11
2025-01-21 21:00:00,4718.26,4689.86,12.78
2025-01-21 22:00:00,4689.58,4672.36,1.89
2025-01-21 23:00:00,4630.87,4612.56,0.53
2025-01-22 00:00:00,4388.11,4353.27,0.1
2025-01-22 01:00:00,4215.27,4192.57,0.01
2025-01-22 02:00:00,4117.24,4080.98,0.0
2025-01-22 03:00:00,4074.67,4058.22,0.0
2025-01-22 04:00:00,4101.68,4100.19,0.0
2025-01-22 05:00:00,4217.28,4197.28,0.0
2025-01-22 06:00:00,4465.11,4464.03,0.01
2025-01-22 07:00:00,4839.05,4862.76,0.64
2025-01-22 08:00:00,5270.9,5284.94,26.43
2025-01-22 09:00:00,5355.3,5309.86,73.43
2025-01-22 10:00:00,5241.59,5185.45,110.31
2025-01-22 11:00:00,5021.0,5029.37,124.39
2025-01-22 12:00:00,4695.21,4732.62,113.06
2025-01-22 13:00:00,4842.82,4859.72,87.06
2025-01-22 14:00:00,4930.51,4945.41,76.74
2025-01-22 15:00:00,5017.18,5048.87,67.55
2025-01-22 16:00:00,5140.17,5182.49,107.04
2025-01-22 17:00:00,5146.84,5177.49,89.19
2025-01-22 18:00:00,5087.71,5126.84,45.1
2025-01-22 19:00:00,4960.22,5018.73,6.01
2025-01-22 20:00:00,4815.34,4825.48,3.08
2025-01-22 21:00:00,4664.04,4675.49,1.0
2025-01-22 22:00:00,4656.72,4673.67,0.16
2025-01-22 23:00:00,4599.3,4644.76,0.01
2025-01-23 00:00:00,4367.09,4393.99,0.0
2025-01-23 01:00:00,4201.2,4235.04,0.0
2025-01-23 02:00:00,4118.29,4148.52,0.0
2025-01-23 03:00:00,4075.78,4133.6,0.0
2025-01-23 04:00:00,4110.9,4132.05,0.0
2025-01-23 05:00:00,4238.99,4255.8,0.0
2025-01-23 06:00:00,4493.75,4483.01,0.01
2025-01-23 07:00:00,4872.26,4858.97,0.44
2025-01-23 08:00:00,5304.68,5202.72,24.19
2025-01-23 09:00:00,5310.11,5263.74,81.86
2025-01-23 10:00:00,5118.06,5068.23,143.12
2025-01-23 11:00:00,4846.53,4821.58,188.01
2025-01-23 12:00:00,4520.31,4489.3,210.9
2025-01-23 13:00:00,4653.69,4573.81,213.76
2025-01-23 14:00:00,4745.78,4664.83,215.55
2025-01-23 15:00:00,4847.07,4746.13,176.91
2025-01-23 16:00:00,5018.62,4908.08,140.85
2025-01-23 17:00:00,5099.21,4946.23,95.7
2025-01-23 18:00:00,5106.02,4936.93,85.7
2025-01-23 19:00:00,5045.47,4840.54,73.08
2025-01-23 20:00:00,4865.23,4705.08,35.98
2025-01-23 21:00:00,4692.56,4595.04,9.18
2025-01-23 22:00:00,4684.52,4563.68,1.73
2025-01-23 23:00:00,4642.8,4520.21,0.42
2025-01-24 00:00:00,4402.8,4281.78,0.08
2025-01-24 01:00:00,4228.48,4113.31,0.01
2025-01-24 02:00:00,4126.53,4018.67,0.0
2025-01-24 03:00:00,4090.24,3962.54,0.0
2025-01-24 04:00:00,4113.64,4002.6,0.0
2025-01-24 05:00:00,4241.67,4135.1,0.0
2025-01-24 06:00:00,4489.7,4403.5,0.01
2025-01-24 07:00:00,4865.34,4840.32,0.71
2025-01-24 08:00:00,5243.58,5289.8,30.56
2025-01-24 09:00:00,5144.11,5317.88,104.96
2025-01-24 10:00:00,4924.63,5039.94,167.43
2025-01-24 11:00:00,4672.75,4721.92,206.0
2025-01-24 12:00:00,4391.25,4417.69,227.65
2025-01-24 13:00:00,4531.44,4497.31,246.81
2025-01-24 14:00:00,4621.66,4618.71,252.35
2025-01-24 15:00:00,4677.82,4691.6,187.01
2025-01-24 16:00:00,4760.76,4842.83,134.34
2025-01-24 17:00:00,4808.52,4891.94,93.43
2025-01-24 18:00:00,4837.51,4851.79,85.35
2025-01-24 19:00:00,4793.83,4790.93,69.91
2025-01-24 20:00:00,4652.91,4676.81,30.94
2025-01-24 21:00:00,4507.61,4528.85,9.29
2025-01-24 22:00:00,4522.36,4537.66,2.79
2025-01-24 23:00:00,4491.34,4491.54,0.54
2025-01-25 00:00:00,4261.74,4263.2,0.12
2025-01-25 01:00:00,4090.31,4090.83,0.01
2025-01-25 02:00:00,3982.93,3956.09,0.0
2025-01-25 03:00:00,3923.43,3882.98,0.0
2025-01-25 04:00:00,3931.41,3862.64,0.0
2025-01-25 05:00:00,3990.52,3933.06,0.0
2025-01-25 06:00:00,4087.5,4019.6,0.01
2025-01-25 07:00:00,4188.43,4079.41,0.83
2025-01-25 08:00:00,4239.43,4097.89,32.93
2025-01-25 09:00:00,4115.38,4063.77,111.4
2025-01-25 10:00:00,4010.29,3962.61,178.47
2025-01-25 11:00:00,3875.65,3833.12,218.35
2025-01-25 12:00:00,3733.8,3693.73,242.32
2025-01-25 13:00:00,3805.44,3736.54,268.2
2025-01-25 14:00:00,3903.21,3810.11,257.81
2025-01-25 15:00:00,3989.2,3930.7,186.55
2025-01-25 16:00:00,4132.22,4101.42,144.19
2025-01-25 17:00:00,4264.19,4244.2,97.71
2025-01-25 18:00:00,4362.96,4306.77,85.19
2025-01-25 19:00:00,4335.93,4334.45,74.44
2025-01-25 20:00:00,4242.8,4255.98,42.05
2025-01-25 21:00:00,4121.34,4151.6,11.55
2025-01-25 22:00:00,4165.92,4191.56,1.92
2025-01-25 23:00:00,4151.22,4188.02,0.5
2025-01-26 00:00:00,3937.37,3984.56,0.08
2025-01-26 01:00:00,3780.37,3811.61,0.01
2025-01-26 02:00:00,3672.99,3706.67,0.0
2025-01-26 03:00:00,3622.91,3653.46,0.0
2025-01-26 04:00:00,3628.4,3661.74,0.0
2025-01-26 05:00:00,3686.53,3688.18,0.0
2025-01-26 06:00:00,3771.67,3781.7,0.01
2025-01-26 07:00:00,3842.14,3860.97,0.78
2025-01-26 08:00:00,3848.67,3826.47,26.2
2025-01-26 09:00:00,3729.38,3758.86,73.19
2025-01-26 10:00:00,3647.98,3665.72,97.33
2025-01-26 11:00:00,3605.24,3544.92,85.77
2025-01-26 12:00:00,3673.76,3499.37,73.61
2025-01-26 13:00:00,3758.17,3709.28,54.12
2025-01-26 14:00:00,3823.21,3802.84,44.94
2025-01-26 15:00:00,3887.08,3912.38,47.48
2025-01-26 16:00:00,4026.57,4075.76,101.96
2025-01-26 17:00:00,4135.7,4221.99,62.01
2025-01-26 18:00:00,4196.5,4279.15,10.4
2025-01-26 19:00:00,4158.87,4210.21,3.77
2025-01-26 20:00:00,4100.74,4135.18,1.29
2025-01-26 21:00:00,4034.13,4058.21,0.19
2025-01-26 22:00:00,4016.03,4071.82,0.02
2025-01-26 23:00:00,4004.84,4035.49,0.0
2025-01-27 00:00:00,3826.33,3856.18,0.0
2025-01-27 01:00:00,3670.12,3740.43,0.0
2025-01-27 02:00:00,3563.6,3647.42,0.0
2025-01-27 03:00:00,3513.18,3576.4,0.0
2025-01-27 04:00:00,3519.98,3574.1,0.0
2025-01-27 05:00:00,3586.55,3684.47,0.0
2025-01-27 06:00:00,3677.18,3880.79,0.0
2025-01-27 07:00:00,3772.31,4095.29,0.06
2025-01-27 08:00:00,3884.97,3955.32,5.68
2025-01-27 09:00:00,3968.49,3768.77,34.73
2025-01-27 10:00:00,4053.7,3844.05,103.72
2025-01-27 11:00:00,3995.41,3899.6,159.86
2025-01-27 12:00:00,3904.03,3845.64,171.93
2025-01-27 13:00:00,3839.21,3953.61,147.58
2025-01-27 14:00:00,3797.8,3883.52,135.93
2025-01-27 15:00:00,3882.04,3879.45,119.73
2025-01-27 16:00:00,4033.39,4067.06,127.16
2025-01-27 17:00:00,4160.35,4190.95,85.22
2025-01-27 18:00:00,4265.3,4256.49,73.97
2025-01-27 19:00:00,4215.71,4221.99,43.61
2025-01-27 20:00:00,4102.5,4124.52,11.15
2025-01-27 21:00:00,4008.64,3996.75,2.17
2025-01-27 22:00:00,4061.63,4005.46,0.36
2025-01-27 23:00:00,4059.71,4002.09,0.01
2025-01-28 00:00:00,3871.32,3790.33,0.0
2025-01-28 01:00:00,3715.76,3676.13,0.0
2025-01-28 02:00:00,3605.45,3582.66,0.0
2025-01-28 03:00:00,3547.38,3584.23,0.0
2025-01-28 04:00:00,3549.74,3619.24,0.0
2025-01-28 05:00:00,3584.65,3711.6,0.0
2025-01-28 06:00:00,3645.73,3833.75,0.01
2025-01-28 07:00:00,3684.62,3940.48,0.19
2025-01-28 08:00:00,3712.81,3858.65,7.91
2025-01-28 09:00:00,3729.54,3671.74,41.24
2025-01-28 10:00:00,3792.77,3659.0,89.44
2025-01-28 11:00:00,3809.49,3696.75,125.58
2025-01-28 12:00:00,3772.2,3668.49,136.09
2025-01-28 13:00:00,3731.29,3765.46,132.78
2025-01-28 14:00:00,3742.76,3753.3,131.23
2025-01-28 15:00:00,3788.6,3781.1,128.49
2025-01-28 16:00:00,3904.86,3929.87,118.74
2025-01-28 17:00:00,4022.82,4061.31,79.12
2025-01-28 18:00:00,4097.22,4101.74,46.61
2025-01-28 19:00:00,4045.23,4065.88,18.03
2025-01-28 20:00:00,3974.44,3942.21,3.87
2025-01-28 21:00:00,3910.72,3840.72,1.29
2025-01-28 22:00:00,3904.43,3886.99,0.42
2025-01-28 23:00:00,3915.04,3848.84,0.04
2025-01-29 00:00:00,3755.84,3707.93,0.0
2025-01-29 01:00:00,3605.84,3581.31,0.0
2025-01-29 02:00:00,3504.49,3435.76,0.0
2025-01-29 03:00:00,3450.21,3380.66,0.0
2025-01-29 04:00:00,3449.1,3408.15,0.0
2025-01-29 05:00:00,3493.24,3480.72,0.0
2025-01-29 06:00:00,3563.61,3614.13,0.01
2025-01-29 07:00:00,3629.59,3762.49,0.34
2025-01-29 08:00:00,3607.13,3853.45,15.54
2025-01-29 09:00:00,3457.09,3743.88,40.42
2025-01-29 10:00:00,3372.27,3581.48,60.55
2025-01-29 11:00:00,3314.56,3413.72,91.96
2025-01-29 12:00:00,3281.12,3286.98,107.44
2025-01-29 13:00:00,3264.3,3307.99,136.98
2025-01-29 14:00:00,3262.68,3335.04,121.09
2025-01-29 15:00:00,3351.22,3389.81,121.95
2025-01-29 16:00:00,3559.66,3564.12,124.36
2025-01-29 17:00:00,3771.0,3772.99,81.86
2025-01-29 18:00:00,3914.88,3892.94,37.87
2025-01-29 19:00:00,3897.55,3926.37,8.05
2025-01-29 20:00:00,3873.39,3859.57,1.94
2025-01-29 21:00:00,3850.35,3817.63,0.68
2025-01-29 22:00:00,3871.82,3842.61,0.11
2025-01-29 23:00:00,3903.69,3830.61,0.0
2025-01-30 00:00:00,3756.76,3697.65,0.0
2025-01-30 01:00:00,3619.37,3577.29,0.0
2025-01-30 02:00:00,3521.03,3477.13,0.0
2025-01-30 03:00:00,3477.61,3401.83,0.0
2025-01-30 04:00:00,3469.63,3423.4,0.0
2025-01-30 05:00:00,3512.01,3537.0,0.0
2025-01-30 06:00:00,3578.06,3690.15,0.01
2025-01-30 07:00:00,3633.81,3880.08,0.77
2025-01-30 08:00:00,3657.38,3984.1,28.72
2025-01-30 09:00:00,3611.9,3857.99,107.28
2025-01-30 10:00:00,3589.79,3719.86,165.6
2025-01-30 11:00:00,3518.62,3633.16,204.28
2025-01-30 12:00:00,3458.58,3539.56,236.58
2025-01-30 13:00:00,3452.03,3568.72,247.16
2025-01-30 14:00:00,3525.15,3589.67,260.97
2025-01-30 15:00:00,3619.47,3658.55,205.29
2025-01-30 16:00:00,3825.64,3829.02,163.44
2025-01-30 17:00:00,4049.08,3978.37,98.12
2025-01-30 18:00:00,4212.72,4120.44,81.15
2025-01-30 19:00:00,4207.12,4213.95,73.6
2025-01-30 20:00:00,4123.47,4177.17,42.78
2025-01-30 21:00:00,4005.66,4097.79,13.32
2025-01-30 22:00:00,3972.58,4040.79,1.68
2025-01-30 23:00:00,3955.82,3977.4,0.35
2025-01-31 00:00:00,3786.0,3829.52,0.02
2025-01-31 01:00:00,3629.77,3695.07,0.0
2025-01-31 02:00:00,3529.66,3577.64,0.0
2025-01-31 03:00:00,3487.29,3489.03,0.0
2025-01-31 04:00:00,3513.64,3473.28,0.0
2025-01-31 05:00:00,3616.76,3563.18,0.0
2025-01-31 06:00:00,3823.26,3767.26,0.0
2025-01-31 07:00:00,4137.33,4049.12,0.6
2025-01-31 08:00:00,4532.84,4381.27,17.91
2025-01-31 09:00:00,4688.7,4677.36,28.48
2025-01-31 10:00:00,4719.41,4774.07,43.68
2025-01-31 11:00:00,4690.74,4699.04,67.2
2025-01-31 12:00:00,4621.41,4582.09,69.93
2025-01-31 13:00:00,4718.19,4634.91,68.23
2025-01-31 14:00:00,4701.45,4724.02,71.7
2025-01-31 15:00:00,4682.94,4744.85,66.98
2025-01-31 16:00:00,4745.48,4768.95,89.57
2025-01-31 17:00:00,4699.78,4725.74,35.7
2025-01-31 18:00:00,4591.6,4635.37,3.37
2025-01-31 19:00:00,4493.61,4505.92,1.57
2025-01-31 20:00:00,4344.48,4372.93,0.41
2025-01-31 21:00:00,4198.12,4242.94,0.12
2025-01-31 22:00:00,4203.52,4154.9,0.03
2025-01-31 23:00:00,4180.81,4093.22,0.01
2025-02-01 00:00:00,3674.27,3949.68,0.0
2025-02-01 01:00:00,3516.15,3627.25,0.0
2025-02-01 02:00:00,3425.25,3485.7,0.0
2025-02-01 03:00:00,3374.96,3439.78,0.0
2025-02-01 04:00:00,3373.93,3464.51,0.0
2025-02-01 05:00:00,3429.0,3521.79,0.0
2025-02-01 06:00:00,3519.72,3628.34,0.0
2025-02-01 07:00:00,3623.32,3746.1,0.0
2025-02-01 08:00:00,3765.15,3846.63,1.44
2025-02-01 09:00:00,3920.77,3853.55,8.06
2025-02-01 10:00:00,4040.96,3920.04,17.7
2025-02-01 11:00:00,4020.46,3999.19,22.31
2025-02-01 12:00:00,3881.37,3902.8,32.75
2025-02-01 13:00:00,3802.33,3923.1,46.72
2025-02-01 14:00:00,3705.43,3898.79,55.48
2025-02-01 15:00:00,3694.0,3837.0,53.68
2025-02-01 16:00:00,3831.52,3886.4,87.41
2025-02-01 17:00:00,3900.45,3927.88,10.8
2025-02-01 18:00:00,3992.33,3922.18,1.25
2025-02-01 19:00:00,3956.5,3963.55,0.29
2025-02-01 20:00:00,3893.51,3902.38,0.05
2025-02-01 21:00:00,3818.97,3777.24,0.0
2025-02-01 22:00:00,3875.43,3752.79,0.0
2025-02-01 23:00:00,3867.44,3789.17,0.0
2025-02-02 00:00:00,3680.39,3746.62,0.0
2025-02-02 01:00:00,3535.57,3621.44,0.0
2025-02-02 02:00:00,3428.58,3475.16,0.0
2025-02-02 03:00:00,3381.2,3400.83,0.0
2025-02-02 04:00:00,3388.76,3380.28,0.0
2025-02-02 05:00:00,3433.85,3371.53,0.0
2025-02-02 06:00:00,3509.92,3410.09,0.01
2025-02-02 07:00:00,3575.28,3463.91,0.86
2025-02-02 08:00:00,3611.12,3523.43,26.11
2025-02-02 09:00:00,3560.88,3522.48,54.23
2025-02-02 10:00:00,3521.43,3477.67,93.28
2025-02-02 11:00:00,3376.41,3466.73,190.98
2025-02-02 12:00:00,3181.75,3352.58,194.15
2025-02-02 13:00:00,3130.4,3268.74,144.56
2025-02-02 14:00:00,3250.16,3256.67,140.68
2025-02-02 15:00:00,3496.77,3345.17,210.04
2025-02-02 16:00:00,3687.86,3587.07,152.29
2025-02-02 17:00:00,3891.58,3833.51,98.09
2025-02-02 18:00:00,4052.92,4008.73,84.72
2025-02-02 19:00:00,4021.44,4083.98,57.78
2025-02-02 20:00:00,3925.18,4024.6,10.54
2025-02-02 21:00:00,3836.96,3896.92,3.41
2025-02-02 22:00:00,3803.39,3827.07,1.0
2025-02-02 23:00:00,3773.71,3795.56,0.19
2025-02-03 00:00:00,3604.17,3693.93,0.04
2025-02-03 01:00:00,3463.26,3545.38,0.0
2025-02-03 02:00:00,3385.19,3424.97,0.0
2025-02-03 03:00:00,3367.22,3380.25,0.0
2025-02-03 04:00:00,3420.41,3401.67,0.0
2025-02-03 05:00:00,3572.19,3497.14,0.0
2025-02-03 06:00:00,3860.67,3704.53,0.01
2025-02-03 07:00:00,4319.76,4011.85,0.81
2025-02-03 08:00:00,4827.62,4453.99,27.82
2025-02-03 09:00:00,4890.32,4807.76,85.01
2025-02-03 10:00:00,4774.3,4803.09,136.5
2025-02-03 11:00:00,4612.49,4614.92,180.62
2025-02-03 12:00:00,4368.63,4379.45,181.36
2025-02-03 13:00:00,4528.56,4284.34,178.14
2025-02-03 14:00:00,4636.32,4438.0,162.4
2025-02-03 15:00:00,4783.5,4571.92,143.82
2025-02-03 16:00:00,4990.51,4740.42,132.43
2025-02-03 17:00:00,5069.24,4835.5,95.93
2025-02-03 18:00:00,5039.69,4852.84,83.63
2025-02-03 19:00:00,4904.18,4743.47,46.46
2025-02-03 20:00:00,4689.18,4557.93,14.1
2025-02-03 21:00:00,4512.1,4402.05,3.2
2025-02-03 22:00:00,4467.57,4348.8,1.21
2025-02-03 23:00:00,4419.52,4316.3,0.3
2025-02-04 00:00:00,4197.05,4140.72,0.04
2025-02-04 01:00:00,4052.38,3989.77,0.0
2025-02-04 02:00:00,3966.02,3893.32,0.0
2025-02-04 03:00:00,3928.2,3857.51,0.0
2025-02-04 04:00:00,3948.23,3857.85,0.0
2025-02-04 05:00:00,4059.46,3912.17,0.0
2025-02-04 06:00:00,4315.02,4108.42,0.01
2025-02-04 07:00:00,4721.48,4398.23,0.4
2025-02-04 08:00:00,5181.77,4748.64,10.82
2025-02-04 09:00:00,5255.77,5015.46,31.93
2025-02-04 10:00:00,5147.46,5001.58,47.62
2025-02-04 11:00:00,4988.63,4817.15,69.54
2025-02-04 12:00:00,4743.72,4575.46,90.06
2025-02-04 13:00:00,4912.94,4564.86,109.68
2025-02-04 14:00:00,4967.26,4723.04,86.12
2025-02-04 15:00:00,5069.55,4805.55,92.74
2025-02-04 16:00:00,5221.27,4937.76,97.1
2025-02-04 17:00:00,5228.71,5023.44,40.7
2025-02-04 18:00:00,5164.05,4976.81,18.04
2025-02-04 19:00:00,5039.22,4887.58,6.37
2025-02-04 20:00:00,4821.92,4737.6,2.27
2025-02-04 21:00:00,4635.47,4528.16,1.0
2025-02-04 22:00:00,4558.99,4471.98,0.21
2025-02-04 23:00:00,4508.91,4436.95,0.01
2025-02-05 00:00:00,4293.77,4231.28,0.0
2025-02-05 01:00:00,4138.07,4078.09,0.0
2025-02-05 02:00:00,4046.14,3961.78,0.0
2025-02-05 03:00:00,3997.0,3899.41,0.0
2025-02-05 04:00:00,4012.98,3874.82,0.0
2025-02-05 05:00:00,4109.93,3942.38,0.0
2025-02-05 06:00:00,4355.69,4228.26,0.01
2025-02-05 07:00:00,4755.91,4587.72,0.22
2025-02-05 08:00:00,5219.23,5035.21,6.59
2025-02-05 09:00:00,5295.46,5262.2,30.83
2025-02-05 10:00:00,5189.22,5180.17,56.15
2025-02-05 11:00:00,5019.42,4940.62,75.89
2025-02-05 12:00:00,4777.76,4723.15,86.28
2025-02-05 13:00:00,4913.85,4754.29,67.03
2025-02-05 14:00:00,4949.11,4955.7,55.87
2025-02-05 15:00:00,5022.41,5020.83,72.95
2025-02-05 16:00:00,5167.91,5129.2,69.15
2025-02-05 17:00:00,5192.58,5146.24,34.46
2025-02-05 18:00:00,5140.98,5143.36,11.06
2025-02-05 19:00:00,5041.5,5026.75,3.98
2025-02-05 20:00:00,4847.15,4858.5,2.44
2025-02-05 21:00:00,4662.71,4643.87,1.3
2025-02-05 22:00:00,4617.09,4575.78,0.64
2025-02-05 23:00:00,4559.8,4471.13,0.12
2025-02-06 00:00:00,4326.58,4250.02,0.01
2025-02-06 01:00:00,4179.4,4089.72,0.0
2025-02-06 02:00:00,4087.84,3999.67,0.0
2025-02-06 03:00:00,4044.09,3976.64,0.0
2025-02-06 04:00:00,4065.87,4000.55,0.0
2025-02-06 05:00:00,4162.15,4115.14,0.0
2025-02-06 06:00:00,4402.11,4413.46,0.01
2025-02-06 07:00:00,4791.65,4781.82,0.44
2025-02-06 08:00:00,5238.67,5216.82,15.25
2025-02-06 09:00:00,5251.66,5396.82,50.51
2025-02-06 10:00:00,5114.51,5207.08,72.65
2025-02-06 11:00:00,4960.58,4965.06,94.21
2025-02-06 12:00:00,4690.23,4733.95,99.81
2025-02-06 13:00:00,4897.28,4818.67,142.93
2025-02-06 14:00:00,5018.93,5013.11,156.56
2025-02-06 15:00:00,5108.05,5148.32,144.0
2025-02-06 16:00:00,5224.29,5332.56,113.98
2025-02-06 17:00:00,5189.64,5343.66,64.2
2025-02-06 18:00:00,5104.56,5216.12,40.42
2025-02-06 19:00:00,4990.34,5018.04,27.33
2025-02-06 20:00:00,4776.53,4769.56,11.4
2025-02-06 21:00:00,4596.03,4577.94,1.43
2025-02-06 22:00:00,4556.42,4516.82,0.61
2025-02-06 23:00:00,4497.88,4487.73,0.23
2025-02-07 00:00:00,4286.98,4219.5,0.05
2025-02-07 01:00:00,4120.16,4072.21,0.0
2025-02-07 02:00:00,4023.93,3992.82,0.0
2025-02-07 03:00:00,3962.15,3954.11,0.0
2025-02-07 04:00:00,3981.33,3981.85,0.0
2025-02-07 05:00:00,4079.97,4113.7,0.0
2025-02-07 06:00:00,4296.44,4357.19,0.01
2025-02-07 07:00:00,4650.51,4674.28,0.24
2025-02-07 08:00:00,5159.21,5008.73,6.11
2025-02-07 09:00:00,5421.8,5158.1,19.98
2025-02-07 10:00:00,5527.17,5293.95,42.14
2025-02-07 11:00:00,5478.64,5331.34,50.8
2025-02-07 12:00:00,5247.24,5216.84,55.9
2025-02-07 13:00:00,5369.4,5382.92,71.43
2025-02-07 14:00:00,5375.16,5420.79,84.14
2025-02-07 15:00:00,5360.25,5325.25,63.97
2025-02-07 16:00:00,5387.53,5339.86,81.51
2025-02-07 17:00:00,5284.99,5242.96,42.88
2025-02-07 18:00:00,5157.56,5094.17,5.67
2025-02-07 19:00:00,5036.73,4938.28,2.91
2025-02-07 20:00:00,4849.66,4790.8,1.08
2025-02-07 21:00:00,4680.56,4670.83,0.45
2025-02-07 22:00:00,4613.49,4654.45,0.13
2025-02-07 23:00:00,4572.76,4560.37,0.01
2025-02-08 00:00:00,4362.22,4355.82,0.0
2025-02-08 01:00:00,4214.74,4188.25,0.0
2025-02-08 02:00:00,4098.25,4056.94,0.0
2025-02-08 03:00:00,4025.93,3991.82,0.0
2025-02-08 04:00:00,4011.71,4012.54,0.0
2025-02-08 05:00:00,4046.21,4073.76,0.0
2025-02-08 06:00:00,4130.4,4222.29,0.02
2025-02-08 07:00:00,4257.17,4338.76,0.74
2025-02-08 08:00:00,4364.96,4444.4,16.18
2025-02-08 09:00:00,4383.49,4438.0,44.21
2025-02-08 10:00:00,4365.04,4410.76,73.33
2025-02-08 11:00:00,4257.67,4299.52,102.6
2025-02-08 12:00:00,4066.3,4105.52,123.39
2025-02-08 13:00:00,4010.25,4131.59,125.44
2025-02-08 14:00:00,3950.89,4118.9,101.73
2025-02-08 15:00:00,4002.45,4118.98,100.57
2025-02-08 16:00:00,4200.61,4251.12,100.36
2025-02-08 17:00:00,4352.14,4400.94,46.26
2025-02-08 18:00:00,4449.46,4509.02,13.72
2025-02-08 19:00:00,4421.42,4500.62,7.22
2025-02-08 20:00:00,4342.69,4402.47,4.07
2025-02-08 21:00:00,4237.47,4287.24,1.91
2025-02-08 22:00:00,4252.46,4314.59,0.81
2025-02-08 23:00:00,4242.78,4285.44,0.26
2025-02-09 00:00:00,4059.71,4097.17,0.01
2025-02-09 01:00:00,3903.63,3928.19,0.0
2025-02-09 02:00:00,3795.31,3804.75,0.0
2025-02-09 03:00:00,3733.22,3752.2,0.0
2025-02-09 04:00:00,3721.96,3742.37,0.0
2025-02-09 05:00:00,3759.12,3785.29,0.0
2025-02-09 06:00:00,3823.52,3868.7,0.02
2025-02-09 07:00:00,3883.99,3917.03,1.18
2025-02-09 08:00:00,3860.75,3886.71,24.66
2025-02-09 09:00:00,3695.9,3811.32,71.31
2025-02-09 10:00:00,3618.32,3646.7,107.69
2025-02-09 11:00:00,3559.96,3521.42,159.64
2025-02-09 12:00:00,3487.53,3449.19,197.96
2025-02-09 13:00:00,3477.29,3470.19,181.73
2025-02-09 14:00:00,3498.79,3499.99,162.86
2025-02-09 15:00:00,3647.64,3635.86,147.53
2025-02-09 16:00:00,3918.18,3865.94,145.69
2025-02-09 17:00:00,4161.93,4111.45,94.91
2025-02-09 18:00:00,4316.53,4247.13,65.12
2025-02-09 19:00:00,4285.43,4254.37,32.99
2025-02-09 20:00:00,4203.31,4137.32,12.48
2025-02-09 21:00:00,4099.72,4020.89,2.5
2025-02-09 22:00:00,4061.91,4028.29,1.0
2025-02-09 23:00:00,4040.58,4000.62,0.31
2025-02-10 00:00:00,3877.07,3786.11,0.06
2025-02-10 01:00:00,3748.84,3665.92,0.01
2025-02-10 02:00:00,3670.64,3586.02,0.0
2025-02-10 03:00:00,3651.52,3563.1,0.0
2025-02-10 04:00:00,3690.13,3652.33,0.0
2025-02-10 05:00:00,3836.76,3775.4,0.0
2025-02-10 06:00:00,4140.02,4071.78,0.01
2025-02-10 07:00:00,4594.23,4544.28,1.27
2025-02-10 08:00:00,5083.41,5060.44,19.81
2025-02-10 09:00:00,5184.03,5155.48,58.41
2025-02-10 10:00:00,5148.86,5054.12,118.37
2025-02-10 11:00:00,4990.78,4928.14,155.87
2025-02-10 12:00:00,4775.35,4727.49,195.22
2025-02-10 13:00:00,4936.81,4803.83,202.9
2025-02-10 14:00:00,4984.29,4894.08,203.61
2025-02-10 15:00:00,5029.56,4981.33,211.72
2025-02-10 16:00:00,5112.06,5073.61,178.88
2025-02-10 17:00:00,5115.34,5083.24,110.33
2025-02-10 18:00:00,5082.19,5015.55,80.09
2025-02-10 19:00:00,4976.98,4885.49,64.8
2025-02-10 20:00:00,4767.23,4678.46,44.4
2025-02-10 21:00:00,4563.02,4535.1,12.9
2025-02-10 22:00:00,4504.2,4514.87,1.23
2025-02-10 23:00:00,4449.04,4448.18,0.17
2025-02-11 00:00:00,4234.17,4206.29,0.0
2025-02-11 01:00:00,4095.65,4060.41,0.0
2025-02-11 02:00:00,4000.51,3990.23,0.0
2025-02-11 03:00:00,3948.89,3956.84,0.0
2025-02-11 04:00:00,3973.77,3985.81,0.0
2025-02-11 05:00:00,4081.06,4065.96,0.0
2025-02-11 06:00:00,4320.85,4334.39,0.02
2025-02-11 07:00:00,4692.33,4696.91,3.27
2025-02-11 08:00:00,5094.3,5095.74,49.59
2025-02-11 09:00:00,5064.92,5132.96,129.86
2025-02-11 10:00:00,4888.18,4942.44,189.49
2025-02-11 11:00:00,4669.72,4671.14,230.65
2025-02-11 12:00:00,4385.1,4387.5,261.31
2025-02-11 13:00:00,4562.16,4480.04,314.74
2025-02-11 14:00:00,4635.2,4632.45,316.8
2025-02-11 15:00:00,4681.67,4766.89,253.19
2025-02-11 16:00:00,4811.85,4900.57,192.75
2025-02-11 17:00:00,4871.96,4963.09,113.42
2025-02-11 18:00:00,4882.5,4944.39,84.03
2025-02-11 19:00:00,4808.13,4821.59,82.52
2025-02-11 20:00:00,4613.39,4648.65,56.79
2025-02-11 21:00:00,4411.95,4479.35,19.36
2025-02-11 22:00:00,4360.25,4430.47,2.09
2025-02-11 23:00:00,4291.66,4386.83,0.55
2025-02-12 00:00:00,4046.77,4183.4,0.08
2025-02-12 01:00:00,3876.65,3995.51,0.01
2025-02-12 02:00:00,3788.22,3840.32,0.0
2025-02-12 03:00:00,3741.08,3810.65,0.0
2025-02-12 04:00:00,3770.55,3804.48,0.0
2025-02-12 05:00:00,3893.22,3858.31,0.0
2025-02-12 06:00:00,4142.97,4006.92,0.0
2025-02-12 07:00:00,4503.64,4270.09,0.05
2025-02-12 08:00:00,5013.61,4690.24,1.94
2025-02-12 09:00:00,5317.12,5016.41,6.8
2025-02-12 10:00:00,5416.11,5193.79,10.61
2025-02-12 11:00:00,5392.26,5286.46,24.69
2025-02-12 12:00:00,5188.77,5191.34,50.08
2025-02-12 13:00:00,5304.2,5350.49,44.05
2025-02-12 14:00:00,5297.15,5402.39,64.65
2025-02-12 15:00:00,5201.18,5331.34,42.88
2025-02-12 16:00:00,5186.2,5286.08,67.06
2025-02-12 17:00:00,4989.84,5175.8,15.39
2025-02-12 18:00:00,4877.8,4972.2,1.81
2025-02-12 19:00:00,4780.02,4816.77,0.67
2025-02-12 20:00:00,4605.11,4667.24,0.05
2025-02-12 21:00:00,4461.28,4497.02,0.0
2025-02-12 22:00:00,4431.63,4469.66,0.0
2025-02-12 23:00:00,4373.84,4429.26,0.0
2025-02-13 00:00:00,4157.07,4204.4,0.0
2025-02-13 01:00:00,4018.55,4052.51,0.0
2025-02-13 02:00:00,3926.93,3948.4,0.0
2025-02-13 03:00:00,3880.75,3924.98,0.0
2025-02-13 04:00:00,3905.38,3937.61,0.0
2025-02-13 05:00:00,4022.6,4024.84,0.0
2025-02-13 06:00:00,4264.39,4232.99,0.03
2025-02-13 07:00:00,4642.07,4603.44,4.44
2025-02-13 08:00:00,4980.26,5070.71,60.03
2025-02-13 09:00:00,4938.51,5194.53,148.15
2025-02-13 10:00:00,4752.09,4984.66,209.42
2025-02-13 11:00:00,4542.17,4671.04,257.9
2025-02-13 12:00:00,4284.07,4394.06,297.3
2025-02-13 13:00:00,4465.57,4472.35,343.06
2025-02-13 14:00:00,4544.0,4645.56,334.41
2025-02-13 15:00:00,4606.62,4705.99,277.81
2025-02-13 16:00:00,4761.31,4834.86,208.95
2025-02-13 17:00:00,4839.09,4901.83,122.98
2025-02-13 18:00:00,4873.26,4910.11,88.16
2025-02-13 19:00:00,4816.45,4825.33,79.77
2025-02-13 20:00:00,4627.13,4616.59,59.89
2025-02-13 21:00:00,4428.97,4462.31,19.74
2025-02-13 22:00:00,4381.21,4423.29,2.3
2025-02-13 23:00:00,4326.44,4360.35,0.47
2025-02-14 00:00:00,4101.59,4118.22,0.08
2025-02-14 01:00:00,3940.97,3937.99,0.01
2025-02-14 02:00:00,3840.15,3823.37,0.0
2025-02-14 03:00:00,3798.7,3802.2,0.0
2025-02-14 04:00:00,3835.91,3813.22,0.0
2025-02-14 05:00:00,3939.34,3931.56,0.0
2025-02-14 06:00:00,4167.44,4127.94,0.03
2025-02-14 07:00:00,4517.94,4496.38,4.8
2025-02-14 08:00:00,4826.57,4947.55,58.78
2025-02-14 09:00:00,4753.64,4997.3,141.91
2025-02-14 10:00:00,4564.1,4722.54,201.7
2025-02-14 11:00:00,4347.23,4425.77,243.29
2025-02-14 12:00:00,4094.28,4168.58,273.44
2025-02-14 13:00:00,4276.41,4156.12,318.98
2025-02-14 14:00:00,4359.17,4317.65,317.63
2025-02-14 15:00:00,4403.81,4435.58,236.46
2025-02-14 16:00:00,4521.4,4551.99,178.12
2025-02-14 17:00:00,4574.77,4620.75,116.64
2025-02-14 18:00:00,4604.68,4596.23,87.61
2025-02-14 19:00:00,4561.57,4530.92,77.6
2025-02-14 20:00:00,4408.39,4419.84,49.74
2025-02-14 21:00:00,4258.48,4298.0,18.02
2025-02-14 22:00:00,4254.6,4272.28,2.15
2025-02-14 23:00:00,4219.78,4185.01,0.56
2025-02-15 00:00:00,3998.43,3964.22,0.09
2025-02-15 01:00:00,3843.91,3828.07,0.01
2025-02-15 02:00:00,3735.15,3739.44,0.0
2025-02-15 03:00:00,3702.9,3705.52,0.0
2025-02-15 04:00:00,3695.94,3697.02,0.0
2025-02-15 05:00:00,3743.38,3746.27,0.0
2025-02-15 06:00:00,3832.53,3809.33,0.0
2025-02-15 07:00:00,3925.1,3896.3,0.83
2025-02-15 08:00:00,3971.58,3939.91,14.15
2025-02-15 09:00:00,3958.65,3924.08,30.63
2025-02-15 10:00:00,3937.86,3905.75,41.43
2025-02-15 11:00:00,3888.39,3845.63,41.46
2025-02-15 12:00:00,3823.27,3760.51,77.34
2025-02-15 13:00:00,3848.08,3838.67,42.0
2025-02-15 14:00:00,3806.16,3845.34,27.32
2025-02-15 15:00:00,3760.94,3839.5,33.72
2025-02-15 16:00:00,3853.25,3870.96,87.66
2025-02-15 17:00:00,3921.49,3930.13,24.7
2025-02-15 18:00:00,4011.18,3959.83,2.44
2025-02-15 19:00:00,4000.24,3981.4,0.76
2025-02-15 20:00:00,3939.04,3940.05,0.13
2025-02-15 21:00:00,3869.4,3847.79,0.02
2025-02-15 22:00:00,3934.67,3864.14,0.0
2025-02-15 23:00:00,3930.8,3856.27,0.0
2025-02-16 00:00:00,3722.87,3714.66,0.0
2025-02-16 01:00:00,3573.27,3545.01,0.0
2025-02-16 02:00:00,3484.44,3441.33,0.0
2025-02-16 03:00:00,3436.81,3421.88,0.0
2025-02-16 04:00:00,3448.67,3457.99,0.0
2025-02-16 05:00:00,3491.15,3492.33,0.0
2025-02-16 06:00:00,3565.12,3559.39,0.02
2025-02-16 07:00:00,3599.36,3606.7,4.54
2025-02-16 08:00:00,3531.29,3585.66,47.1
2025-02-16 09:00:00,3388.9,3487.4,105.86
2025-02-16 10:00:00,3343.41,3378.76,157.32
2025-02-16 11:00:00,3274.75,3299.43,200.55
2025-02-16 12:00:00,3189.91,3251.93,239.35
2025-02-16 13:00:00,3228.27,3299.03,254.89
2025-02-16 14:00:00,3305.28,3399.15,232.29
2025-02-16 15:00:00,3406.74,3504.39,167.03
2025-02-16 16:00:00,3615.74,3688.46,147.95
2025-02-16 17:00:00,3804.91,3882.74,106.61
2025-02-16 18:00:00,3969.51,3992.21,86.7
2025-02-16 19:00:00,3974.27,4025.39,75.67
2025-02-16 20:00:00,3913.34,3978.68,38.03
2025-02-16 21:00:00,3816.16,3847.54,13.41
2025-02-16 22:00:00,3776.34,3769.42,1.97
2025-02-16 23:00:00,3749.63,3713.38,0.5
2025-02-17 00:00:00,3578.49,3477.32,0.07
2025-02-17 01:00:00,3447.65,3379.29,0.01
2025-02-17 02:00:00,3387.86,3288.47,0.01
2025-02-17 03:00:00,3366.19,3275.27,0.0
2025-02-17 04:00:00,3427.67,3371.0,0.0
2025-02-17 05:00:00,3578.9,3524.08,0.0
2025-02-17 06:00:00,3870.62,3840.14,0.03
2025-02-17 07:00:00,4297.22,4310.3,5.81
2025-02-17 08:00:00,4680.47,4759.4,62.99
2025-02-17 09:00:00,4663.32,4765.96,142.49
2025-02-17 10:00:00,4530.82,4578.41,207.58
2025-02-17 11:00:00,4347.82,4360.35,240.08
2025-02-17 12:00:00,4108.42,4136.2,253.08
2025-02-17 13:00:00,4279.98,4233.69,265.91
2025-02-17 14:00:00,4393.76,4317.84,274.51
2025-02-17 15:00:00,4487.63,4421.99,228.72
2025-02-17 16:00:00,4668.66,4578.7,190.32
2025-02-17 17:00:00,4763.24,4676.82,113.39
2025-02-17 18:00:00,4815.08,4713.9,87.95
2025-02-17 19:00:00,4742.51,4675.59,78.44
2025-02-17 20:00:00,4544.37,4495.4,51.5
2025-02-17 21:00:00,4356.14,4353.56,16.13
2025-02-17 22:00:00,4324.5,4352.65,2.04
2025-02-17 23:00:00,4274.38,4285.82,0.46
2025-02-18 00:00:00,4042.67,4056.46,0.1
2025-02-18 01:00:00,3897.91,3921.73,0.03
2025-02-18 02:00:00,3807.24,3846.91,0.02
2025-02-18 03:00:00,3781.34,3835.58,0.02
2025-02-18 04:00:00,3802.16,3879.44,0.02
2025-02-18 05:00:00,3922.94,4000.87,0.01
2025-02-18 06:00:00,4175.79,4212.83,0.03
2025-02-18 07:00:00,4532.57,4510.84,5.69
2025-02-18 08:00:00,4840.13,4879.28,61.38
2025-02-18 09:00:00,4786.6,4856.93,140.98
2025-02-18 10:00:00,4638.54,4690.75,216.83
2025-02-18 11:00:00,4463.66,4457.0,269.74
2025-02-18 12:00:00,4222.78,4269.96,302.03
2025-02-18 13:00:00,4425.06,4439.91,323.36
2025-02-18 14:00:00,4524.26,4537.4,299.96
2025-02-18 15:00:00,4595.63,4634.96,244.49
2025-02-18 16:00:00,4735.9,4757.52,191.53
2025-02-18 17:00:00,4843.36,4818.81,121.86
2025-02-18 18:00:00,4873.73,4861.34,88.45
2025-02-18 19:00:00,4826.17,4823.15,79.2
2025-02-18 20:00:00,4633.52,4656.94,57.08
2025-02-18 21:00:00,4434.47,4448.27,18.7
2025-02-18 22:00:00,4404.41,4429.51,2.19
2025-02-18 23:00:00,4352.56,4346.21,0.51
2025-02-19 00:00:00,4129.79,4075.46,0.08
2025-02-19 01:00:00,3977.53,3938.29,0.01
2025-02-19 02:00:00,3890.38,3849.52,0.0
2025-02-19 03:00:00,3846.81,3858.38,0.0
2025-02-19 04:00:00,3888.14,3889.33,0.0
2025-02-19 05:00:00,3993.5,3991.05,0.0
2025-02-19 06:00:00,4238.01,4263.36,0.03
2025-02-19 07:00:00,4566.6,4632.78,6.14
2025-02-19 08:00:00,4876.39,5025.99,56.74
2025-02-19 09:00:00,4850.4,5053.87,130.41
2025-02-19 10:00:00,4701.97,4859.63,184.83
2025-02-19 11:00:00,4514.69,4611.3,237.19
2025-02-19 12:00:00,4245.03,4370.24,274.66
2025-02-19 13:00:00,4408.67,4506.57,291.54
2025-02-19 14:00:00,4493.27,4495.97,273.39
2025-02-19 15:00:00,4572.27,4557.07,224.64
2025-02-19 16:00:00,4731.7,4701.47,181.76
2025-02-19 17:00:00,4832.99,4780.97,120.26
2025-02-19 18:00:00,4860.85,4818.07,88.51
2025-02-19 19:00:00,4827.96,4784.0,78.5
2025-02-19 20:00:00,4649.7,4659.47,48.75
2025-02-19 21:00:00,4459.77,4479.99,18.16
2025-02-19 22:00:00,4418.2,4439.56,2.06
2025-02-19 23:00:00,4369.55,4339.2,0.5
2025-02-20 00:00:00,4149.09,4077.09,0.07
2025-02-20 01:00:00,3995.74,3961.01,0.01
2025-02-20 02:00:00,3906.53,3862.03,0.0
2025-02-20 03:00:00,3858.06,3848.48,0.0
2025-02-20 04:00:00,3887.41,3904.46,0.0
2025-02-20 05:00:00,3999.79,4043.82,0.0
2025-02-20 06:00:00,4234.49,4283.18,0.02
2025-02-20 07:00:00,4590.89,4522.25,5.13
2025-02-20 08:00:00,4888.62,4835.38,53.71
2025-02-20 09:00:00,4834.26,4838.43,132.79
2025-02-20 10:00:00,4665.41,4639.31,187.61
2025-02-20 11:00:00,4492.02,4431.19,239.09
2025-02-20 12:00:00,4259.52,4191.07,269.96
2025-02-20 13:00:00,4423.81,4428.61,311.34
2025-02-20 14:00:00,4532.45,4516.64,325.63
2025-02-20 15:00:00,4577.82,4598.11,263.6
2025-02-20 16:00:00,4736.3,4742.84,202.64
2025-02-20 17:00:00,4844.94,4799.79,125.2
2025-02-20 18:00:00,4896.99,4843.8,88.96
2025-02-20 19:00:00,4845.94,4805.04,79.54
2025-02-20 20:00:00,4658.2,4640.96,61.42
2025-02-20 21:00:00,4464.6,4465.81,21.71
2025-02-20 22:00:00,4411.91,4400.61,2.31
2025-02-20 23:00:00,4357.53,4323.42,0.52
2025-02-21 00:00:00,4125.75,4070.78,0.09
2025-02-21 01:00:00,3965.8,3941.91,0.02
2025-02-21 02:00:00,3872.16,3847.92,0.0
2025-02-21 03:00:00,3831.01,3827.79,0.0
2025-02-21 04:00:00,3856.54,3864.88,0.06
2025-02-21 05:00:00,3955.7,4007.95,0.08
2025-02-21 06:00:00,4184.1,4244.19,0.1
2025-02-21 07:00:00,4526.95,4537.2,3.52
2025-02-21 08:00:00,4878.11,4834.86,33.16
2025-02-21 09:00:00,4853.14,4862.16,93.03
2025-02-21 10:00:00,4667.68,4758.6,185.83
2025-02-21 11:00:00,4467.06,4505.13,242.51
2025-02-21 12:00:00,4207.43,4262.71,269.13
2025-02-21 13:00:00,4362.32,4451.0,292.04
2025-02-21 14:00:00,4452.94,4530.46,325.16
2025-02-21 15:00:00,4520.36,4550.8,285.4
2025-02-21 16:00:00,4641.79,4659.74,211.37
2025-02-21 17:00:00,4719.26,4743.75,129.86
2025-02-21 18:00:00,4742.68,4763.88,89.56
2025-02-21 19:00:00,4701.32,4681.51,80.46
2025-02-21 20:00:00,4551.73,4540.52,63.52
2025-02-21 21:00:00,4374.75,4399.59,23.61
2025-02-21 22:00:00,4341.19,4381.98,2.4
2025-02-21 23:00:00,4311.18,4332.86,0.53
2025-02-22 00:00:00,4085.14,4113.73,0.08
2025-02-22 01:00:00,3928.99,3961.07,0.01
2025-02-22 02:00:00,3826.35,3861.73,0.0
2025-02-22 03:00:00,3764.62,3819.99,0.0
2025-02-22 04:00:00,3768.13,3804.02,0.0
2025-02-22 05:00:00,3808.86,3856.73,0.0
2025-02-22 06:00:00,3898.44,3968.0,0.02
2025-02-22 07:00:00,3980.12,3971.25,3.03
2025-02-22 08:00:00,4016.51,3940.79,38.99
2025-02-22 09:00:00,3914.9,3873.05,110.21
2025-02-22 10:00:00,3729.41,3783.24,183.61
2025-02-22 11:00:00,3559.78,3567.27,246.42
2025-02-22 12:00:00,3393.93,3395.94,278.88
2025-02-22 13:00:00,3448.06,3438.07,295.07
2025-02-22 14:00:00,3465.69,3533.89,279.11
2025-02-22 15:00:00,3593.0,3620.41,252.35
2025-02-22 16:00:00,3789.2,3796.24,194.32
2025-02-22 17:00:00,4010.98,3993.33,120.61
2025-02-22 18:00:00,4179.65,4156.26,88.97
2025-02-22 19:00:00,4194.28,4186.03,79.94
2025-02-22 20:00:00,4115.24,4128.63,59.11
2025-02-22 21:00:00,4001.78,4035.99,19.06
2025-02-22 22:00:00,4015.12,4051.43,2.26
2025-02-22 23:00:00,4007.58,4032.84,0.53
2025-02-23 00:00:00,3808.4,3815.67,0.08
2025-02-23 01:00:00,3655.76,3643.36,0.01
2025-02-23 02:00:00,3553.48,3568.59,0.0
2025-02-23 03:00:00,3506.4,3516.95,0.0
2025-02-23 04:00:00,3517.36,3528.19,0.0
2025-02-23 05:00:00,3563.66,3579.26,0.0
2025-02-23 06:00:00,3636.42,3669.9,0.03
2025-02-23 07:00:00,3668.93,3648.25,4.88
2025-02-23 08:00:00,3566.98,3545.48,49.62
2025-02-23 09:00:00,3378.63,3379.88,125.18
2025-02-23 10:00:00,3330.33,3232.57,184.18
2025-02-23 11:00:00,3298.97,3178.48,211.45
2025-02-23 12:00:00,3271.03,3189.54,203.31
2025-02-23 13:00:00,3333.32,3305.38,202.05
2025-02-23 14:00:00,3392.22,3369.86,185.86
2025-02-23 15:00:00,3529.08,3458.74,163.08
2025-02-23 16:00:00,3766.13,3693.08,153.83
2025-02-23 17:00:00,4010.59,3973.53,112.17
2025-02-23 18:00:00,4192.95,4183.05,86.59
2025-02-23 19:00:00,4207.17,4207.69,74.98
2025-02-23 20:00:00,4123.64,4119.87,42.76
2025-02-23 21:00:00,3995.86,4004.44,15.26
2025-02-23 22:00:00,3939.52,3982.82,1.82
2025-02-23 23:00:00,3909.54,3946.65,0.34
2025-02-24 00:00:00,3739.29,3734.53,0.02
2025-02-24 01:00:00,3603.77,3652.71,0.0
2025-02-24 02:00:00,3530.55,3592.75,0.0
2025-02-24 03:00:00,3498.84,3514.47,0.0
2025-02-24 04:00:00,3541.08,3559.57,0.0
2025-02-24 05:00:00,3683.78,3701.48,0.0
2025-02-24 06:00:00,3982.62,3996.02,0.02
2025-02-24 07:00:00,4420.17,4400.36,4.88
2025-02-24 08:00:00,4783.74,4807.92,46.44
2025-02-24 09:00:00,4771.65,4836.81,118.42
2025-02-24 10:00:00,4665.31,4695.72,175.4
2025-02-24 11:00:00,4492.48,4505.19,211.66
2025-02-24 12:00:00,4211.88,4288.13,235.45
2025-02-24 13:00:00,4367.2,4392.92,262.42
2025-02-24 14:00:00,4454.28,4462.83,269.92
2025-02-24 15:00:00,4553.24,4513.99,262.49
2025-02-24 16:00:00,4688.59,4718.19,205.76
2025-02-24 17:00:00,4789.04,4822.62,130.29
2025-02-24 18:00:00,4822.83,4843.37,84.69
2025-02-24 19:00:00,4767.29,4757.39,73.51
2025-02-24 20:00:00,4570.92,4569.81,44.53
2025-02-24 21:00:00,4366.5,4388.89,7.49
2025-02-24 22:00:00,4336.55,4360.76,2.23
2025-02-24 23:00:00,4278.91,4316.34,0.51
2025-02-25 00:00:00,4057.24,4059.41,0.08
2025-02-25 01:00:00,3913.68,3942.48,0.01
2025-02-25 02:00:00,3829.92,3852.02,0.0
2025-02-25 03:00:00,3798.63,3811.0,0.0
2025-02-25 04:00:00,3823.38,3845.58,0.0
2025-02-25 05:00:00,3944.0,3957.27,0.0
2025-02-25 06:00:00,4181.92,4197.2,0.04
2025-02-25 07:00:00,4499.81,4507.25,11.12
2025-02-25 08:00:00,4772.91,4803.71,75.37
2025-02-25 09:00:00,4726.26,4730.86,157.26
2025-02-25 10:00:00,4593.36,4564.64,214.26
2025-02-25 11:00:00,4446.73,4403.31,258.07
2025-02-25 12:00:00,4286.66,4172.71,275.01
2025-02-25 13:00:00,4449.1,4413.65,199.62
2025-02-25 14:00:00,4488.13,4497.65,126.82
2025-02-25 15:00:00,4570.57,4562.55,92.46
2025-02-25 16:00:00,4717.35,4713.78,128.74
2025-02-25 17:00:00,4729.19,4764.51,106.39
2025-02-25 18:00:00,4715.0,4729.33,85.37
2025-02-25 19:00:00,4642.54,4621.92,68.88
2025-02-25 20:00:00,4443.87,4429.74,37.35
2025-02-25 21:00:00,4246.82,4233.72,10.83
2025-02-25 22:00:00,4236.62,4229.71,1.97
2025-02-25 23:00:00,4183.31,4145.86,0.4
2025-02-26 00:00:00,3960.81,3925.36,0.06
2025-02-26 01:00:00,3799.36,3805.65,0.0
2025-02-26 02:00:00,3707.68,3719.18,0.0
2025-02-26 03:00:00,3670.64,3653.84,0.0
2025-02-26 04:00:00,3691.16,3644.94,0.0
2025-02-26 05:00:00,3797.73,3771.59,0.0
2025-02-26 06:00:00,4035.94,3966.28,0.02
2025-02-26 07:00:00,4346.22,4311.96,7.55
2025-02-26 08:00:00,4643.38,4676.37,49.21
2025-02-26 09:00:00,4577.54,4717.64,111.78
2025-02-26 10:00:00,4402.07,4548.14,178.01
2025-02-26 11:00:00,4185.0,4299.87,233.99
2025-02-26 12:00:00,3922.92,3981.0,266.37
2025-02-26 13:00:00,4093.55,4128.39,299.88
2025-02-26 14:00:00,4197.43,4221.25,325.57
2025-02-26 15:00:00,4247.14,4294.05,278.82
2025-02-26 16:00:00,4367.94,4456.59,217.46
2025-02-26 17:00:00,4467.32,4521.21,137.97
2025-02-26 18:00:00,4551.52,4581.72,88.85
2025-02-26 19:00:00,4558.41,4529.81,78.67
2025-02-26 20:00:00,4420.42,4414.04,59.29
2025-02-26 21:00:00,4263.6,4261.2,24.65
2025-02-26 22:00:00,4237.91,4230.9,3.02
2025-02-26 23:00:00,4179.7,4155.83,0.48
2025-02-27 00:00:00,3942.8,3918.74,0.08
2025-02-27 01:00:00,3798.04,3801.57,0.01
2025-02-27 02:00:00,3719.78,3718.97,0.0
2025-02-27 03:00:00,3677.72,3672.06,0.0
2025-02-27 04:00:00,3718.21,3690.51,0.0
2025-02-27 05:00:00,3837.73,3824.53,0.0
2025-02-27 06:00:00,4078.61,4079.54,0.03
2025-02-27 07:00:00,4391.08,4448.83,7.93
2025-02-27 08:00:00,4646.84,4805.33,51.76
2025-02-27 09:00:00,4575.3,4734.49,116.74
2025-02-27 10:00:00,4403.22,4427.78,193.69
2025-02-27 11:00:00,4178.43,4235.29,228.32
2025-02-27 12:00:00,3905.88,3988.82,232.94
2025-02-27 13:00:00,4072.5,4154.28,252.74
2025-02-27 14:00:00,4181.57,4241.17,278.43
2025-02-27 15:00:00,4173.19,4313.08,169.95
2025-02-27 16:00:00,4301.74,4433.8,123.37
2025-02-27 17:00:00,4399.02,4519.41,93.56
2025-02-27 18:00:00,4479.26,4581.16,83.34
2025-02-27 19:00:00,4469.3,4532.73,71.99
2025-02-27 20:00:00,4305.91,4403.3,38.4
2025-02-27 21:00:00,4143.46,4215.3,11.69
2025-02-27 22:00:00,4106.75,4180.65,1.9
2025-02-27 23:00:00,4053.0,4110.86,0.38
2025-02-28 00:00:00,3817.11,3877.04,0.08
2025-02-28 01:00:00,3658.49,3724.49,0.01
2025-02-28 02:00:00,3563.53,3628.07,0.0
2025-02-28 03:00:00,3526.92,3595.79,0.0
2025-02-28 04:00:00,3552.34,3602.2,0.0
2025-02-28 05:00:00,3655.89,3711.43,0.01
2025-02-28 06:00:00,3863.03,3881.3,0.01
2025-02-28 07:00:00,4153.31,4057.95,1.93
2025-02-28 08:00:00,4459.46,4342.35,18.03
2025-02-28 09:00:00,4484.44,4446.27,40.28
2025-02-28 10:00:00,4359.45,4399.49,60.59
2025-02-28 11:00:00,4180.55,4248.62,86.54
2025-02-28 12:00:00,3925.39,4005.04,123.79
2025-02-28 13:00:00,3987.93,4112.79,167.2
2025-02-28 14:00:00,3945.79,4104.14,189.34
2025-02-28 15:00:00,3983.73,4055.12,231.51
2025-02-28 16:00:00,4104.27,4149.59,200.28
2025-02-28 17:00:00,4174.67,4214.02,132.16
2025-02-28 18:00:00,4245.71,4252.46,83.56
2025-02-28 19:00:00,4245.26,4211.15,61.39
2025-02-28 20:00:00,4109.76,4148.67,14.3
2025-02-28 21:00:00,3999.27,4014.17,2.75
2025-02-28 22:00:00,4000.1,4021.12,0.68
2025-02-28 23:00:00,3975.68,3951.29,0.16
2025-03-01 00:00:00,3866.22,3739.82,0.01
2025-03-01 01:00:00,3711.26,3653.46,0.0
2025-03-01 02:00:00,3607.77,3570.76,0.0
2025-03-01 03:00:00,3555.18,3541.58,0.0
2025-03-01 04:00:00,3553.19,3552.29,0.0
2025-03-01 05:00:00,3610.2,3616.14,0.0
2025-03-01 06:00:00,3686.62,3742.98,0.01
2025-03-01 07:00:00,3722.32,3770.9,1.73
2025-03-01 08:00:00,3730.58,3684.26,22.93
2025-03-01 09:00:00,3775.8,3574.47,79.85
2025-03-01 10:00:00,3790.05,3594.1,75.93
2025-03-01 11:00:00,3685.26,3597.3,36.48
2025-03-01 12:00:00,3644.18,3470.48,34.29
2025-03-01 13:00:00,3755.36,3560.72,36.51
2025-03-01 14:00:00,3819.52,3652.67,24.87
2025-03-01 15:00:00,3801.91,3732.52,20.21
2025-03-01 16:00:00,3815.89,3864.51,29.21
2025-03-01 17:00:00,3875.97,3942.8,46.73
2025-03-01 18:00:00,3924.52,3971.49,3.8
2025-03-01 19:00:00,3936.58,3949.13,0.67
2025-03-01 20:00:00,3877.75,3875.52,0.15
2025-03-01 21:00:00,3811.47,3802.16,0.08
2025-03-01 22:00:00,3780.9,3838.97,0.0
2025-03-01 23:00:00,3747.29,3756.98,0.0
2025-03-02 00:00:00,3575.41,3592.78,0.0
2025-03-02 01:00:00,3390.46,3467.48,0.0
2025-03-02 02:00:00,3286.17,3373.88,0.0
2025-03-02 03:00:00,3239.74,3326.3,0.0
2025-03-02 04:00:00,3246.21,3329.75,0.0
2025-03-02 05:00:00,3288.59,3347.39,0.0
2025-03-02 06:00:00,3358.42,3411.45,0.01
2025-03-02 07:00:00,3412.11,3412.66,2.16
2025-03-02 08:00:00,3475.85,3398.32,16.68
2025-03-02 09:00:00,3477.7,3427.31,37.95
2025-03-02 10:00:00,3434.63,3476.23,50.83
2025-03-02 11:00:00,3359.31,3404.2,67.67
2025-03-02 12:00:00,3323.56,3318.62,82.76
2025-03-02 13:00:00,3384.13,3380.11,81.66
2025-03-02 14:00:00,3467.69,3415.51,52.34
2025-03-02 15:00:00,3545.63,3506.44,29.27
2025-03-02 16:00:00,3662.85,3657.05,39.21
2025-03-02 17:00:00,3804.01,3785.29,65.74
2025-03-02 18:00:00,3869.45,3842.31,29.56
2025-03-02 19:00:00,3859.5,3818.05,6.11
2025-03-02 20:00:00,3806.16,3778.94,0.75
2025-03-02 21:00:00,3754.25,3675.99,0.12
2025-03-02 22:00:00,3724.64,3732.67,0.0
2025-03-02 23:00:00,3701.67,3691.02,0.0
2025-03-03 00:00:00,3527.18,3503.05,0.0
2025-03-03 01:00:00,3391.77,3381.97,0.0
2025-03-03 02:00:00,3319.4,3292.68,0.0
2025-03-03 03:00:00,3290.59,3255.54,0.0
2025-03-03 04:00:00,3318.15,3292.77,0.0
2025-03-03 05:00:00,3404.53,3437.71,0.0
2025-03-03 06:00:00,3537.26,3660.53,0.0
2025-03-03 07:00:00,3729.48,3936.14,0.24
2025-03-03 08:00:00,3963.78,4098.23,5.54
2025-03-03 09:00:00,4032.62,4093.16,25.83
2025-03-03 10:00:00,4023.19,4036.5,42.61
2025-03-03 11:00:00,3901.95,3958.82,53.16
2025-03-03 12:00:00,3733.36,3812.89,56.7
2025-03-03 13:00:00,3812.26,3860.41,65.35
2025-03-03 14:00:00,3856.16,3900.16,67.05
2025-03-03 15:00:00,3901.03,3946.38,48.07
2025-03-03 16:00:00,3997.79,4092.06,49.37
2025-03-03 17:00:00,4130.85,4136.92,68.8
2025-03-03 18:00:00,4229.94,4195.28,19.72
2025-03-03 19:00:00,4213.07,4208.85,3.04
2025-03-03 20:00:00,4143.53,4129.12,0.4
2025-03-03 21:00:00,4045.76,4014.88,0.08
2025-03-03 22:00:00,3996.28,4022.87,0.01
2025-03-03 23:00:00,3942.0,3969.7,0.0
2025-03-04 00:00:00,3740.69,3729.36,0.0
2025-03-04 01:00:00,3600.86,3590.22,0.0
2025-03-04 02:00:00,3512.68,3515.8,0.0
2025-03-04 03:00:00,3484.8,3458.86,0.0
2025-03-04 04:00:00,3533.03,3506.55,0.0
2025-03-04 05:00:00,3665.46,3613.68,0.0
2025-03-04 06:00:00,3937.65,3902.56,0.0
2025-03-04 07:00:00,4402.76,4300.64,1.18
2025-03-04 08:00:00,4969.03,4792.99,13.87
2025-03-04 09:00:00,5257.98,5000.38,29.18
2025-03-04 10:00:00,5334.85,5141.17,37.42
2025-03-04 11:00:00,5265.88,5185.51,33.05
2025-03-04 12:00:00,5086.42,5065.72,55.08
2025-03-04 13:00:00,5193.65,5170.99,84.9
2025-03-04 14:00:00,5113.86,5156.93,147.74
2025-03-04 15:00:00,4915.7,5051.5,116.79
2025-03-04 16:00:00,4911.18,4923.2,101.51
2025-03-04 17:00:00,4911.38,4766.9,95.17
2025-03-04 18:00:00,4898.58,4761.14,55.92
2025-03-04 19:00:00,4739.85,4760.9,5.66
2025-03-04 20:00:00,4535.81,4628.75,1.5
2025-03-04 21:00:00,4372.66,4430.4,1.33
2025-03-04 22:00:00,4321.62,4318.85,0.02
2025-03-04 23:00:00,4251.04,4210.49,0.0
2025-03-05 00:00:00,4003.86,3996.06,0.0
2025-03-05 01:00:00,3849.47,3860.15,0.0
2025-03-05 02:00:00,3755.63,3781.99,0.0
2025-03-05 03:00:00,3707.65,3728.41,0.0
2025-03-05 04:00:00,3738.08,3764.91,0.0
2025-03-05 05:00:00,3851.15,3867.38,0.0
2025-03-05 06:00:00,4079.48,4096.78,0.01
2025-03-05 07:00:00,4460.61,4452.67,5.28
2025-03-05 08:00:00,4895.37,4879.37,33.98
2025-03-05 09:00:00,5082.26,5054.12,70.77
2025-03-05 10:00:00,5051.24,5062.0,84.99
2025-03-05 11:00:00,4898.86,4953.81,113.27
2025-03-05 12:00:00,4644.78,4668.18,98.4
2025-03-05 13:00:00,4748.56,4773.16,87.0
2025-03-05 14:00:00,4773.09,4811.79,68.71
2025-03-05 15:00:00,4759.55,4744.96,38.87
2025-03-05 16:00:00,4789.36,4809.05,34.19
2025-03-05 17:00:00,4770.04,4792.29,80.78
2025-03-05 18:00:00,4741.37,4757.98,51.43
2025-03-05 19:00:00,4637.26,4664.55,19.75
2025-03-05 20:00:00,4464.53,4467.01,9.0
2025-03-05 21:00:00,4302.25,4293.8,0.25
2025-03-05 22:00:00,4272.01,4242.28,0.0
2025-03-05 23:00:00,4206.54,4227.26,0.0
2025-03-06 00:00:00,3971.38,4013.65,0.0
2025-03-06 01:00:00,3826.26,3854.8,0.0
2025-03-06 02:00:00,3746.98,3713.54,0.0
2025-03-06 03:00:00,3707.77,3641.26,0.0
2025-03-06 04:00:00,3732.85,3665.91,0.0
2025-03-06 05:00:00,3854.83,3719.63,0.01
2025-03-06 06:00:00,4108.37,3862.82,0.03
2025-03-06 07:00:00,4454.77,4246.01,12.0
2025-03-06 08:00:00,4752.52,4722.55,74.89
2025-03-06 09:00:00,4740.51,4841.17,185.04
2025-03-06 10:00:00,4556.68,4666.72,216.4
2025-03-06 11:00:00,4365.88,4395.43,245.27
2025-03-06 12:00:00,4210.1,4118.0,263.18
2025-03-06 13:00:00,4371.76,4227.16,283.89
2025-03-06 14:00:00,4436.16,4384.04,313.06
2025-03-06 15:00:00,4467.72,4460.32,270.32
2025-03-06 16:00:00,4557.99,4583.06,188.03
2025-03-06 17:00:00,4638.76,4629.63,137.49
2025-03-06 18:00:00,4736.64,4663.06,92.74
2025-03-06 19:00:00,4693.67,4680.64,85.5
2025-03-06 20:00:00,4544.91,4545.89,69.97
2025-03-06 21:00:00,4361.94,4383.89,36.04
2025-03-06 22:00:00,4311.58,4329.42,9.64
2025-03-06 23:00:00,4241.26,4263.81,0.49
2025-03-07 00:00:00,4010.47,4018.14,0.07
2025-03-07 01:00:00,3843.43,3860.76,0.0
2025-03-07 02:00:00,3759.61,3763.05,0.0
2025-03-07 03:00:00,3736.4,3721.15,0.0
2025-03-07 04:00:00,3776.29,3745.07,0.0
2025-03-07 05:00:00,3900.13,3867.99,0.01
2025-03-07 06:00:00,4141.89,4088.26,0.06
2025-03-07 07:00:00,4483.7,4343.63,22.07
2025-03-07 08:00:00,4734.85,4629.07,113.98
2025-03-07 09:00:00,4713.27,4638.7,216.86
2025-03-07 10:00:00,4479.65,4438.39,206.9
2025-03-07 11:00:00,4264.99,4164.91,245.5
2025-03-07 12:00:00,4047.78,3950.0,263.16
2025-03-07 13:00:00,4167.67,4051.88,263.69
2025-03-07 14:00:00,4274.31,4167.41,269.07
2025-03-07 15:00:00,4333.54,4268.36,194.82
2025-03-07 16:00:00,4478.12,4430.12,132.81
2025-03-07 17:00:00,4549.15,4532.75,119.45
2025-03-07 18:00:00,4606.91,4584.0,90.77
2025-03-07 19:00:00,4556.01,4538.8,84.55
2025-03-07 20:00:00,4410.67,4413.45,67.09
2025-03-07 21:00:00,4246.8,4251.72,32.61
2025-03-07 22:00:00,4202.68,4194.04,8.02
2025-03-07 23:00:00,4136.35,4111.78,0.5
2025-03-08 00:00:00,3903.75,3893.94,0.08
2025-03-08 01:00:00,3746.8,3774.04,0.01
2025-03-08 02:00:00,3643.8,3690.82,0.0
2025-03-08 03:00:00,3600.24,3621.12,0.0
2025-03-08 04:00:00,3602.17,3612.72,0.0
2025-03-08 05:00:00,3651.14,3654.89,0.0
2025-03-08 06:00:00,3743.51,3777.52,0.01
2025-03-08 07:00:00,3803.57,3808.19,8.62
2025-03-08 08:00:00,3804.92,3788.61,38.4
2025-03-08 09:00:00,3772.09,3670.02,60.14
2025-03-08 10:00:00,3704.81,3616.35,61.69
2025-03-08 11:00:00,3576.8,3562.63,62.75
2025-03-08 12:00:00,3406.42,3473.54,69.17
2025-03-08 13:00:00,3368.12,3522.16,94.46
2025-03-08 14:00:00,3406.06,3522.55,108.75
2025-03-08 15:00:00,3476.04,3536.29,114.52
2025-03-08 16:00:00,3642.34,3696.72,133.7
2025-03-08 17:00:00,3825.28,3909.01,124.47
2025-03-08 18:00:00,3977.62,4060.57,61.07
2025-03-08 19:00:00,3985.82,4080.91,16.43
2025-03-08 20:00:00,3917.05,4000.94,2.68
2025-03-08 21:00:00,3856.87,3886.96,0.74
2025-03-08 22:00:00,3886.29,3883.54,0.23
2025-03-08 23:00:00,3862.4,3886.37,0.05
2025-03-09 00:00:00,3660.23,3716.34,0.0
2025-03-09 01:00:00,3505.15,3539.32,0.0
2025-03-09 02:00:00,3410.63,3452.31,0.0
2025-03-09 03:00:00,3368.74,3396.15,0.0
2025-03-09 04:00:00,3382.37,3380.72,0.0
2025-03-09 05:00:00,3438.76,3432.22,0.01
2025-03-09 06:00:00,3507.76,3508.54,0.06
2025-03-09 07:00:00,3503.15,3519.11,19.47
2025-03-09 08:00:00,3379.43,3466.67,98.61
2025-03-09 09:00:00,3228.76,3302.79,200.53
2025-03-09 10:00:00,3095.16,3159.73,215.79
2025-03-09 11:00:00,2922.79,3051.74,203.23
2025-03-09 12:00:00,2846.04,2945.16,209.12
2025-03-09 13:00:00,2850.96,2991.36,205.64
2025-03-09 14:00:00,2960.01,3028.98,232.73
2025-03-09 15:00:00,3142.65,3125.97,254.63
2025-03-09 16:00:00,3372.17,3366.63,184.39
2025-03-09 17:00:00,3655.6,3601.0,136.38
2025-03-09 18:00:00,3890.78,3800.97,92.84
2025-03-09 19:00:00,3967.7,3908.41,85.68
2025-03-09 20:00:00,3941.17,3885.63,70.29
2025-03-09 21:00:00,3841.7,3762.62,36.53
2025-03-09 22:00:00,3780.75,3742.75,10.06
2025-03-09 23:00:00,3703.18,3704.66,0.57
2025-03-10 00:00:00,3515.97,3513.92,0.11
2025-03-10 01:00:00,3379.89,3415.03,0.0
2025-03-10 02:00:00,3317.9,3338.16,0.0
2025-03-10 03:00:00,3307.26,3300.38,0.0
2025-03-10 04:00:00,3372.48,3355.08,0.0
2025-03-10 05:00:00,3532.35,3432.21,0.01
2025-03-10 06:00:00,3822.78,3776.21,0.07
2025-03-10 07:00:00,4232.27,4293.57,22.8
2025-03-10 08:00:00,4559.18,4676.98,98.36
2025-03-10 09:00:00,4539.63,4708.03,156.05
2025-03-10 10:00:00,4383.24,4524.78,175.51
2025-03-10 11:00:00,4167.41,4301.45,185.76
2025-03-10 12:00:00,3925.15,4136.12,164.05
2025-03-10 13:00:00,4070.22,4141.96,108.3
2025-03-10 14:00:00,4133.91,4168.66,124.45
2025-03-10 15:00:00,4172.88,4248.51,117.3
2025-03-10 16:00:00,4357.28,4385.08,131.69
2025-03-10 17:00:00,4486.87,4511.56,133.21
2025-03-10 18:00:00,4590.19,4577.33,93.09
2025-03-10 19:00:00,4553.09,4572.53,83.25
2025-03-10 20:00:00,4395.33,4401.77,47.83
2025-03-10 21:00:00,4217.97,4223.65,6.94
2025-03-10 22:00:00,4183.49,4152.43,1.09
2025-03-10 23:00:00,4111.02,4072.29,0.12
2025-03-11 00:00:00,3865.54,3834.79,0.01
2025-03-11 01:00:00,3723.08,3660.57,0.0
2025-03-11 02:00:00,3652.01,3578.5,0.0
2025-03-11 03:00:00,3619.59,3560.78,0.0
2025-03-11 04:00:00,3668.38,3633.0,0.0
2025-03-11 05:00:00,3798.95,3790.73,0.01
2025-03-11 06:00:00,4040.5,4043.39,0.11
2025-03-11 07:00:00,4352.63,4443.53,26.24
2025-03-11 08:00:00,4574.49,4757.14,123.13
2025-03-11 09:00:00,4514.3,4775.21,228.85
2025-03-11 10:00:00,4257.87,4543.16,231.48
2025-03-11 11:00:00,4003.32,4170.7,263.37
2025-03-11 12:00:00,3704.87,3920.08,257.53
2025-03-11 13:00:00,3882.83,3960.75,323.04
2025-03-11 14:00:00,4004.15,3984.34,341.68
2025-03-11 15:00:00,4077.59,4082.81,286.8
2025-03-11 16:00:00,4240.26,4236.36,197.69
2025-03-11 17:00:00,4386.59,4378.59,142.59
2025-03-11 18:00:00,4523.88,4479.75,91.69
2025-03-11 19:00:00,4521.23,4507.66,85.61
2025-03-11 20:00:00,4369.38,4389.71,70.87
2025-03-11 21:00:00,4216.61,4209.94,37.44
2025-03-11 22:00:00,4150.5,4223.54,9.36
2025-03-11 23:00:00,4051.17,4155.86,0.52
2025-03-12 00:00:00,3794.97,3857.81,0.08
2025-03-12 01:00:00,3650.53,3660.89,0.01
2025-03-12 02:00:00,3593.21,3530.23,0.0
2025-03-12 03:00:00,3565.45,3553.56,0.0
2025-03-12 04:00:00,3599.24,3591.29,0.0
2025-03-12 05:00:00,3720.91,3689.48,0.01
2025-03-12 06:00:00,3949.28,3929.35,0.06
2025-03-12 07:00:00,4249.82,4204.57,18.26
2025-03-12 08:00:00,4502.39,4556.39,53.15
2025-03-12 09:00:00,4547.14,4572.51,72.82
2025-03-12 10:00:00,4471.63,4439.91,60.35
2025-03-12 11:00:00,4313.07,4313.4,72.12
2025-03-12 12:00:00,4073.66,4132.22,127.48
2025-03-12 13:00:00,4122.04,4259.8,140.21
2025-03-12 14:00:00,4135.02,4231.48,166.13
2025-03-12 15:00:00,4206.29,4201.58,170.87
2025-03-12 16:00:00,4375.09,4314.31,148.51
2025-03-12 17:00:00,4458.58,4401.4,125.71
2025-03-12 18:00:00,4511.5,4513.97,87.09
2025-03-12 19:00:00,4452.25,4496.01,50.18
2025-03-12 20:00:00,4298.8,4341.86,18.95
2025-03-12 21:00:00,4145.9,4169.29,2.21
2025-03-12 22:00:00,4134.18,4089.07,0.5
2025-03-12 23:00:00,4062.94,4008.96,0.09
2025-03-13 00:00:00,3828.26,3782.13,0.01
2025-03-13 01:00:00,3687.3,3670.26,0.0
2025-03-13 02:00:00,3608.02,3592.12,0.0
2025-03-13 03:00:00,3577.53,3571.39,0.0
2025-03-13 04:00:00,3615.92,3608.32,0.0
2025-03-13 05:00:00,3742.13,3759.97,0.0
2025-03-13 06:00:00,3965.61,3970.3,0.02
2025-03-13 07:00:00,4278.59,4253.61,9.07
2025-03-13 08:00:00,4544.98,4584.88,67.18
2025-03-13 09:00:00,4480.4,4623.58,106.52
2025-03-13 10:00:00,4317.4,4397.93,116.52
2025-03-13 11:00:00,4112.22,4156.88,174.57
2025-03-13 12:00:00,3830.35,3904.95,217.23
2025-03-13 13:00:00,3894.89,4022.73,262.42
2025-03-13 14:00:00,3933.99,4080.51,255.9
2025-03-13 15:00:00,4042.3,4098.5,277.46
2025-03-13 16:00:00,4201.11,4245.28,209.5
2025-03-13 17:00:00,4353.23,4363.22,148.74
2025-03-13 18:00:00,4492.96,4465.7,93.13
2025-03-13 19:00:00,4509.14,4465.23,85.98
2025-03-13 20:00:00,4385.21,4366.54,71.13
2025-03-13 21:00:00,4227.16,4199.45,37.11
2025-03-13 22:00:00,4166.38,4162.29,9.44
2025-03-13 23:00:00,4072.85,4099.54,0.48
2025-03-14 00:00:00,3834.86,3860.28,0.08
2025-03-14 01:00:00,3671.0,3692.09,0.01
2025-03-14 02:00:00,3591.34,3608.6,0.0
2025-03-14 03:00:00,3566.2,3574.9,0.0
2025-03-14 04:00:00,3603.79,3615.0,0.0
2025-03-14 05:00:00,3721.41,3736.75,0.01
2025-03-14 06:00:00,3949.77,3928.13,0.11
2025-03-14 07:00:00,4221.49,4183.56,24.59
2025-03-14 08:00:00,4371.48,4446.79,130.09
2025-03-14 09:00:00,4288.03,4343.02,237.31
2025-03-14 10:00:00,4064.32,4098.61,238.44
2025-03-14 11:00:00,3819.61,3824.69,273.2
2025-03-14 12:00:00,3575.53,3577.51,279.53
2025-03-14 13:00:00,3723.07,3703.32,318.42
2025-03-14 14:00:00,3848.42,3866.54,345.38
2025-03-14 15:00:00,3933.23,3982.17,276.12
2025-03-14 16:00:00,4070.3,4168.53,176.52
2025-03-14 17:00:00,4185.24,4289.06,123.32
2025-03-14 18:00:00,4322.78,4325.42,90.22
2025-03-14 19:00:00,4335.24,4315.2,85.14
2025-03-14 20:00:00,4222.46,4213.16,68.69
2025-03-14 21:00:00,4075.7,4060.68,32.76
2025-03-14 22:00:00,4038.89,4057.5,7.59
2025-03-14 23:00:00,3970.7,3976.32,0.57
2025-03-15 00:00:00,3743.75,3748.38,0.13
2025-03-15 01:00:00,3588.04,3609.15,0.05
2025-03-15 02:00:00,3493.58,3541.34,0.01
2025-03-15 03:00:00,3449.71,3497.2,0.0
2025-03-15 04:00:00,3455.49,3505.75,0.0
2025-03-15 05:00:00,3514.98,3555.36,0.0
2025-03-15 06:00:00,3582.2,3632.05,0.01
2025-03-15 07:00:00,3666.84,3627.75,2.87
2025-03-15 08:00:00,3713.02,3641.76,20.36
2025-03-15 09:00:00,3613.2,3625.74,58.57
2025-03-15 10:00:00,3562.05,3538.8,91.31
2025-03-15 11:00:00,3504.77,3435.42,158.31
2025-03-15 12:00:00,3330.39,3357.19,188.84
2025-03-15 13:00:00,3317.26,3369.91,119.9
2025-03-15 14:00:00,3364.77,3399.87,71.45
2025-03-15 15:00:00,3487.39,3430.96,50.75
2025-03-15 16:00:00,3651.76,3571.85,66.14
2025-03-15 17:00:00,3789.95,3742.54,104.27
2025-03-15 18:00:00,3898.26,3878.61,83.77
2025-03-15 19:00:00,3910.29,3893.32,52.67
2025-03-15 20:00:00,3821.54,3807.28,17.12
2025-03-15 21:00:00,3737.46,3711.97,1.31
2025-03-15 22:00:00,3771.93,3710.68,0.24
2025-03-15 23:00:00,3730.02,3699.07,0.03
2025-03-16 00:00:00,3516.35,3514.2,0.0
2025-03-16 01:00:00,3366.75,3374.12,0.0
2025-03-16 02:00:00,3275.59,3285.31,0.0
2025-03-16 03:00:00,3236.94,3257.47,0.0
2025-03-16 04:00:00,3253.56,3265.38,0.0
2025-03-16 05:00:00,3308.51,3277.35,0.01
2025-03-16 06:00:00,3375.95,3356.22,0.11
2025-03-16 07:00:00,3423.91,3378.16,20.5
2025-03-16 08:00:00,3466.96,3384.72,66.11
2025-03-16 09:00:00,3554.9,3425.39,106.26
2025-03-16 10:00:00,3622.02,3520.75,111.39
2025-03-16 11:00:00,3588.67,3567.97,105.73
2025-03-16 12:00:00,3541.94,3519.51,118.31
2025-03-16 13:00:00,3479.59,3614.56,159.26
2025-03-16 14:00:00,3391.27,3556.54,194.1
2025-03-16 15:00:00,3409.51,3496.04,220.3
2025-03-16 16:00:00,3556.86,3582.54,190.97
2025-03-16 17:00:00,3796.13,3715.74,134.53
2025-03-16 18:00:00,4011.87,3902.38,88.78
2025-03-16 19:00:00,4085.36,4038.97,74.34
2025-03-16 20:00:00,4036.32,4034.73,55.23
2025-03-16 21:00:00,3919.38,3942.41,20.69
2025-03-16 22:00:00,3843.01,3890.14,3.69
2025-03-16 23:00:00,3793.47,3790.99,0.01
2025-03-17 00:00:00,3612.62,3595.07,0.0
2025-03-17 01:00:00,3474.78,3526.58,0.0
2025-03-17 02:00:00,3394.88,3451.15,0.0
2025-03-17 03:00:00,3374.59,3407.66,0.0
2025-03-17 04:00:00,3429.23,3433.95,0.0
2025-03-17 05:00:00,3581.89,3583.73,0.01
2025-03-17 06:00:00,3869.93,3870.44,0.24
2025-03-17 07:00:00,4257.81,4255.74,24.25
2025-03-17 08:00:00,4544.04,4619.71,95.98
2025-03-17 09:00:00,4570.34,4638.47,196.71
2025-03-17 10:00:00,4415.96,4480.43,234.37
2025-03-17 11:00:00,4222.4,4247.3,284.75
2025-03-17 12:00:00,4023.28,3969.82,312.52
2025-03-17 13:00:00,4164.74,4186.87,337.8
2025-03-17 14:00:00,4282.95,4281.46,362.48
2025-03-17 15:00:00,4345.09,4323.48,307.81
2025-03-17 16:00:00,4483.84,4483.97,214.32
2025-03-17 17:00:00,4605.8,4590.88,152.14
2025-03-17 18:00:00,4717.4,4644.1,95.41
2025-03-17 19:00:00,4699.31,4643.56,86.09
2025-03-17 20:00:00,4533.28,4505.23,71.65
2025-03-17 21:00:00,4361.83,4317.26,39.97
2025-03-17 22:00:00,4287.06,4258.76,10.07
2025-03-17 23:00:00,4202.92,4171.65,0.54
2025-03-18 00:00:00,3967.42,3937.53,0.09
2025-03-18 01:00:00,3821.34,3810.66,0.0
2025-03-18 02:00:00,3732.48,3748.02,0.0
2025-03-18 03:00:00,3703.98,3735.65,0.0
2025-03-18 04:00:00,3717.36,3783.88,0.0
2025-03-18 05:00:00,3844.0,3893.72,0.01
2025-03-18 06:00:00,4084.21,4130.88,0.26
2025-03-18 07:00:00,4480.02,4405.47,21.63
2025-03-18 08:00:00,4866.82,4725.22,48.0
2025-03-18 09:00:00,5059.32,4886.52,87.66
2025-03-18 10:00:00,5096.14,4947.01,127.41
2025-03-18 11:00:00,4972.79,4957.76,113.15
2025-03-18 12:00:00,4758.36,4756.61,146.7
2025-03-18 13:00:00,4845.5,4872.38,164.08
2025-03-18 14:00:00,4774.22,4857.92,125.1
2025-03-18 15:00:00,4756.15,4776.4,93.02
2025-03-18 16:00:00,4800.03,4759.81,78.66
2025-03-18 17:00:00,4816.62,4740.04,94.32
2025-03-18 18:00:00,4836.0,4779.44,71.56
2025-03-18 19:00:00,4774.28,4755.41,48.43
2025-03-18 20:00:00,4580.96,4598.85,29.11
2025-03-18 21:00:00,4398.29,4403.27,4.24
2025-03-18 22:00:00,4346.5,4330.19,0.37
2025-03-18 23:00:00,4265.29,4220.25,0.06
2025-03-19 00:00:00,4021.04,4000.46,0.0
2025-03-19 01:00:00,3879.53,3864.95,0.0
2025-03-19 02:00:00,3799.93,3759.28,0.0
2025-03-19 03:00:00,3768.14,3735.82,0.0
2025-03-19 04:00:00,3803.86,3758.02,0.0
2025-03-19 05:00:00,3928.82,3897.89,0.01
2025-03-19 06:00:00,4174.15,4109.39,0.52
2025-03-19 07:00:00,4475.72,4457.59,32.58
2025-03-19 08:00:00,4724.49,4826.11,122.42
2025-03-19 09:00:00,4720.19,4867.3,204.31
2025-03-19 10:00:00,4548.22,4694.85,212.79
2025-03-19 11:00:00,4337.59,4487.73,254.32
2025-03-19 12:00:00,4049.7,4135.62,282.38
2025-03-19 13:00:00,4143.12,4192.69,306.9
2025-03-19 14:00:00,4219.51,4253.1,337.99
2025-03-19 15:00:00,4301.29,4291.75,300.61
2025-03-19 16:00:00,4442.94,4436.81,214.55
2025-03-19 17:00:00,4576.93,4546.02,152.45
2025-03-19 18:00:00,4696.46,4634.27,95.82
2025-03-19 19:00:00,4706.7,4665.01,85.9
2025-03-19 20:00:00,4556.81,4556.47,71.35
2025-03-19 21:00:00,4391.7,4365.92,39.61
2025-03-19 22:00:00,4304.39,4336.82,9.79
2025-03-19 23:00:00,4217.34,4243.59,0.53
2025-03-20 00:00:00,3967.73,3985.75,0.09
2025-03-20 01:00:00,3818.04,3822.83,0.0
2025-03-20 02:00:00,3736.52,3746.47,0.0
2025-03-20 03:00:00,3708.71,3736.94,0.0
2025-03-20 04:00:00,3739.45,3743.37,0.0
2025-03-20 05:00:00,3854.46,3866.47,0.01
2025-03-20 06:00:00,4084.86,4103.24,0.66
2025-03-20 07:00:00,4368.83,4400.93,36.09
2025-03-20 08:00:00,4586.6,4676.52,130.21
2025-03-20 09:00:00,4619.07,4634.02,231.56
2025-03-20 10:00:00,4447.14,4512.78,234.69
2025-03-20 11:00:00,4171.01,4308.36,269.33
2025-03-20 12:00:00,3862.52,3951.09,290.22
2025-03-20 13:00:00,3965.28,3953.3,315.82
2025-03-20 14:00:00,4060.35,4075.27,328.06
2025-03-20 15:00:00,4136.12,4119.79,271.35
2025-03-20 16:00:00,4289.02,4261.55,186.34
2025-03-20 17:00:00,4437.87,4416.95,143.89
2025-03-20 18:00:00,4555.69,4500.78,95.75
2025-03-20 19:00:00,4556.0,4483.09,85.91
2025-03-20 20:00:00,4411.75,4354.82,70.48
2025-03-20 21:00:00,4247.87,4187.1,37.85
2025-03-20 22:00:00,4179.97,4138.74,9.33
2025-03-20 23:00:00,4082.75,4086.1,0.55
2025-03-21 00:00:00,3837.98,3863.37,0.09
2025-03-21 01:00:00,3699.5,3711.33,0.0
2025-03-21 02:00:00,3608.02,3626.94,0.0
2025-03-21 03:00:00,3570.0,3579.64,0.0
2025-03-21 04:00:00,3608.27,3557.56,0.0
2025-03-21 05:00:00,3722.85,3619.02,0.01
2025-03-21 06:00:00,3931.32,3801.56,0.58
2025-03-21 07:00:00,4178.52,3990.93,35.58
2025-03-21 08:00:00,4331.76,4217.1,130.88
2025-03-21 09:00:00,4273.58,4207.07,230.58
2025-03-21 10:00:00,4051.54,4046.43,232.69
2025-03-21 11:00:00,3831.49,3833.75,267.96
2025-03-21 12:00:00,3613.63,3577.8,293.8
2025-03-21 13:00:00,3743.46,3658.78,324.93
2025-03-21 14:00:00,3846.75,3821.85,342.53
2025-03-21 15:00:00,3926.46,3924.81,286.77
2025-03-21 16:00:00,4056.2,4089.81,198.08
2025-03-21 17:00:00,4181.1,4212.58,147.18
2025-03-21 18:00:00,4297.2,4319.09,95.95
2025-03-21 19:00:00,4326.97,4328.08,85.45
2025-03-21 20:00:00,4220.27,4236.41,71.47
2025-03-21 21:00:00,4092.36,4081.8,38.97
2025-03-21 22:00:00,4055.1,4050.83,9.29
2025-03-21 23:00:00,3968.02,4000.81,0.56
2025-03-22 00:00:00,3726.66,3765.61,0.09
2025-03-22 01:00:00,3580.64,3618.08,0.01
2025-03-22 02:00:00,3490.96,3525.03,0.0
2025-03-22 03:00:00,3453.5,3509.63,0.0
2025-03-22 04:00:00,3465.45,3551.16,0.0
2025-03-22 05:00:00,3522.4,3605.06,0.01
2025-03-22 06:00:00,3594.94,3694.83,0.8
2025-03-22 07:00:00,3576.75,3680.57,36.87
2025-03-22 08:00:00,3463.25,3591.55,132.15
2025-03-22 09:00:00,3365.25,3392.12,231.86
2025-03-22 10:00:00,3203.37,3254.6,230.41
2025-03-22 11:00:00,3066.38,3077.77,243.02
2025-03-22 12:00:00,2952.46,2979.42,254.18
2025-03-22 13:00:00,3034.72,3037.72,282.86
2025-03-22 14:00:00,3139.1,3122.47,318.73
2025-03-22 15:00:00,3249.38,3227.51,278.66
2025-03-22 16:00:00,3392.18,3440.1,199.24
2025-03-22 17:00:00,3574.26,3670.24,148.88
2025-03-22 18:00:00,3748.84,3862.86,96.32
2025-03-22 19:00:00,3827.95,3926.46,86.02
2025-03-22 20:00:00,3780.93,3864.76,71.98
2025-03-22 21:00:00,3695.64,3730.88,40.14
2025-03-22 22:00:00,3688.85,3684.32,9.89
2025-03-22 23:00:00,3618.91,3667.7,0.56
2025-03-23 00:00:00,3409.04,3502.35,0.09
2025-03-23 01:00:00,3271.05,3347.77,0.01
2025-03-23 02:00:00,3201.41,3255.85,0.0
2025-03-23 03:00:00,3165.26,3211.81,0.0
2025-03-23 04:00:00,3175.83,3221.59,0.0
2025-03-23 05:00:00,3234.09,3262.24,0.01
2025-03-23 06:00:00,3293.27,3347.37,0.95
2025-03-23 07:00:00,3249.97,3312.19,35.75
2025-03-23 08:00:00,3102.77,3230.86,121.66
2025-03-23 09:00:00,2981.34,3052.92,213.11
2025-03-23 10:00:00,2865.37,2943.42,215.94
2025-03-23 11:00:00,2752.14,2837.7,192.75
2025-03-23 12:00:00,2743.06,2725.78,189.27
2025-03-23 13:00:00,2804.57,2819.16,216.56
2025-03-23 14:00:00,2927.22,2879.68,228.25
2025-03-23 15:00:00,3127.78,3001.5,235.46
2025-03-23 16:00:00,3335.26,3288.41,180.58
2025-03-23 17:00:00,3531.52,3552.28,134.96
2025-03-23 18:00:00,3711.04,3786.2,93.26
2025-03-23 19:00:00,3798.76,3820.99,85.45
2025-03-23 20:00:00,3758.19,3744.29,70.46
2025-03-23 21:00:00,3651.66,3606.04,36.92
2025-03-23 22:00:00,3547.63,3544.21,8.25
2025-03-23 23:00:00,3448.9,3439.65,0.56
2025-03-24 00:00:00,3257.44,3204.64,0.08
2025-03-24 01:00:00,3129.91,3100.09,0.01
2025-03-24 02:00:00,3068.42,3072.6,0.0
2025-03-24 03:00:00,3057.78,3058.01,0.0
2025-03-24 04:00:00,3105.89,3108.89,0.0
2025-03-24 05:00:00,3245.91,3194.88,0.01
2025-03-24 06:00:00,3484.86,3375.23,0.49
2025-03-24 07:00:00,3840.0,3663.2,27.75
2025-03-24 08:00:00,4136.32,4020.81,110.74
2025-03-24 09:00:00,4109.51,4209.38,199.62
2025-03-24 10:00:00,3883.84,4135.83,203.07
2025-03-24 11:00:00,3702.29,3814.23,236.46
2025-03-24 12:00:00,3514.5,3588.26,257.77
2025-03-24 13:00:00,3684.59,3656.34,275.33
2025-03-24 14:00:00,3839.28,3768.57,281.92
2025-03-24 15:00:00,3958.78,3906.82,230.16
2025-03-24 16:00:00,4103.15,4076.77,138.43
2025-03-24 17:00:00,4208.82,4219.2,126.36
2025-03-24 18:00:00,4319.32,4278.59,94.36
2025-03-24 19:00:00,4320.4,4250.78,84.67
2025-03-24 20:00:00,4178.97,4055.78,67.94
2025-03-24 21:00:00,4024.16,3876.77,34.74
2025-03-24 22:00:00,3962.21,3811.65,8.13
2025-03-24 23:00:00,3844.51,3727.5,0.52
2025-03-25 00:00:00,3600.39,3506.71,0.09
2025-03-25 01:00:00,3467.01,3368.68,0.0
2025-03-25 02:00:00,3410.56,3327.9,0.0
2025-03-25 03:00:00,3383.8,3305.22,0.0
2025-03-25 04:00:00,3416.16,3358.98,0.0
2025-03-25 05:00:00,3530.81,3511.37,0.01
2025-03-25 06:00:00,3720.7,3803.67,0.86
2025-03-25 07:00:00,3947.86,4162.39,33.24
2025-03-25 08:00:00,4088.13,4433.54,121.11
2025-03-25 09:00:00,4050.04,4343.93,212.77
2025-03-25 10:00:00,3911.42,4086.68,208.31
2025-03-25 11:00:00,3750.33,3846.65,231.67
2025-03-25 12:00:00,3602.67,3729.96,245.88
2025-03-25 13:00:00,3791.97,3814.46,265.97
2025-03-25 14:00:00,3938.42,3914.62,282.11
2025-03-25 15:00:00,4075.65,4049.26,244.04
2025-03-25 16:00:00,4170.19,4250.43,167.14
2025-03-25 17:00:00,4223.75,4295.46,134.26
2025-03-25 18:00:00,4330.35,4252.15,94.43
2025-03-25 19:00:00,4354.94,4223.24,85.24
2025-03-25 20:00:00,4225.87,4116.87,69.61
2025-03-25 21:00:00,4070.07,4013.55,36.15
2025-03-25 22:00:00,3988.08,3974.17,8.24
2025-03-25 23:00:00,3875.2,3863.48,0.53
2025-03-26 00:00:00,3617.62,3605.09,0.08
2025-03-26 01:00:00,3486.92,3486.0,0.0
2025-03-26 02:00:00,3425.62,3408.11,0.0
2025-03-26 03:00:00,3391.09,3346.55,0.0
2025-03-26 04:00:00,3423.2,3356.54,0.0
2025-03-26 05:00:00,3539.52,3500.25,0.01
2025-03-26 06:00:00,3725.25,3730.11,1.42
2025-03-26 07:00:00,3906.4,4008.92,38.95
2025-03-26 08:00:00,3994.47,4215.51,126.09
2025-03-26 09:00:00,3958.31,4140.99,221.85
2025-03-26 10:00:00,3782.23,3989.71,223.5
2025-03-26 11:00:00,3613.88,3744.6,256.03
2025-03-26 12:00:00,3443.12,3580.84,264.11
2025-03-26 13:00:00,3637.78,3657.39,303.82
2025-03-26 14:00:00,3798.79,3758.1,325.93
2025-03-26 15:00:00,3894.6,3882.19,275.94
2025-03-26 16:00:00,4031.81,4059.36,190.18
2025-03-26 17:00:00,4138.05,4196.3,143.83
2025-03-26 18:00:00,4254.57,4291.32,95.82
2025-03-26 19:00:00,4268.67,4264.86,85.53
2025-03-26 20:00:00,4153.87,4138.2,71.22
2025-03-26 21:00:00,4009.14,3985.05,38.33
2025-03-26 22:00:00,3930.71,3910.18,9.93
2025-03-26 23:00:00,3813.2,3789.96,0.57
2025-03-27 00:00:00,3574.37,3574.34,0.08
2025-03-27 01:00:00,3446.28,3406.56,0.0
2025-03-27 02:00:00,3381.32,3356.4,0.0
2025-03-27 03:00:00,3345.22,3317.34,0.0
2025-03-27 04:00:00,3368.37,3297.17,0.0
2025-03-27 05:00:00,3477.59,3420.1,0.0
2025-03-27 06:00:00,3667.09,3619.05,0.08
2025-03-27 07:00:00,3959.94,3890.38,6.48
2025-03-27 08:00:00,4247.79,4194.81,19.28
2025-03-27 09:00:00,4344.42,4297.2,39.18
2025-03-27 10:00:00,4295.29,4283.71,46.12
2025-03-27 11:00:00,4186.0,4166.74,54.51
2025-03-27 12:00:00,4018.26,4034.4,65.3
2025-03-27 13:00:00,4134.09,4162.41,41.48
2025-03-27 14:00:00,4172.78,4215.1,23.93
2025-03-27 15:00:00,4186.39,4199.5,29.82
2025-03-27 16:00:00,4259.57,4251.13,32.99
2025-03-27 17:00:00,4288.14,4280.39,56.52
2025-03-27 18:00:00,4281.89,4309.05,7.64
2025-03-27 19:00:00,4253.4,4243.27,1.37
2025-03-27 20:00:00,4125.0,4133.02,0.35
2025-03-27 21:00:00,4005.05,3977.83,0.13
2025-03-27 22:00:00,3969.83,3934.84,0.01
2025-03-27 23:00:00,3866.4,3864.91,0.0
2025-03-28 00:00:00,3630.11,3628.47,0.0
2025-03-28 01:00:00,3495.07,3456.77,0.0
2025-03-28 02:00:00,3425.12,3404.43,0.0
2025-03-28 03:00:00,3397.0,3384.18,0.0
2025-03-28 04:00:00,3433.09,3419.78,0.0
2025-03-28 05:00:00,3552.51,3521.24,0.01
2025-03-28 06:00:00,3749.4,3723.78,0.43
2025-03-28 07:00:00,4009.76,3960.67,23.63
2025-03-28 08:00:00,4237.17,4172.22,95.47
2025-03-28 09:00:00,4262.17,4228.48,163.59
2025-03-28 10:00:00,4103.28,4172.54,199.55
2025-03-28 11:00:00,3893.2,3929.76,247.34
2025-03-28 12:00:00,3625.75,3699.86,285.69
2025-03-28 13:00:00,3738.45,3755.73,311.4
2025-03-28 14:00:00,3842.65,3820.11,335.2
2025-03-28 15:00:00,3915.63,3893.88,276.74
2025-03-28 16:00:00,4026.97,4039.61,169.66
2025-03-28 17:00:00,4141.77,4113.86,136.41
2025-03-28 18:00:00,4270.49,4188.62,95.0
2025-03-28 19:00:00,4307.41,4241.14,85.75
2025-03-28 20:00:00,4199.98,4196.34,70.1
2025-03-28 21:00:00,4062.32,4072.22,34.81
2025-03-28 22:00:00,4016.85,4051.6,8.13
2025-03-28 23:00:00,3933.0,3953.34,0.52
2025-03-29 00:00:00,3703.01,3716.8,0.09
2025-03-29 01:00:00,3555.75,3577.8,0.0
2025-03-29 02:00:00,3471.3,3491.11,0.0
2025-03-29 03:00:00,3437.82,3434.54,0.0
2025-03-29 04:00:00,3450.52,3452.64,0.0
2025-03-29 05:00:00,3504.67,3502.23,0.02
2025-03-29 06:00:00,3567.52,3577.81,2.94
2025-03-29 07:00:00,3529.94,3586.56,52.11
2025-03-29 08:00:00,3392.68,3514.38,151.32
2025-03-29 09:00:00,3349.91,3343.46,223.93
2025-03-29 10:00:00,3319.95,3234.46,199.87
2025-03-29 11:00:00,3348.66,3162.36,182.35
2025-03-29 12:00:00,3287.99,3193.38,131.51
2025-03-29 13:00:00,3296.85,3339.28,95.01
2025-03-29 14:00:00,3298.17,3381.32,101.99
2025-03-29 15:00:00,3303.71,3398.03,101.37
2025-03-29 16:00:00,3436.88,3485.15,132.29
2025-03-29 17:00:00,3641.54,3637.11,134.4
2025-03-29 18:00:00,3834.45,3787.48,97.86
2025-03-29 19:00:00,3948.89,3858.92,81.31
2025-03-29 20:00:00,3866.67,3877.32,41.22
2025-03-29 21:00:00,3760.64,3793.97,5.38
2025-03-29 22:00:00,3775.65,3754.26,0.92
2025-03-29 23:00:00,3732.34,3704.32,0.11
2025-03-30 00:00:00,3528.43,3501.1,0.0
2025-03-30 01:00:00,3383.24,3351.87,0.0
2025-03-30 02:00:00,3293.38,3262.05,0.0
2025-03-30 03:00:00,3258.47,3221.69,0.0
2025-03-30 04:00:00,3281.25,3246.86,0.0
2025-03-30 05:00:00,3339.2,3302.01,0.02
2025-03-30 06:00:00,3384.35,3349.55,2.91
2025-03-30 07:00:00,3308.23,3298.33,52.12
2025-03-30 08:00:00,3107.87,3165.31,132.23
2025-03-30 09:00:00,2999.38,2990.66,231.84
2025-03-30 10:00:00,2887.85,2909.67,200.96
2025-03-30 11:00:00,2856.31,2857.28,180.99
2025-03-30 12:00:00,2834.62,2823.86,171.37
2025-03-30 13:00:00,2917.53,2906.81,208.24
2025-03-30 14:00:00,3021.52,2983.32,213.16
2025-03-30 15:00:00,3139.1,3117.05,174.04
2025-03-30 16:00:00,3317.11,3349.74,127.33
2025-03-30 17:00:00,3572.06,3611.49,134.43
2025-03-30 18:00:00,3804.11,3839.98,100.69
2025-03-30 19:00:00,3920.4,3927.28,85.56
2025-03-30 20:00:00,3873.98,3912.45,66.77
2025-03-30 21:00:00,3767.42,3807.03,30.15
2025-03-30 22:00:00,3683.89,3739.9,3.93
2025-03-30 23:00:00,3618.28,3647.15,0.49
2025-03-31 00:00:00,3432.3,3452.94,0.08
2025-03-31 01:00:00,3293.27,3344.84,0.01
2025-03-31 02:00:00,3228.11,3295.64,0.0
2025-03-31 03:00:00,3218.34,3268.73,0.0
2025-03-31 04:00:00,3262.96,3326.85,0.0
2025-03-31 05:00:00,3400.19,3478.35,0.02
2025-03-31 06:00:00,3644.18,3720.91,3.05
2025-03-31 07:00:00,3955.85,3983.91,50.56
2025-03-31 08:00:00,4191.46,4289.45,143.91
2025-03-31 09:00:00,4203.94,4297.84,227.09
2025-03-31 10:00:00,4041.38,4132.51,215.12
2025-03-31 11:00:00,3839.84,3886.91,240.28
2025-03-31 12:00:00,3630.55,3658.89,263.17
2025-03-31 13:00:00,3784.2,3785.77,269.46
2025-03-31 14:00:00,3907.73,3916.27,281.35
2025-03-31 15:00:00,4011.62,4024.46,238.76
2025-03-31 16:00:00,4155.27,4190.15,166.41
2025-03-31 17:00:00,4260.46,4284.52,140.85
2025-03-31 18:00:00,4367.11,4360.72,99.02
2025-03-31 19:00:00,4390.07,4354.91,85.77
2025-03-31 20:00:00,4257.65,4238.15,70.02
2025-03-31 21:00:00,4100.38,4081.57,37.15
2025-03-31 22:00:00,4055.91,4021.6,9.29
2025-03-31 23:00:00,3964.48,3951.32,0.44
2025-04-01 00:00:00,3913.87,3732.1,0.03
2025-04-01 01:00:00,3765.53,3729.06,0.0
2025-04-01 02:00:00,3687.98,3702.77,0.0
2025-04-01 03:00:00,3654.76,3665.53,0.0
2025-04-01 04:00:00,3689.35,3696.75,0.0
2025-04-01 05:00:00,3807.73,3758.59,0.02
2025-04-01 06:00:00,4001.19,4000.63,1.87
2025-04-01 07:00:00,4236.48,4264.33,41.05
2025-04-01 08:00:00,4394.03,4523.79,131.32
2025-04-01 09:00:00,4345.74,4426.52,242.52
2025-04-01 10:00:00,4129.34,4168.88,248.19
2025-04-01 11:00:00,3922.06,3935.75,286.01
2025-04-01 12:00:00,3682.49,3741.91,297.81
2025-04-01 13:00:00,3816.97,3869.55,300.39
2025-04-01 14:00:00,3953.19,3982.42,316.61
2025-04-01 15:00:00,4095.08,4048.74,288.22
2025-04-01 16:00:00,4257.84,4224.53,202.23
2025-04-01 17:00:00,4411.77,4381.81,153.18
2025-04-01 18:00:00,4556.27,4501.44,100.39
2025-04-01 19:00:00,4610.12,4515.95,86.09
2025-04-01 20:00:00,4478.72,4436.28,72.14
2025-04-01 21:00:00,4326.47,4297.15,40.08
2025-04-01 22:00:00,4248.01,4250.96,10.15
2025-04-01 23:00:00,4155.18,4168.28,0.56
2025-04-02 00:00:00,3909.09,3915.91,0.09
2025-04-02 01:00:00,3770.05,3778.43,0.0
2025-04-02 02:00:00,3691.25,3678.26,0.0
2025-04-02 03:00:00,3666.92,3683.7,0.0
2025-04-02 04:00:00,3691.12,3750.39,0.0
2025-04-02 05:00:00,3791.78,3826.97,0.02
2025-04-02 06:00:00,3993.99,4014.08,4.22
2025-04-02 07:00:00,4192.67,4155.93,58.71
2025-04-02 08:00:00,4321.39,4291.88,159.19
2025-04-02 09:00:00,4281.7,4243.14,252.7
2025-04-02 10:00:00,4086.46,4121.04,244.15
2025-04-02 11:00:00,3925.42,3949.27,273.48
2025-04-02 12:00:00,3813.99,3833.08,288.65
2025-04-02 13:00:00,4094.39,4021.39,304.53
2025-04-02 14:00:00,4282.68,4216.04,247.47
2025-04-02 15:00:00,4418.04,4347.22,117.46
2025-04-02 16:00:00,4565.95,4481.15,79.85
2025-04-02 17:00:00,4589.58,4577.03,121.59
2025-04-02 18:00:00,4608.32,4605.07,96.98
2025-04-02 19:00:00,4599.17,4548.57,84.1
2025-04-02 20:00:00,4461.03,4398.46,65.82
2025-04-02 21:00:00,4297.08,4261.39,34.16
2025-04-02 22:00:00,4232.09,4195.03,7.9
2025-04-02 23:00:00,4107.47,4095.39,0.52
2025-04-03 00:00:00,3868.42,3836.74,0.09
2025-04-03 01:00:00,3717.41,3711.14,0.01
2025-04-03 02:00:00,3642.14,3665.54,0.0
2025-04-03 03:00:00,3618.92,3645.02,0.0
2025-04-03 04:00:00,3662.02,3682.15,0.0
2025-04-03 05:00:00,3772.21,3797.34,0.01
2025-04-03 06:00:00,3977.1,3981.08,1.72
2025-04-03 07:00:00,4187.11,4228.36,22.42
2025-04-03 08:00:00,4323.18,4457.04,73.21
2025-04-03 09:00:00,4275.05,4409.55,134.75
2025-04-03 10:00:00,4105.0,4243.25,157.61
2025-04-03 11:00:00,3879.42,4014.17,180.46
2025-04-03 12:00:00,3655.54,3811.26,193.37
2025-04-03 13:00:00,3837.23,3936.49,220.99
2025-04-03 14:00:00,4007.17,4035.69,247.46
2025-04-03 15:00:00,4104.09,4136.03,217.26
2025-04-03 16:00:00,4275.76,4295.28,165.28
2025-04-03 17:00:00,4394.32,4417.26,130.69
2025-04-03 18:00:00,4527.87,4516.49,95.0
2025-04-03 19:00:00,4577.24,4548.51,84.47
2025-04-03 20:00:00,4444.73,4439.0,62.8
2025-04-03 21:00:00,4262.68,4308.6,14.03
2025-04-03 22:00:00,4216.92,4210.34,2.2
2025-04-03 23:00:00,4116.59,4114.25,0.49
2025-04-04 00:00:00,3867.84,3866.23,0.03
2025-04-04 01:00:00,3716.42,3737.85,0.0
2025-04-04 02:00:00,3632.26,3688.51,0.0
2025-04-04 03:00:00,3609.05,3637.33,0.0
2025-04-04 04:00:00,3639.78,3674.77,0.0
2025-04-04 05:00:00,3753.45,3774.8,0.02
2025-04-04 06:00:00,3903.69,3954.22,4.56
2025-04-04 07:00:00,4142.18,4122.2,49.62
2025-04-04 08:00:00,4265.94,4320.18,137.28
2025-04-04 09:00:00,4219.16,4255.53,237.96
2025-04-04 10:00:00,4018.05,4123.5,234.47
2025-04-04 11:00:00,3810.33,3901.71,268.84
2025-04-04 12:00:00,3634.0,3714.66,259.58
2025-04-04 13:00:00,3832.0,3842.32,304.57
2025-04-04 14:00:00,3936.8,3979.11,318.8
2025-04-04 15:00:00,4039.7,4061.89,277.11
2025-04-04 16:00:00,4153.34,4193.89,193.33
2025-04-04 17:00:00,4251.73,4253.38,146.93
2025-04-04 18:00:00,4372.52,4329.98,98.49
2025-04-04 19:00:00,4422.29,4346.67,86.0
2025-04-04 20:00:00,4319.87,4248.86,71.61
2025-04-04 21:00:00,4179.71,4127.81,38.43
2025-04-04 22:00:00,4125.8,4130.57,9.24
2025-04-04 23:00:00,4022.76,4022.23,0.56
2025-04-05 00:00:00,3783.54,3775.17,0.09
2025-04-05 01:00:00,3615.2,3676.76,0.0
2025-04-05 02:00:00,3528.29,3547.47,0.0
2025-04-05 03:00:00,3486.57,3494.15,0.0
2025-04-05 04:00:00,3491.34,3523.88,0.0
2025-04-05 05:00:00,3544.97,3562.59,0.01
2025-04-05 06:00:00,3595.66,3588.42,1.92
2025-04-05 07:00:00,3642.74,3588.42,30.29
2025-04-05 08:00:00,3650.35,3601.44,58.83
2025-04-05 09:00:00,3729.4,3578.45,70.72
2025-04-05 10:00:00,3824.66,3657.66,51.35
2025-04-05 11:00:00,3865.81,3743.31,46.06
2025-04-05 12:00:00,3848.89,3750.91,53.67
2025-04-05 13:00:00,3924.06,3849.54,54.56
2025-04-05 14:00:00,3928.65,3848.35,81.9
2025-04-05 15:00:00,3892.55,3839.18,88.17
2025-04-05 16:00:00,3921.69,3887.69,86.38
2025-04-05 17:00:00,3961.04,3917.56,96.76
2025-04-05 18:00:00,3968.27,3971.63,37.95
2025-04-05 19:00:00,3978.26,3954.22,3.8
2025-04-05 20:00:00,3917.56,3916.6,0.71
2025-04-05 21:00:00,3835.84,3886.58,0.01
2025-04-05 22:00:00,3835.9,3909.46,0.0
2025-04-05 23:00:00,3778.22,3854.39,0.0
2025-04-06 00:00:00,3560.52,3648.77,0.0
2025-04-06 01:00:00,3407.64,3457.97,0.0
2025-04-06 02:00:00,3317.33,3356.05,0.0
2025-04-06 03:00:00,3279.14,3326.66,0.0
2025-04-06 04:00:00,3293.53,3334.71,0.0
2025-04-06 05:00:00,3348.27,3370.6,0.01
2025-04-06 06:00:00,3382.41,3389.28,5.71
2025-04-06 07:00:00,3330.37,3374.25,65.94
2025-04-06 08:00:00,3209.81,3301.85,171.84
2025-04-06 09:00:00,3088.05,3132.42,268.75
2025-04-06 10:00:00,2933.52,2974.9,239.45
2025-04-06 11:00:00,2815.09,2863.37,227.42
2025-04-06 12:00:00,2759.68,2820.66,204.78
2025-04-06 13:00:00,2835.06,2878.44,251.77
2025-04-06 14:00:00,2951.28,2978.97,324.38
2025-04-06 15:00:00,3040.65,3124.08,287.53
2025-04-06 16:00:00,3271.39,3305.7,218.52
2025-04-06 17:00:00,3553.7,3570.32,161.5
2025-04-06 18:00:00,3793.64,3817.23,101.74
2025-04-06 19:00:00,3939.19,3929.25,86.23
2025-04-06 20:00:00,3911.74,3930.57,73.04
2025-04-06 21:00:00,3827.03,3870.25,42.07
2025-04-06 22:00:00,3734.86,3777.94,11.57
2025-04-06 23:00:00,3641.7,3641.39,0.67
2025-04-07 00:00:00,3440.84,3406.93,0.12
2025-04-07 01:00:00,3307.59,3260.03,0.01
2025-04-07 02:00:00,3245.92,3153.35,0.0
2025-04-07 03:00:00,3229.57,3113.01,0.0
2025-04-07 04:00:00,3288.03,3195.1,0.0
2025-04-07 05:00:00,3443.09,3328.76,0.01
2025-04-07 06:00:00,3681.53,3535.04,6.18
2025-04-07 07:00:00,3924.94,3840.41,68.58
2025-04-07 08:00:00,4104.25,4078.03,174.51
2025-04-07 09:00:00,4100.92,4102.74,266.07
2025-04-07 10:00:00,3933.81,4013.35,251.91
2025-04-07 11:00:00,3753.28,3804.68,271.49
2025-04-07 12:00:00,3567.1,3640.3,292.87
2025-04-07 13:00:00,3758.0,3761.54,323.36
2025-04-07 14:00:00,3905.26,3887.9,335.06
2025-04-07 15:00:00,4009.54,4021.25,263.17
2025-04-07 16:00:00,4181.85,4199.72,178.94
2025-04-07 17:00:00,4329.87,4334.78,146.61
2025-04-07 18:00:00,4460.15,4438.48,100.45
2025-04-07 19:00:00,4498.85,4442.03,85.99
2025-04-07 20:00:00,4361.64,4325.63,71.45
2025-04-07 21:00:00,4211.44,4178.42,39.16
2025-04-07 22:00:00,4121.26,4114.19,9.67
2025-04-07 23:00:00,3999.95,4003.76,0.57
2025-04-08 00:00:00,3753.25,3760.09,0.08
2025-04-08 01:00:00,3613.1,3627.96,0.0
2025-04-08 02:00:00,3534.83,3571.34,0.0
2025-04-08 03:00:00,3503.31,3560.19,0.0
2025-04-08 04:00:00,3533.32,3612.31,0.0
2025-04-08 05:00:00,3635.08,3712.97,0.01
2025-04-08 06:00:00,3820.02,3893.55,4.85
2025-04-08 07:00:00,4046.08,4075.3,51.15
2025-04-08 08:00:00,4220.33,4278.91,131.49
2025-04-08 09:00:00,4167.58,4273.82,216.4
2025-04-08 10:00:00,3931.11,4144.16,224.43
2025-04-08 11:00:00,3717.42,3855.47,263.88
2025-04-08 12:00:00,3521.92,3670.31,287.38
2025-04-08 13:00:00,3728.87,3814.81,332.81
2025-04-08 14:00:00,3849.57,3966.06,343.58
2025-04-08 15:00:00,3969.44,4017.53,286.24
2025-04-08 16:00:00,4137.63,4134.22,208.42
2025-04-08 17:00:00,4288.03,4266.3,161.26
2025-04-08 18:00:00,4433.45,4402.01,103.05
2025-04-08 19:00:00,4478.34,4440.24,86.15
2025-04-08 20:00:00,4376.3,4339.78,72.64
2025-04-08 21:00:00,4220.41,4177.83,42.57
2025-04-08 22:00:00,4138.75,4138.81,11.53
2025-04-08 23:00:00,4011.77,4048.59,0.62
2025-04-09 00:00:00,3763.91,3750.28,0.14
2025-04-09 01:00:00,3622.33,3570.38,0.07
2025-04-09 02:00:00,3553.62,3490.92,0.03
2025-04-09 03:00:00,3532.75,3461.24,0.02
2025-04-09 04:00:00,3562.97,3487.03,0.02
2025-04-09 05:00:00,3682.31,3618.79,0.02
2025-04-09 06:00:00,3869.41,3812.58,6.64
2025-04-09 07:00:00,4027.33,4068.11,62.16
2025-04-09 08:00:00,4169.94,4244.93,155.19
2025-04-09 09:00:00,4230.13,4162.18,242.58
2025-04-09 10:00:00,4180.62,4131.53,216.82
2025-04-09 11:00:00,4061.51,4065.87,229.54
2025-04-09 12:00:00,3796.33,3963.03,197.61
2025-04-09 13:00:00,3982.92,4077.08,188.68
2025-04-09 14:00:00,4115.37,4139.7,194.53
2025-04-09 15:00:00,4226.46,4207.0,132.72
2025-04-09 16:00:00,4360.38,4342.09,69.68
2025-04-09 17:00:00,4420.74,4425.53,108.98
2025-04-09 18:00:00,4482.89,4498.94,96.45
2025-04-09 19:00:00,4497.76,4483.89,83.53
2025-04-09 20:00:00,4373.1,4379.48,63.57
2025-04-09 21:00:00,4198.47,4223.35,23.25
2025-04-09 22:00:00,4117.72,4175.44,2.53
2025-04-09 23:00:00,4012.33,4064.29,0.46
2025-04-10 00:00:00,3756.78,3780.19,0.07
2025-04-10 01:00:00,3617.87,3613.72,0.0
2025-04-10 02:00:00,3542.08,3576.82,0.0
2025-04-10 03:00:00,3517.82,3562.89,0.0
2025-04-10 04:00:00,3536.46,3583.14,0.0
2025-04-10 05:00:00,3650.84,3706.22,0.01
2025-04-10 06:00:00,3834.44,3874.48,3.52
2025-04-10 07:00:00,4026.7,4062.77,29.35
2025-04-10 08:00:00,4169.49,4274.44,66.4
2025-04-10 09:00:00,4135.63,4251.76,120.04
2025-04-10 10:00:00,3982.74,4129.05,154.1
2025-04-10 11:00:00,3821.27,3909.38,209.48
2025-04-10 12:00:00,3672.7,3716.49,268.2
2025-04-10 13:00:00,3889.03,3896.21,299.4
2025-04-10 14:00:00,3969.66,4053.36,294.24
2025-04-10 15:00:00,4049.62,4110.6,272.65
2025-04-10 16:00:00,4176.4,4243.66,207.3
2025-04-10 17:00:00,4287.51,4306.76,158.78
2025-04-10 18:00:00,4419.32,4391.56,103.37
2025-04-10 19:00:00,4470.79,4415.98,86.12
2025-04-10 20:00:00,4355.01,4334.69,72.02
2025-04-10 21:00:00,4209.35,4168.6,41.0
2025-04-10 22:00:00,4125.92,4100.71,10.08
2025-04-10 23:00:00,3991.6,3997.14,0.53
2025-04-11 00:00:00,3740.51,3739.61,0.09
2025-04-11 01:00:00,3613.17,3579.71,0.01
2025-04-11 02:00:00,3541.76,3508.97,0.0
2025-04-11 03:00:00,3510.57,3467.92,0.0
2025-04-11 04:00:00,3537.12,3515.03,0.0
2025-04-11 05:00:00,3639.73,3625.6,0.01
2025-04-11 06:00:00,3802.98,3814.06,6.59
2025-04-11 07:00:00,3925.38,3993.19,53.07
2025-04-11 08:00:00,4004.78,4049.25,144.23
2025-04-11 09:00:00,3967.68,3948.26,256.82
2025-04-11 10:00:00,3795.76,3854.83,246.16
2025-04-11 11:00:00,3620.45,3667.57,276.9
2025-04-11 12:00:00,3462.62,3499.22,298.24
2025-04-11 13:00:00,3656.64,3630.14,330.42
2025-04-11 14:00:00,3805.38,3767.87,343.86
2025-04-11 15:00:00,3899.9,3875.87,281.51
2025-04-11 16:00:00,4036.62,4018.82,193.93
2025-04-11 17:00:00,4163.99,4149.79,148.0
2025-04-11 18:00:00,4287.83,4265.96,99.93
2025-04-11 19:00:00,4331.51,4303.61,85.92
2025-04-11 20:00:00,4229.21,4206.57,71.91
2025-04-11 21:00:00,4097.72,4047.71,39.03
2025-04-11 22:00:00,4031.95,4007.9,9.09
2025-04-11 23:00:00,3914.73,3887.69,0.56
2025-04-12 00:00:00,3667.34,3622.37,0.09
2025-04-12 01:00:00,3522.41,3470.98,0.01
2025-04-12 02:00:00,3442.62,3390.47,0.0
2025-04-12 03:00:00,3399.01,3350.29,0.0
2025-04-12 04:00:00,3406.46,3364.33,0.0
2025-04-12 05:00:00,3445.31,3430.15,0.01
2025-04-12 06:00:00,3489.16,3511.33,6.25
2025-04-12 07:00:00,3456.76,3494.47,49.13
2025-04-12 08:00:00,3372.57,3416.1,98.08
2025-04-12 09:00:00,3303.08,3270.94,110.26
2025-04-12 10:00:00,3348.38,3193.91,122.8
2025-04-12 11:00:00,3408.53,3187.12,87.74
2025-04-12 12:00:00,3423.39,3268.57,71.21
2025-04-12 13:00:00,3575.64,3453.71,73.25
2025-04-12 14:00:00,3681.72,3573.63,56.0
2025-04-12 15:00:00,3707.66,3643.33,33.28
2025-04-12 16:00:00,3736.16,3717.83,24.97
2025-04-12 17:00:00,3830.59,3783.02,82.91
2025-04-12 18:00:00,3874.93,3909.38,51.14
2025-04-12 19:00:00,3860.99,3919.47,7.77
2025-04-12 20:00:00,3808.29,3850.21,1.43
2025-04-12 21:00:00,3739.58,3791.99,0.21
2025-04-12 22:00:00,3766.14,3771.82,0.02
2025-04-12 23:00:00,3711.78,3699.86,0.0
2025-04-13 00:00:00,3509.91,3519.46,0.0
2025-04-13 01:00:00,3376.97,3386.71,0.0
2025-04-13 02:00:00,3287.97,3297.03,0.0
2025-04-13 03:00:00,3238.27,3247.14,0.0
2025-04-13 04:00:00,3244.02,3264.88,0.0
2025-04-13 05:00:00,3284.06,3291.3,0.01
2025-04-13 06:00:00,3331.74,3297.92,8.72
2025-04-13 07:00:00,3274.73,3370.8,69.75
2025-04-13 08:00:00,3153.07,3300.45,170.89
2025-04-13 09:00:00,3125.91,3153.25,218.33
2025-04-13 10:00:00,3208.52,3116.65,174.41
2025-04-13 11:00:00,3136.71,3232.28,180.16
2025-04-13 12:00:00,3129.29,3183.6,210.47
2025-04-13 13:00:00,3185.3,3251.01,242.41
2025-04-13 14:00:00,3300.41,3273.81,274.93
2025-04-13 15:00:00,3377.11,3369.94,258.12
2025-04-13 16:00:00,3527.4,3535.16,186.47
2025-04-13 17:00:00,3715.65,3685.57,152.32
2025-04-13 18:00:00,3875.75,3842.1,102.3
2025-04-13 19:00:00,3996.91,3917.65,86.14
2025-04-13 20:00:00,3967.23,3932.39,71.57
2025-04-13 21:00:00,3861.54,3860.29,37.87
2025-04-13 22:00:00,3753.99,3788.37,10.04
2025-04-13 23:00:00,3669.09,3625.75,0.41
2025-04-14 00:00:00,3484.88,3412.77,0.02
2025-04-14 01:00:00,3354.34,3350.42,0.0
2025-04-14 02:00:00,3265.01,3273.6,0.0
2025-04-14 03:00:00,3254.29,3220.37,0.0
2025-04-14 04:00:00,3306.15,3252.75,0.0
2025-04-14 05:00:00,3456.69,3387.02,0.01
2025-04-14 06:00:00,3704.78,3667.15,7.32
2025-04-14 07:00:00,4063.8,3985.59,65.27
2025-04-14 08:00:00,4406.81,4346.42,162.99
2025-04-14 09:00:00,4557.16,4477.58,243.57
2025-04-14 10:00:00,4573.1,4568.93,179.73
2025-04-14 11:00:00,4520.1,4523.47,140.33
2025-04-14 12:00:00,4404.37,4445.12,96.14
2025-04-14 13:00:00,4654.5,4583.96,73.0
2025-04-14 14:00:00,4707.82,4684.47,51.43
2025-04-14 15:00:00,4689.61,4714.41,30.81
2025-04-14 16:00:00,4724.75,4735.56,38.23
2025-04-14 17:00:00,4697.7,4710.19,98.08
2025-04-14 18:00:00,4680.52,4691.41,62.2
2025-04-14 19:00:00,4603.82,4636.42,17.67
2025-04-14 20:00:00,4438.92,4448.4,6.51
2025-04-14 21:00:00,4293.91,4258.35,1.63
2025-04-14 22:00:00,4248.41,4157.81,0.41
2025-04-14 23:00:00,4139.25,4060.64,0.06
2025-04-15 00:00:00,3901.62,3851.43,0.0
2025-04-15 01:00:00,3760.63,3730.4,0.0
2025-04-15 02:00:00,3686.8,3677.44,0.0
2025-04-15 03:00:00,3657.18,3658.88,0.0
2025-04-15 04:00:00,3691.05,3694.55,0.0
2025-04-15 05:00:00,3799.09,3775.64,0.01
2025-04-15 06:00:00,3977.46,4022.52,9.08
2025-04-15 07:00:00,4148.82,4246.62,70.78
2025-04-15 08:00:00,4308.16,4382.35,167.92
2025-04-15 09:00:00,4297.15,4324.51,259.45
2025-04-15 10:00:00,4101.11,4197.86,247.17
2025-04-15 11:00:00,3948.81,3993.42,282.15
2025-04-15 12:00:00,3760.12,3873.89,310.64
2025-04-15 13:00:00,3909.68,4064.47,354.52
2025-04-15 14:00:00,4007.58,4207.92,366.69
2025-04-15 15:00:00,4079.0,4242.83,310.07
2025-04-15 16:00:00,4209.63,4368.19,221.56
2025-04-15 17:00:00,4366.78,4443.34,162.0
2025-04-15 18:00:00,4517.03,4539.42,104.17
2025-04-15 19:00:00,4582.22,4552.11,86.31
2025-04-15 20:00:00,4477.39,4474.27,73.3
2025-04-15 21:00:00,4316.3,4333.1,40.97
2025-04-15 22:00:00,4206.53,4249.09,10.58
2025-04-15 23:00:00,4071.63,4094.88,0.59
2025-04-16 00:00:00,3849.58,3822.95,0.09
2025-04-16 01:00:00,3720.28,3718.99,0.0
2025-04-16 02:00:00,3637.56,3639.26,0.0
2025-04-16 03:00:00,3606.63,3603.59,0.0
2025-04-16 04:00:00,3643.97,3648.74,0.0
2025-04-16 05:00:00,3745.14,3745.37,0.01
2025-04-16 06:00:00,3910.8,3930.35,9.78
2025-04-16 07:00:00,4082.21,4081.68,70.48
2025-04-16 08:00:00,4205.07,4211.2,160.83
2025-04-16 09:00:00,4175.7,4136.7,248.91
2025-04-16 10:00:00,3998.24,4044.41,236.04
2025-04-16 11:00:00,3811.61,3877.03,260.9
2025-04-16 12:00:00,3639.5,3715.15,254.62
2025-04-16 13:00:00,3842.84,3828.69,248.31
2025-04-16 14:00:00,3993.05,3962.36,244.52
2025-04-16 15:00:00,4096.49,4082.07,190.49
2025-04-16 16:00:00,4267.04,4276.98,161.01
2025-04-16 17:00:00,4331.45,4400.41,140.34
2025-04-16 18:00:00,4437.66,4442.23,101.38
2025-04-16 19:00:00,4502.53,4433.01,86.2
2025-04-16 20:00:00,4394.89,4366.53,72.2
2025-04-16 21:00:00,4233.51,4229.3,36.84
2025-04-16 22:00:00,4147.54,4161.86,8.68
2025-04-16 23:00:00,4021.09,4033.88,0.53
2025-04-17 00:00:00,3772.88,3774.59,0.09
2025-04-17 01:00:00,3640.9,3614.79,0.01
2025-04-17 02:00:00,3556.67,3578.17,0.0
2025-04-17 03:00:00,3523.38,3523.43,0.0
2025-04-17 04:00:00,3549.08,3535.95,0.0
2025-04-17 05:00:00,3640.58,3626.31,0.01
2025-04-17 06:00:00,3800.44,3814.59,3.52
2025-04-17 07:00:00,3986.84,3983.06,37.03
2025-04-17 08:00:00,4158.89,4196.39,107.46
2025-04-17 09:00:00,4170.54,4218.71,187.38
2025-04-17 10:00:00,4061.83,4151.41,180.48
2025-04-17 11:00:00,3958.15,3994.25,216.75
2025-04-17 12:00:00,3831.89,3867.18,245.67
2025-04-17 13:00:00,4050.17,4049.96,260.51
2025-04-17 14:00:00,4143.87,4144.22,267.37
2025-04-17 15:00:00,4260.4,4205.96,251.93
2025-04-17 16:00:00,4373.5,4346.73,181.28
2025-04-17 17:00:00,4445.49,4418.4,144.91
2025-04-17 18:00:00,4515.99,4491.44,101.3
2025-04-17 19:00:00,4523.67,4504.65,80.93
2025-04-17 20:00:00,4390.6,4403.48,63.86
2025-04-17 21:00:00,4235.32,4224.56,35.91
2025-04-17 22:00:00,4136.35,4150.01,9.45
2025-04-17 23:00:00,3999.85,4002.96,0.41
2025-04-18 00:00:00,3747.31,3759.14,0.09
2025-04-18 01:00:00,3612.67,3610.08,0.02
2025-04-18 02:00:00,3531.84,3530.32,0.02
2025-04-18 03:00:00,3492.99,3502.33,0.02
2025-04-18 04:00:00,3520.45,3528.2,0.01
2025-04-18 05:00:00,3604.09,3622.32,0.01
2025-04-18 06:00:00,3760.11,3735.2,10.08
2025-04-18 07:00:00,3971.89,3880.08,60.27
2025-04-18 08:00:00,4163.98,4136.6,137.98
2025-04-18 09:00:00,4189.08,4233.75,217.95
2025-04-18 10:00:00,4027.54,4200.62,202.24
2025-04-18 11:00:00,3818.3,4004.53,216.97
2025-04-18 12:00:00,3649.21,3800.3,218.3
2025-04-18 13:00:00,3820.94,3907.62,225.43
2025-04-18 14:00:00,3973.8,4025.01,233.05
2025-04-18 15:00:00,4082.25,4112.89,195.8
2025-04-18 16:00:00,4238.09,4260.72,154.94
2025-04-18 17:00:00,4306.8,4358.82,138.18
2025-04-18 18:00:00,4378.07,4417.09,98.22
2025-04-18 19:00:00,4422.91,4413.97,81.92
2025-04-18 20:00:00,4304.08,4359.27,60.53
2025-04-18 21:00:00,4139.2,4195.1,17.93
2025-04-18 22:00:00,4069.56,4115.72,2.11
2025-04-18 23:00:00,3944.97,3964.03,0.46
2025-04-19 00:00:00,3695.26,3725.48,0.09
2025-04-19 01:00:00,3555.43,3595.65,0.0
2025-04-19 02:00:00,3460.02,3521.03,0.0
2025-04-19 03:00:00,3420.85,3464.33,0.0
2025-04-19 04:00:00,3407.7,3460.65,0.0
2025-04-19 05:00:00,3442.76,3482.7,0.0
2025-04-19 06:00:00,3492.37,3474.94,7.18
2025-04-19 07:00:00,3496.31,3453.16,43.16
2025-04-19 08:00:00,3480.28,3447.66,86.57
2025-04-19 09:00:00,3469.19,3418.71,124.66
2025-04-19 10:00:00,3448.62,3396.01,160.79
2025-04-19 11:00:00,3392.06,3362.92,178.06
2025-04-19 12:00:00,3380.0,3324.53,178.61
2025-04-19 13:00:00,3539.91,3480.56,186.16
2025-04-19 14:00:00,3658.43,3613.11,135.11
2025-04-19 15:00:00,3747.99,3682.07,82.64
2025-04-19 16:00:00,3822.4,3783.59,52.81
2025-04-19 17:00:00,3911.9,3860.77,87.18
2025-04-19 18:00:00,3987.28,3972.64,84.42
2025-04-19 19:00:00,4019.97,3975.51,77.68
2025-04-19 20:00:00,3929.56,3884.12,44.48
2025-04-19 21:00:00,3802.66,3776.15,7.57
2025-04-19 22:00:00,3748.66,3737.98,1.11
2025-04-19 23:00:00,3660.07,3648.74,0.22
2025-04-20 00:00:00,3442.86,3481.02,0.31
2025-04-20 01:00:00,3304.61,3344.21,0.1
2025-04-20 02:00:00,3226.45,3250.76,0.08
2025-04-20 03:00:00,3186.17,3196.92,0.08
2025-04-20 04:00:00,3189.42,3202.76,0.07
2025-04-20 05:00:00,3222.18,3202.37,0.07
2025-04-20 06:00:00,3266.35,3234.0,1.6
2025-04-20 07:00:00,3290.07,3265.42,16.55
2025-04-20 08:00:00,3287.64,3297.84,37.47
2025-04-20 09:00:00,3272.36,3302.23,58.35
2025-04-20 10:00:00,3237.15,3303.2,81.74
2025-04-20 11:00:00,3171.09,3278.03,121.61
2025-04-20 12:00:00,3113.57,3200.37,165.65
2025-04-20 13:00:00,3108.08,3245.27,176.58
2025-04-20 14:00:00,3126.68,3222.15,154.23
2025-04-20 15:00:00,3188.55,3256.63,131.49
2025-04-20 16:00:00,3361.8,3379.84,115.82
2025-04-20 17:00:00,3614.33,3539.27,118.87
2025-04-20 18:00:00,3806.46,3791.98,89.38
2025-04-20 19:00:00,3910.14,3883.0,72.68
2025-04-20 20:00:00,3876.92,3882.95,56.59
2025-04-20 21:00:00,3764.57,3808.08,25.32
2025-04-20 22:00:00,3644.09,3697.7,6.33
2025-04-20 23:00:00,3516.48,3513.06,0.43
2025-04-21 00:00:00,3319.82,3273.22,0.01
2025-04-21 01:00:00,3198.25,3183.44,0.0
2025-04-21 02:00:00,3134.75,3138.83,0.0
2025-04-21 03:00:00,3110.95,3112.47,0.0
2025-04-21 04:00:00,3154.11,3156.3,0.0
2025-04-21 05:00:00,3276.6,3307.11,0.01
2025-04-21 06:00:00,3468.41,3526.37,6.76
2025-04-21 07:00:00,3738.56,3810.56,43.85
2025-04-21 08:00:00,3957.11,4079.26,102.71
2025-04-21 09:00:00,4019.33,4100.61,193.57
2025-04-21 10:00:00,3913.0,3992.96,182.71
2025-04-21 11:00:00,3804.42,3814.06,202.57
2025-04-21 12:00:00,3703.1,3693.13,238.83
2025-04-21 13:00:00,3891.37,3905.15,255.65
2025-04-21 14:00:00,3976.83,4067.24,217.51
2025-04-21 15:00:00,4111.33,4121.11,177.8
2025-04-21 16:00:00,4279.26,4281.56,186.63
2025-04-21 17:00:00,4396.59,4392.36,154.8
2025-04-21 18:00:00,4496.06,4489.93,102.75
2025-04-21 19:00:00,4511.76,4495.93,83.99
2025-04-21 20:00:00,4373.95,4402.22,69.58
2025-04-21 21:00:00,4212.01,4221.79,38.36
2025-04-21 22:00:00,4108.6,4133.14,11.14
2025-04-21 23:00:00,3948.1,4005.57,0.65
2025-04-22 00:00:00,3695.06,3733.01,0.08
2025-04-22 01:00:00,3568.7,3576.28,0.0
2025-04-22 02:00:00,3505.07,3504.78,0.0
2025-04-22 03:00:00,3454.59,3460.03,0.0
2025-04-22 04:00:00,3474.21,3475.04,0.0
2025-04-22 05:00:00,3568.57,3561.84,0.0
2025-04-22 06:00:00,3777.1,3758.73,0.65
2025-04-22 07:00:00,4109.5,4026.76,13.28
2025-04-22 08:00:00,4433.2,4382.63,40.02
2025-04-22 09:00:00,4549.57,4534.98,30.97
2025-04-22 10:00:00,4594.58,4541.16,35.83
2025-04-22 11:00:00,4524.55,4482.09,47.02
2025-04-22 12:00:00,4380.54,4369.69,31.18
2025-04-22 13:00:00,4524.84,4522.03,27.1
2025-04-22 14:00:00,4557.24,4580.85,42.5
2025-04-22 15:00:00,4521.17,4569.77,32.85
2025-04-22 16:00:00,4536.41,4567.42,48.61
2025-04-22 17:00:00,4507.26,4529.51,67.4
2025-04-22 18:00:00,4473.76,4518.24,12.25
2025-04-22 19:00:00,4452.99,4465.65,0.57
2025-04-22 20:00:00,4319.74,4349.99,0.13
2025-04-22 21:00:00,4179.23,4173.48,0.02
2025-04-22 22:00:00,4128.99,4119.46,0.0
2025-04-22 23:00:00,3993.5,4012.63,0.0
2025-04-23 00:00:00,3736.3,3779.2,0.0
2025-04-23 01:00:00,3598.19,3635.94,0.0
2025-04-23 02:00:00,3531.62,3543.88,0.0
2025-04-23 03:00:00,3495.46,3506.56,0.0
2025-04-23 04:00:00,3515.8,3546.53,0.0
2025-04-23 05:00:00,3589.77,3628.06,0.01
2025-04-23 06:00:00,3751.16,3797.58,10.48
2025-04-23 07:00:00,3942.83,3981.8,55.28
2025-04-23 08:00:00,4098.09,4125.55,112.31
2025-04-23 09:00:00,4165.94,4043.14,175.46
2025-04-23 10:00:00,4079.45,4031.11,176.92
2025-04-23 11:00:00,3902.35,3885.45,182.99
2025-04-23 12:00:00,3706.38,3690.99,181.95
2025-04-23 13:00:00,3857.1,3847.58,163.5
2025-04-23 14:00:00,4006.38,3977.22,184.81
2025-04-23 15:00:00,4102.42,4090.91,206.88
2025-04-23 16:00:00,4231.82,4250.07,162.87
2025-04-23 17:00:00,4317.45,4326.99,138.63
2025-04-23 18:00:00,4427.29,4367.88,95.06
2025-04-23 19:00:00,4461.55,4367.87,74.78
2025-04-23 20:00:00,4372.72,4227.08,63.32
2025-04-23 21:00:00,4213.56,4112.83,30.75
2025-04-23 22:00:00,4117.88,4057.54,8.51
2025-04-23 23:00:00,3969.37,3947.32,0.14
2025-04-24 00:00:00,3712.57,3693.99,0.01
2025-04-24 01:00:00,3586.49,3558.66,0.0
2025-04-24 02:00:00,3507.56,3489.14,0.0
2025-04-24 03:00:00,3480.35,3475.62,0.0
2025-04-24 04:00:00,3488.4,3496.95,0.0
2025-04-24 05:00:00,3577.83,3590.16,0.04
2025-04-24 06:00:00,3735.69,3768.13,16.19
2025-04-24 07:00:00,3892.67,3935.84,84.7
2025-04-24 08:00:00,4006.55,4067.53,183.93
2025-04-24 09:00:00,3969.73,4026.4,268.48
2025-04-24 10:00:00,3837.38,3908.45,250.37
2025-04-24 11:00:00,3712.74,3738.89,276.72
2025-04-24 12:00:00,3588.18,3571.03,305.71
2025-04-24 13:00:00,3786.51,3728.89,319.1
2025-04-24 14:00:00,3939.83,3943.1,324.18
2025-04-24 15:00:00,4049.48,4044.02,249.87
2025-04-24 16:00:00,4174.26,4190.87,158.27
2025-04-24 17:00:00,4279.91,4266.39,129.47
2025-04-24 18:00:00,4396.74,4368.1,98.51
2025-04-24 19:00:00,4448.15,4397.34,83.81
2025-04-24 20:00:00,4331.49,4320.72,68.31
2025-04-24 21:00:00,4162.06,4155.59,34.12
2025-04-24 22:00:00,4062.53,4066.39,7.7
2025-04-24 23:00:00,3922.3,3954.04,0.54
2025-04-25 00:00:00,3673.68,3709.76,0.09
2025-04-25 01:00:00,3545.16,3576.63,0.0
2025-04-25 02:00:00,3476.3,3511.87,0.0
2025-04-25 03:00:00,3447.98,3451.39,0.0
2025-04-25 04:00:00,3472.31,3453.0,0.0
2025-04-25 05:00:00,3559.71,3533.03,0.03
2025-04-25 06:00:00,3696.62,3722.74,16.16
2025-04-25 07:00:00,3826.73,3885.29,73.23
2025-04-25 08:00:00,3891.5,3945.34,152.91
2025-04-25 09:00:00,3834.39,3839.48,207.1
2025-04-25 10:00:00,3715.05,3704.33,226.06
2025-04-25 11:00:00,3557.21,3587.22,286.31
2025-04-25 12:00:00,3361.69,3490.72,290.57
2025-04-25 13:00:00,3578.68,3610.03,336.81
2025-04-25 14:00:00,3753.92,3798.06,370.54
2025-04-25 15:00:00,3858.48,3926.33,320.06
2025-04-25 16:00:00,4008.58,4035.51,233.89
2025-04-25 17:00:00,4132.22,4161.3,173.13
2025-04-25 18:00:00,4264.1,4268.13,108.5
2025-04-25 19:00:00,4327.45,4314.53,85.73
2025-04-25 20:00:00,4250.61,4263.36,73.36
2025-04-25 21:00:00,4113.64,4134.8,43.83
2025-04-25 22:00:00,4035.72,4015.81,13.45
2025-04-25 23:00:00,3909.8,3852.81,0.6
2025-04-26 00:00:00,3676.68,3610.57,0.09
2025-04-26 01:00:00,3542.41,3488.79,0.0
2025-04-26 02:00:00,3457.53,3424.88,0.0
2025-04-26 03:00:00,3407.64,3401.03,0.0
2025-04-26 04:00:00,3413.85,3423.57,0.0
2025-04-26 05:00:00,3444.79,3461.98,0.08
2025-04-26 06:00:00,3464.92,3519.64,17.13
2025-04-26 07:00:00,3359.89,3502.39,91.61
2025-04-26 08:00:00,3234.22,3307.86,191.68
2025-04-26 09:00:00,3171.99,3106.07,275.07
2025-04-26 10:00:00,3023.87,3055.97,214.52
2025-04-26 11:00:00,2932.42,2936.34,228.54
2025-04-26 12:00:00,2832.19,2894.66,203.39
2025-04-26 13:00:00,2957.96,2979.29,260.62
2025-04-26 14:00:00,3113.61,3104.96,334.6
2025-04-26 15:00:00,3236.67,3236.67,296.79
2025-04-26 16:00:00,3383.2,3413.03,218.11
2025-04-26 17:00:00,3586.72,3596.53,165.75
2025-04-26 18:00:00,3766.3,3789.29,110.43
2025-04-26 19:00:00,3875.03,3866.91,84.65
2025-04-26 20:00:00,3858.18,3855.79,73.23
2025-04-26 21:00:00,3761.28,3751.45,44.27
2025-04-26 22:00:00,3705.69,3683.76,13.53
2025-04-26 23:00:00,3604.36,3571.49,0.61
2025-04-27 00:00:00,3393.22,3360.39,0.1
2025-04-27 01:00:00,3261.55,3228.24,0.01
2025-04-27 02:00:00,3176.67,3149.22,0.0
2025-04-27 03:00:00,3144.56,3108.35,0.0
2025-04-27 04:00:00,3143.78,3112.75,0.0
2025-04-27 05:00:00,3171.28,3154.8,0.04
2025-04-27 06:00:00,3175.03,3163.11,14.65
2025-04-27 07:00:00,3100.84,3111.24,79.22
2025-04-27 08:00:00,2988.92,3004.67,149.94
2025-04-27 09:00:00,2921.75,2906.49,226.9
2025-04-27 10:00:00,2850.41,2899.81,240.37
2025-04-27 11:00:00,2847.52,2892.84,232.77
2025-04-27 12:00:00,2874.4,2869.84,237.88
2025-04-27 13:00:00,2978.57,3000.89,258.22
2025-04-27 14:00:00,3120.68,3079.29,238.67
2025-04-27 15:00:00,3237.45,3194.53,208.44
2025-04-27 16:00:00,3362.04,3379.76,138.42
2025-04-27 17:00:00,3565.97,3540.74,131.78
2025-04-27 18:00:00,3733.37,3720.16,100.52
2025-04-27 19:00:00,3842.97,3785.17,84.37
2025-04-27 20:00:00,3812.24,3752.9,68.94
2025-04-27 21:00:00,3708.22,3653.15,35.22
2025-04-27 22:00:00,3595.07,3601.82,7.93
2025-04-27 23:00:00,3472.9,3482.49,0.52
2025-04-28 00:00:00,3282.24,3270.62,0.09
2025-04-28 01:00:00,3170.85,3159.06,0.0
2025-04-28 02:00:00,3109.64,3116.62,0.0
2025-04-28 03:00:00,3087.8,3096.05,0.0
2025-04-28 04:00:00,3127.04,3123.47,0.0
2025-04-28 05:00:00,3245.75,3227.76,0.03
2025-04-28 06:00:00,3424.76,3427.16,13.72
2025-04-28 07:00:00,3657.01,3699.55,73.86
2025-04-28 08:00:00,3819.28,3954.05,163.34
2025-04-28 09:00:00,3826.47,3980.28,247.31
2025-04-28 10:00:00,3727.77,3852.08,255.13
2025-04-28 11:00:00,3598.9,3663.14,287.85
2025-04-28 12:00:00,3449.72,3568.33,285.87
2025-04-28 13:00:00,3691.67,3627.0,332.55
2025-04-28 14:00:00,3851.7,3787.68,361.8
2025-04-28 15:00:00,3941.76,3873.86,310.75
2025-04-28 16:00:00,4089.08,3988.73,227.23
2025-04-28 17:00:00,4219.9,4115.22,170.04
2025-04-28 18:00:00,4356.39,4198.06,106.36
2025-04-28 19:00:00,4402.46,4251.13,82.07
2025-04-28 20:00:00,4295.4,4187.33,72.37
2025-04-28 21:00:00,4147.07,4052.33,43.59
2025-04-28 22:00:00,4042.77,3980.28,12.86
2025-04-28 23:00:00,3897.16,3829.06,0.58
2025-04-29 00:00:00,3660.8,3553.86,0.09
2025-04-29 01:00:00,3536.99,3429.97,0.01
2025-04-29 02:00:00,3473.16,3382.81,0.0
2025-04-29 03:00:00,3444.39,3352.12,0.0
2025-04-29 04:00:00,3476.11,3391.13,0.0
2025-04-29 05:00:00,3551.44,3511.47,0.14
2025-04-29 06:00:00,3687.82,3683.39,19.2
2025-04-29 07:00:00,3794.83,3912.85,94.04
2025-04-29 08:00:00,3896.2,4023.32,194.62
2025-04-29 09:00:00,3880.36,3941.14,280.4
2025-04-29 10:00:00,3734.55,3834.41,261.78
2025-04-29 11:00:00,3596.73,3666.36,289.34
2025-04-29 12:00:00,3425.41,3570.87,279.87
2025-04-29 13:00:00,3651.08,3696.1,319.95
2025-04-29 14:00:00,3829.57,3812.38,339.34
2025-04-29 15:00:00,3934.61,3916.52,295.36
2025-04-29 16:00:00,4100.4,4050.0,218.47
2025-04-29 17:00:00,4227.53,4214.68,166.09
2025-04-29 18:00:00,4360.5,4332.85,108.51
2025-04-29 19:00:00,4415.51,4348.57,84.39
2025-04-29 20:00:00,4316.82,4260.31,72.35
2025-04-29 21:00:00,4149.85,4090.25,42.84
2025-04-29 22:00:00,4049.09,4017.42,12.7
2025-04-29 23:00:00,3901.42,3887.63,0.59
2025-04-30 00:00:00,3646.8,3636.2,0.09
2025-04-30 01:00:00,3521.23,3471.33,0.0
2025-04-30 02:00:00,3449.36,3391.11,0.0
2025-04-30 03:00:00,3425.36,3336.99,0.0
2025-04-30 04:00:00,3436.74,3339.12,0.0
2025-04-30 05:00:00,3510.37,3445.97,0.13
2025-04-30 06:00:00,3658.02,3633.52,19.03
2025-04-30 07:00:00,3788.71,3843.67,92.63
2025-04-30 08:00:00,3882.7,4007.15,191.59
2025-04-30 09:00:00,3879.38,3977.58,275.3
2025-04-30 10:00:00,3759.03,3873.52,258.47
2025-04-30 11:00:00,3625.71,3701.12,287.53
2025-04-30 12:00:00,3496.5,3547.39,312.71
2025-04-30 13:00:00,3719.31,3738.83,337.51
2025-04-30 14:00:00,3873.52,3890.85,348.05
2025-04-30 15:00:00,3983.74,3969.59,299.42
2025-04-30 16:00:00,4114.97,4076.16,219.11
2025-04-30 17:00:00,4220.6,4152.27,167.6
2025-04-30 18:00:00,4311.58,4237.8,108.7
2025-04-30 19:00:00,4356.81,4245.69,84.48
2025-04-30 20:00:00,4268.76,4195.49,72.09
2025-04-30 21:00:00,4123.64,4048.0,43.96
2025-04-30 22:00:00,4017.51,3969.59,12.38
2025-04-30 23:00:00,3863.44,3830.75,0.6
2025-05-01 00:00:00,3653.41,3581.48,0.09
2025-05-01 01:00:00,3516.39,3449.71,0.01
2025-05-01 02:00:00,3438.74,3372.65,0.0
2025-05-01 03:00:00,3392.94,3347.55,0.0
2025-05-01 04:00:00,3383.99,3367.12,0.0
2025-05-01 05:00:00,3405.97,3440.32,0.13
2025-05-01 06:00:00,3445.87,3543.9,16.67
2025-05-01 07:00:00,3473.19,3603.28,57.82
2025-05-01 08:00:00,3506.3,3598.1,82.89
2025-05-01 09:00:00,3625.01,3511.79,88.68
2025-05-01 10:00:00,3751.05,3607.2,68.05
2025-05-01 11:00:00,3741.67,3676.42,43.07
2025-05-01 12:00:00,3829.13,3672.44,23.47
2025-05-01 13:00:00,3946.52,3981.44,9.44
2025-05-01 14:00:00,3989.95,4091.78,12.67
2025-05-01 15:00:00,4001.84,4077.58,27.39
2025-05-01 16:00:00,4002.33,4133.6,29.13
2025-05-01 17:00:00,4010.51,4104.28,52.64
2025-05-01 18:00:00,4014.31,4117.25,12.88
2025-05-01 19:00:00,4022.81,4063.1,1.44
2025-05-01 20:00:00,3956.12,3945.53,0.16
2025-05-01 21:00:00,3858.06,3828.26,0.02
2025-05-01 22:00:00,3824.42,3766.97,0.01
2025-05-01 23:00:00,3721.5,3665.49,0.0
2025-05-02 00:00:00,3506.06,3486.23,0.0
2025-05-02 01:00:00,3372.61,3361.85,0.07
2025-05-02 02:00:00,3303.15,3295.73,0.03
2025-05-02 03:00:00,3267.91,3271.62,0.0
2025-05-02 04:00:00,3281.73,3247.89,0.01
2025-05-02 05:00:00,3360.7,3293.03,0.21
2025-05-02 06:00:00,3477.24,3425.4,19.68
2025-05-02 07:00:00,3557.51,3601.21,97.45
2025-05-02 08:00:00,3568.54,3740.82,201.73
2025-05-02 09:00:00,3539.54,3714.05,291.71
2025-05-02 10:00:00,3376.85,3617.17,252.06
2025-05-02 11:00:00,3191.91,3405.66,244.2
2025-05-02 12:00:00,3083.07,3187.37,239.86
2025-05-02 13:00:00,3254.35,3212.52,264.6
2025-05-02 14:00:00,3529.63,3354.07,299.04
2025-05-02 15:00:00,3745.15,3561.3,290.95
2025-05-02 16:00:00,3924.82,3825.34,218.66
2025-05-02 17:00:00,3997.85,4008.88,164.88
2025-05-02 18:00:00,4094.74,4078.78,111.2
2025-05-02 19:00:00,4159.48,4080.62,85.59
2025-05-02 20:00:00,4105.05,4058.8,73.35
2025-05-02 21:00:00,3978.78,3985.19,42.36
2025-05-02 22:00:00,3900.13,3913.12,11.82
2025-05-02 23:00:00,3778.47,3744.89,0.58
2025-05-03 00:00:00,3549.71,3532.24,0.09
2025-05-03 01:00:00,3408.08,3391.31,0.0
2025-05-03 02:00:00,3325.22,3307.26,0.0
2025-05-03 03:00:00,3285.68,3259.35,0.0
2025-05-03 04:00:00,3286.99,3262.78,0.0
2025-05-03 05:00:00,3328.27,3301.99,0.02
2025-05-03 06:00:00,3412.04,3351.71,4.69
2025-05-03 07:00:00,3503.43,3384.46,20.21
2025-05-03 08:00:00,3600.7,3494.79,30.81
2025-05-03 09:00:00,3686.26,3608.65,24.05
2025-05-03 10:00:00,3746.26,3666.39,21.93
2025-05-03 11:00:00,3711.63,3702.89,26.13
2025-05-03 12:00:00,3572.46,3701.01,54.36
2025-05-03 13:00:00,3537.21,3786.58,125.52
2025-05-03 14:00:00,3480.69,3765.77,161.45
2025-05-03 15:00:00,3483.21,3648.12,180.95
2025-05-03 16:00:00,3557.94,3662.08,200.6
2025-05-03 17:00:00,3616.71,3692.2,156.06
2025-05-03 18:00:00,3705.7,3741.45,87.65
2025-05-03 19:00:00,3798.8,3789.0,41.24
2025-05-03 20:00:00,3784.1,3790.76,22.2
2025-05-03 21:00:00,3695.54,3726.46,1.22
2025-05-03 22:00:00,3666.78,3655.25,0.03
2025-05-03 23:00:00,3594.56,3583.26,0.0
2025-05-04 00:00:00,3383.59,3422.99,0.0
2025-05-04 01:00:00,3232.64,3279.86,0.0
2025-05-04 02:00:00,3151.7,3193.47,0.0
2025-05-04 03:00:00,3115.31,3136.32,0.0
2025-05-04 04:00:00,3127.69,3162.13,0.01
2025-05-04 05:00:00,3148.46,3201.85,0.38
2025-05-04 06:00:00,3144.61,3210.96,22.66
2025-05-04 07:00:00,3038.28,3105.33,96.43
2025-05-04 08:00:00,2891.46,2957.12,194.14
2025-05-04 09:00:00,2781.72,2781.84,276.22
2025-05-04 10:00:00,2655.15,2666.75,219.87
2025-05-04 11:00:00,2503.02,2598.78,146.5
2025-05-04 12:00:00,2523.3,2525.56,165.99
2025-05-04 13:00:00,2606.63,2615.36,189.57
2025-05-04 14:00:00,2785.64,2712.69,265.66
2025-05-04 15:00:00,2882.61,2875.69,250.76
2025-05-04 16:00:00,3074.9,3064.08,221.36
2025-05-04 17:00:00,3355.28,3284.61,172.19
2025-05-04 18:00:00,3571.88,3565.32,112.75
2025-05-04 19:00:00,3718.91,3726.68,85.78
2025-05-04 20:00:00,3742.61,3758.29,73.75
2025-05-04 21:00:00,3662.71,3689.77,44.4
2025-05-04 22:00:00,3562.57,3587.66,12.62
2025-05-04 23:00:00,3465.03,3472.41,0.56
2025-05-05 00:00:00,3273.13,3301.7,0.09
2025-05-05 01:00:00,3142.75,3202.2,0.0
2025-05-05 02:00:00,3078.54,3144.34,0.02
2025-05-05 03:00:00,3046.17,3119.01,0.02
2025-05-05 04:00:00,3060.12,3143.47,0.02
2025-05-05 05:00:00,3095.68,3221.81,0.24
2025-05-05 06:00:00,3126.52,3331.95,19.05
2025-05-05 07:00:00,3124.04,3375.76,66.25
2025-05-05 08:00:00,3115.27,3318.53,135.19
2025-05-05 09:00:00,3085.6,3213.98,110.19
2025-05-05 10:00:00,3164.27,3137.63,65.74
2025-05-05 11:00:00,3310.24,3205.74,63.92
2025-05-05 12:00:00,3339.31,3299.83,57.06
2025-05-05 13:00:00,3390.92,3471.59,55.29
2025-05-05 14:00:00,3451.24,3561.1,45.67
2025-05-05 15:00:00,3513.68,3606.13,34.73
2025-05-05 16:00:00,3576.73,3714.2,47.84
2025-05-05 17:00:00,3703.75,3793.9,99.12
2025-05-05 18:00:00,3739.66,3847.55,31.85
2025-05-05 19:00:00,3777.54,3837.33,2.09
2025-05-05 20:00:00,3756.97,3773.23,0.66
2025-05-05 21:00:00,3679.83,3686.76,0.05
2025-05-05 22:00:00,3617.67,3639.07,0.01
2025-05-05 23:00:00,3531.65,3538.74,0.0
2025-05-06 00:00:00,3328.98,3373.03,0.0
2025-05-06 01:00:00,3202.63,3229.57,0.0
2025-05-06 02:00:00,3128.14,3152.75,0.0
2025-05-06 03:00:00,3094.84,3140.82,0.0
2025-05-06 04:00:00,3121.43,3149.29,0.0
2025-05-06 05:00:00,3159.93,3203.9,0.01
2025-05-06 06:00:00,3218.91,3273.86,1.87
2025-05-06 07:00:00,3286.22,3350.15,14.1
2025-05-06 08:00:00,3362.93,3437.9,35.86
2025-05-06 09:00:00,3380.08,3505.49,65.32
2025-05-06 10:00:00,3391.08,3502.22,51.25
2025-05-06 11:00:00,3430.58,3460.67,67.19
2025-05-06 12:00:00,3489.69,3448.83,108.07
2025-05-06 13:00:00,3602.06,3585.96,61.66
2025-05-06 14:00:00,3661.2,3679.58,73.94
2025-05-06 15:00:00,3641.06,3733.13,131.19
2025-05-06 16:00:00,3700.41,3776.38,172.05
2025-05-06 17:00:00,3775.44,3824.34,153.37
2025-05-06 18:00:00,3886.12,3844.47,89.47
2025-05-06 19:00:00,3962.19,3882.75,33.6
2025-05-06 20:00:00,3940.13,3886.48,10.49
2025-05-06 21:00:00,3836.48,3831.9,0.15
2025-05-06 22:00:00,3752.7,3726.18,0.01
2025-05-06 23:00:00,3641.28,3609.35,0.0
2025-05-07 00:00:00,3432.95,3448.3,0.0
2025-05-07 01:00:00,3314.89,3290.9,0.0
2025-05-07 02:00:00,3251.79,3216.2,0.0
2025-05-07 03:00:00,3217.64,3187.08,0.0
2025-05-07 04:00:00,3251.6,3208.03,0.01
2025-05-07 05:00:00,3343.74,3280.49,0.42
2025-05-07 06:00:00,3528.81,3419.92,24.86
2025-05-07 07:00:00,3736.94,3612.27,92.9
2025-05-07 08:00:00,3898.96,3790.16,184.04
2025-05-07 09:00:00,3907.72,3903.7,265.58
2025-05-07 10:00:00,3766.59,3861.0,257.11
2025-05-07 11:00:00,3641.47,3665.91,271.63
2025-05-07 12:00:00,3519.84,3561.44,291.15
2025-05-07 13:00:00,3730.57,3606.97,290.25
2025-05-07 14:00:00,3894.48,3800.72,281.63
2025-05-07 15:00:00,4023.52,3953.22,272.41
2025-05-07 16:00:00,4158.19,4091.49,203.67
2025-05-07 17:00:00,4244.37,4174.88,162.4
2025-05-07 18:00:00,4329.9,4243.84,114.54
2025-05-07 19:00:00,4390.34,4271.41,80.68
2025-05-07 20:00:00,4322.96,4243.74,65.42
2025-05-07 21:00:00,4179.27,4141.52,39.72
2025-05-07 22:00:00,4078.73,4046.65,11.76
2025-05-07 23:00:00,3933.65,3875.01,0.59
2025-05-08 00:00:00,3684.01,3639.38,0.09
2025-05-08 01:00:00,3552.05,3491.66,0.0
2025-05-08 02:00:00,3484.93,3423.29,0.0
2025-05-08 03:00:00,3461.44,3391.97,0.0
2025-05-08 04:00:00,3478.03,3404.39,0.01
2025-05-08 05:00:00,3548.14,3474.11,0.57
2025-05-08 06:00:00,3679.44,3607.3,25.13
2025-05-08 07:00:00,3821.04,3784.35,97.04
2025-05-08 08:00:00,3940.99,3966.81,191.66
2025-05-08 09:00:00,3955.22,3989.22,271.69
2025-05-08 10:00:00,3832.65,3893.91,252.69
2025-05-08 11:00:00,3686.02,3769.18,282.29
2025-05-08 12:00:00,3572.12,3661.69,303.69
2025-05-08 13:00:00,3817.52,3779.55,307.58
2025-05-08 14:00:00,3947.34,3998.12,280.46
2025-05-08 15:00:00,4064.4,4108.07,212.54
2025-05-08 16:00:00,4274.08,4211.45,144.46
2025-05-08 17:00:00,4335.49,4326.38,126.31
2025-05-08 18:00:00,4425.54,4418.48,100.88
2025-05-08 19:00:00,4460.83,4464.64,83.85
2025-05-08 20:00:00,4354.99,4384.18,67.64
2025-05-08 21:00:00,4202.98,4214.09,31.71
2025-05-08 22:00:00,4090.95,4083.69,7.26
2025-05-08 23:00:00,3939.72,3914.81,0.54
2025-05-09 00:00:00,3725.73,3690.45,0.09
2025-05-09 01:00:00,3580.61,3550.41,0.0
2025-05-09 02:00:00,3510.92,3452.2,0.0
2025-05-09 03:00:00,3477.63,3417.91,0.0
2025-05-09 04:00:00,3489.93,3443.1,0.0
2025-05-09 05:00:00,3564.96,3510.21,0.01
2025-05-09 06:00:00,3759.33,3631.36,2.5
2025-05-09 07:00:00,4056.2,3830.08,4.96
2025-05-09 08:00:00,4385.56,4092.56,5.29
2025-05-09 09:00:00,4583.14,4300.24,23.03
2025-05-09 10:00:00,4609.36,4428.87,30.82
2025-05-09 11:00:00,4514.59,4428.27,41.15
2025-05-09 12:00:00,4357.61,4328.12,34.0
2025-05-09 13:00:00,4543.56,4388.81,30.7
2025-05-09 14:00:00,4584.92,4513.95,29.68
2025-05-09 15:00:00,4576.7,4518.88,26.13
2025-05-09 16:00:00,4554.08,4509.7,23.91
2025-05-09 17:00:00,4486.46,4472.69,49.67
2025-05-09 18:00:00,4426.2,4463.86,13.42
2025-05-09 19:00:00,4383.47,4425.98,0.9
2025-05-09 20:00:00,4297.19,4318.91,0.11
2025-05-09 21:00:00,4174.99,4170.65,0.03
2025-05-09 22:00:00,4106.65,4084.63,0.06
2025-05-09 23:00:00,4000.31,3946.77,0.0
2025-05-10 00:00:00,3767.56,3741.77,0.0
2025-05-10 01:00:00,3619.5,3572.08,0.0
2025-05-10 02:00:00,3536.98,3491.34,0.0
2025-05-10 03:00:00,3478.81,3458.13,0.0
2025-05-10 04:00:00,3469.14,3475.28,0.0
2025-05-10 05:00:00,3493.12,3510.57,0.03
2025-05-10 06:00:00,3558.51,3588.11,2.91
2025-05-10 07:00:00,3639.01,3684.49,19.44
2025-05-10 08:00:00,3736.53,3780.18,49.32
2025-05-10 09:00:00,3824.92,3810.51,78.61
2025-05-10 10:00:00,3868.69,3832.86,88.76
2025-05-10 11:00:00,3863.0,3803.33,94.25
2025-05-10 12:00:00,3773.18,3771.97,101.03
2025-05-10 13:00:00,3873.39,3825.55,126.76
2025-05-10 14:00:00,3890.93,3887.2,123.24
2025-05-10 15:00:00,3880.95,3877.23,99.17
2025-05-10 16:00:00,3913.61,3928.43,104.26
2025-05-10 17:00:00,3938.06,3973.72,119.11
2025-05-10 18:00:00,3970.41,4017.96,86.17
2025-05-10 19:00:00,3977.44,4039.99,43.98
2025-05-10 20:00:00,3924.21,3993.9,12.6
2025-05-10 21:00:00,3826.25,3911.04,0.91
2025-05-10 22:00:00,3814.63,3843.93,0.02
2025-05-10 23:00:00,3725.84,3752.33,0.0
2025-05-11 00:00:00,3503.56,3579.85,0.0
2025-05-11 01:00:00,3369.64,3445.49,0.0
2025-05-11 02:00:00,3287.39,3328.52,0.0
2025-05-11 03:00:00,3252.91,3258.18,0.0
2025-05-11 04:00:00,3253.76,3239.71,0.0
2025-05-11 05:00:00,3274.04,3245.19,0.07
2025-05-11 06:00:00,3286.73,3249.67,6.58
2025-05-11 07:00:00,3296.73,3231.08,34.48
2025-05-11 08:00:00,3273.39,3228.55,78.52
2025-05-11 09:00:00,3294.25,3229.24,148.54
2025-05-11 10:00:00,3231.68,3273.5,196.32
2025-05-11 11:00:00,3112.77,3227.79,211.72
2025-05-11 12:00:00,3074.71,3088.89,207.42
2025-05-11 13:00:00,3083.52,3112.67,233.4
2025-05-11 14:00:00,3157.89,3181.19,273.56
2025-05-11 15:00:00,3244.8,3286.99,235.43
2025-05-11 16:00:00,3396.44,3413.59,197.42
2025-05-11 17:00:00,3627.0,3564.73,165.83
2025-05-11 18:00:00,3801.28,3752.68,113.8
2025-05-11 19:00:00,3933.11,3853.6,86.45
2025-05-11 20:00:00,3949.39,3905.42,73.18
2025-05-11 21:00:00,3849.15,3884.99,42.96
2025-05-11 22:00:00,3735.89,3808.31,12.22
2025-05-11 23:00:00,3603.01,3651.66,0.48
2025-05-12 00:00:00,3415.79,3450.01,0.08
2025-05-12 01:00:00,3285.02,3359.09,0.0
2025-05-12 02:00:00,3225.0,3281.56,0.0
2025-05-12 03:00:00,3196.51,3239.63,0.0
2025-05-12 04:00:00,3240.15,3278.01,0.01
2025-05-12 05:00:00,3337.88,3339.55,0.41
2025-05-12 06:00:00,3529.12,3467.68,21.62
2025-05-12 07:00:00,3759.91,3666.79,85.59
2025-05-12 08:00:00,3938.69,3855.52,181.4
2025-05-12 09:00:00,3976.2,3885.48,268.39
2025-05-12 10:00:00,3868.88,3841.88,250.9
2025-05-12 11:00:00,3741.26,3721.42,275.15
2025-05-12 12:00:00,3585.99,3611.77,264.26
2025-05-12 13:00:00,3819.3,3706.61,319.95
2025-05-12 14:00:00,3992.98,3918.78,339.72
2025-05-12 15:00:00,4116.96,4090.33,291.55
2025-05-12 16:00:00,4263.03,4267.64,215.08
2025-05-12 17:00:00,4381.89,4321.87,168.9
2025-05-12 18:00:00,4510.61,4403.6,114.29
2025-05-12 19:00:00,4543.9,4441.73,86.58
2025-05-12 20:00:00,4459.56,4385.11,73.5
2025-05-12 21:00:00,4291.0,4265.46,43.13
2025-05-12 22:00:00,4173.82,4151.89,12.88
2025-05-12 23:00:00,4020.75,3986.15,0.63
2025-05-13 00:00:00,3776.93,3762.84,0.09
2025-05-13 01:00:00,3639.71,3638.26,0.0
2025-05-13 02:00:00,3567.06,3584.42,0.0
2025-05-13 03:00:00,3539.88,3536.95,0.0
2025-05-13 04:00:00,3553.5,3536.86,0.0
2025-05-13 05:00:00,3617.52,3583.53,0.59
2025-05-13 06:00:00,3752.33,3785.38,23.06
2025-05-13 07:00:00,3903.81,4033.9,89.39
2025-05-13 08:00:00,4080.51,4182.98,170.81
2025-05-13 09:00:00,4125.05,4150.13,247.8
2025-05-13 10:00:00,4007.86,4046.23,223.58
2025-05-13 11:00:00,3883.07,3906.73,233.36
2025-05-13 12:00:00,3815.48,3761.07,256.46
2025-05-13 13:00:00,4122.42,4000.43,277.87
2025-05-13 14:00:00,4268.52,4271.11,290.12
2025-05-13 15:00:00,4365.01,4409.61,277.97
2025-05-13 16:00:00,4472.92,4541.65,209.85
2025-05-13 17:00:00,4507.42,4545.21,168.35
2025-05-13 18:00:00,4566.39,4563.32,115.12
2025-05-13 19:00:00,4607.81,4567.28,86.13
2025-05-13 20:00:00,4507.52,4491.99,73.62
2025-05-13 21:00:00,4333.26,4327.6,44.13
2025-05-13 22:00:00,4199.18,4245.11,12.77
2025-05-13 23:00:00,4048.92,4067.21,0.7
2025-05-14 00:00:00,3805.9,3797.45,0.17
2025-05-14 01:00:00,3673.04,3676.62,0.1
2025-05-14 02:00:00,3592.83,3572.73,0.05
2025-05-14 03:00:00,3563.64,3538.48,0.0
2025-05-14 04:00:00,3570.81,3543.98,0.01
2025-05-14 05:00:00,3620.94,3594.31,0.78
2025-05-14 06:00:00,3762.99,3757.34,26.29
2025-05-14 07:00:00,3903.43,3913.5,98.04
2025-05-14 08:00:00,4039.13,4096.13,193.2
2025-05-14 09:00:00,4082.74,4082.13,272.28
2025-05-14 10:00:00,3963.72,4028.15,243.15
2025-05-14 11:00:00,3848.07,3887.53,244.56
2025-05-14 12:00:00,3730.66,3782.01,251.92
2025-05-14 13:00:00,3980.6,3971.2,247.59
2025-05-14 14:00:00,4161.65,4145.11,226.16
2025-05-14 15:00:00,4290.58,4253.04,225.45
2025-05-14 16:00:00,4403.14,4401.25,175.14
2025-05-14 17:00:00,4461.23,4429.87,151.77
2025-05-14 18:00:00,4566.67,4496.02,107.3
2025-05-14 19:00:00,4603.66,4519.88,86.0
2025-05-14 20:00:00,4520.37,4449.74,71.4
2025-05-14 21:00:00,4341.75,4282.95,39.59
2025-05-14 22:00:00,4226.03,4152.43,8.69
2025-05-14 23:00:00,4079.05,4005.35,0.7
2025-05-15 00:00:00,3827.98,3767.99,0.07
2025-05-15 01:00:00,3704.92,3587.5,0.0
2025-05-15 02:00:00,3630.43,3537.4,0.0
2025-05-15 03:00:00,3596.01,3527.14,0.0
2025-05-15 04:00:00,3602.66,3572.32,0.0
2025-05-15 05:00:00,3668.81,3676.24,0.02
2025-05-15 06:00:00,3873.83,3840.84,2.75
2025-05-15 07:00:00,4173.96,4116.82,13.29
2025-05-15 08:00:00,4498.0,4493.73,28.11
2025-05-15 09:00:00,4648.54,4696.5,42.37
2025-05-15 10:00:00,4619.35,4705.2,42.59
2025-05-15 11:00:00,4489.06,4508.7,66.08
2025-05-15 12:00:00,4276.28,4315.08,58.35
2025-05-15 13:00:00,4417.01,4406.95,52.94
2025-05-15 14:00:00,4430.95,4485.25,47.46
2025-05-15 15:00:00,4470.29,4460.35,38.96
2025-05-15 16:00:00,4555.06,4480.66,43.58
2025-05-15 17:00:00,4590.84,4491.42,72.12
2025-05-15 18:00:00,4614.3,4580.82,25.56
2025-05-15 19:00:00,4600.05,4573.41,1.25
2025-05-15 20:00:00,4493.24,4443.08,0.25
2025-05-15 21:00:00,4333.24,4266.14,0.09
2025-05-15 22:00:00,4241.65,4192.31,0.03
2025-05-15 23:00:00,4102.04,4074.95,0.0
2025-05-16 00:00:00,3850.08,3821.27,0.0
2025-05-16 01:00:00,3723.01,3707.61,0.0
2025-05-16 02:00:00,3648.13,3662.79,0.0
2025-05-16 03:00:00,3611.87,3643.28,0.0
2025-05-16 04:00:00,3617.07,3666.39,0.0
2025-05-16 05:00:00,3688.48,3754.61,0.15
2025-05-16 06:00:00,3872.81,3919.17,5.36
2025-05-16 07:00:00,4159.81,4100.74,23.61
2025-05-16 08:00:00,4472.44,4355.88,44.46
2025-05-16 09:00:00,4662.64,4550.56,60.68
2025-05-16 10:00:00,4706.03,4664.06,53.27
2025-05-16 11:00:00,4654.18,4606.71,45.7
2025-05-16 12:00:00,4562.73,4539.84,37.24
2025-05-16 13:00:00,4727.63,4768.74,23.81
2025-05-16 14:00:00,4801.97,4845.75,20.62
2025-05-16 15:00:00,4809.26,4807.88,14.95
2025-05-16 16:00:00,4791.92,4820.23,18.8
2025-05-16 17:00:00,4699.88,4759.5,43.17
2025-05-16 18:00:00,4609.59,4681.63,2.63
2025-05-16 19:00:00,4548.21,4592.64,0.6
2025-05-16 20:00:00,4450.42,4468.22,0.14
2025-05-16 21:00:00,4310.04,4318.25,0.05
2025-05-16 22:00:00,4231.37,4273.59,0.02
2025-05-16 23:00:00,4110.94,4150.5,0.01
2025-05-17 00:00:00,3867.06,3900.71,0.0
2025-05-17 01:00:00,3717.88,3732.41,0.0
2025-05-17 02:00:00,3629.04,3620.75,0.0
2025-05-17 03:00:00,3574.89,3567.24,0.0
2025-05-17 04:00:00,3561.2,3568.05,0.0
2025-05-17 05:00:00,3562.69,3594.02,0.04
2025-05-17 06:00:00,3578.58,3645.81,5.93
2025-05-17 07:00:00,3547.61,3682.13,36.49
2025-05-17 08:00:00,3543.2,3648.33,103.28
2025-05-17 09:00:00,3604.25,3595.84,179.59
2025-05-17 10:00:00,3590.4,3592.38,184.17
2025-05-17 11:00:00,3504.41,3505.63,195.38
2025-05-17 12:00:00,3367.53,3400.42,203.79
2025-05-17 13:00:00,3425.42,3408.16,203.77
2025-05-17 14:00:00,3532.84,3474.48,215.45
2025-05-17 15:00:00,3705.74,3564.96,204.69
2025-05-17 16:00:00,3852.37,3751.85,132.65
2025-05-17 17:00:00,3981.59,3923.09,137.17
2025-05-17 18:00:00,4074.36,4073.77,107.54
2025-05-17 19:00:00,4111.31,4128.83,83.89
2025-05-17 20:00:00,4063.27,4093.9,65.85
2025-05-17 21:00:00,3925.44,3972.68,25.68
2025-05-17 22:00:00,3847.81,3889.07,5.1
2025-05-17 23:00:00,3727.91,3742.48,0.42
2025-05-18 00:00:00,3497.98,3520.91,0.08
2025-05-18 01:00:00,3358.52,3389.22,0.0
2025-05-18 02:00:00,3270.28,3316.45,0.0
2025-05-18 03:00:00,3216.58,3261.3,0.0
2025-05-18 04:00:00,3203.16,3251.32,0.01
2025-05-18 05:00:00,3213.55,3280.51,0.72
2025-05-18 06:00:00,3215.62,3298.01,22.4
2025-05-18 07:00:00,3184.58,3225.47,87.24
2025-05-18 08:00:00,3147.07,3138.43,188.24
2025-05-18 09:00:00,3132.13,3110.78,272.14
2025-05-18 10:00:00,3074.83,3124.11,257.68
2025-05-18 11:00:00,2920.75,3105.39,234.23
2025-05-18 12:00:00,2831.79,2953.07,262.79
2025-05-18 13:00:00,2890.37,2993.19,286.23
2025-05-18 14:00:00,3052.9,3063.47,339.66
2025-05-18 15:00:00,3176.67,3220.53,286.61
2025-05-18 16:00:00,3363.56,3406.22,206.73
2025-05-18 17:00:00,3598.61,3607.57,171.06
2025-05-18 18:00:00,3799.91,3834.99,119.02
2025-05-18 19:00:00,3920.42,3939.1,86.99
2025-05-18 20:00:00,3928.74,3920.16,73.0
2025-05-18 21:00:00,3816.69,3826.1,42.61
2025-05-18 22:00:00,3680.33,3721.73,12.46
2025-05-18 23:00:00,3542.59,3586.07,0.73
2025-05-19 00:00:00,3345.38,3342.49,0.08
2025-05-19 01:00:00,3221.59,3204.44,0.01
2025-05-19 02:00:00,3160.45,3170.34,0.0
2025-05-19 03:00:00,3146.3,3157.71,0.0
2025-05-19 04:00:00,3178.88,3192.9,0.01
2025-05-19 05:00:00,3272.91,3299.53,0.99
2025-05-19 06:00:00,3458.62,3524.13,28.31
2025-05-19 07:00:00,3707.65,3771.26,85.05
2025-05-19 08:00:00,3912.49,3964.28,108.73
2025-05-19 09:00:00,4071.08,3943.59,169.01
2025-05-19 10:00:00,4101.1,3957.57,186.93
2025-05-19 11:00:00,4060.53,3940.12,199.46
2025-05-19 12:00:00,3965.27,3904.61,227.78
2025-05-19 13:00:00,4189.32,4114.28,219.87
2025-05-19 14:00:00,4305.35,4300.26,230.35
2025-05-19 15:00:00,4379.21,4390.7,200.7
2025-05-19 16:00:00,4482.85,4484.8,152.4
2025-05-19 17:00:00,4523.78,4524.86,141.28
2025-05-19 18:00:00,4589.9,4526.93,107.77
2025-05-19 19:00:00,4582.51,4522.62,84.59
2025-05-19 20:00:00,4479.68,4397.71,65.27
2025-05-19 21:00:00,4307.24,4263.42,32.4
2025-05-19 22:00:00,4181.57,4177.14,4.97
2025-05-19 23:00:00,4042.46,4019.38,0.42
2025-05-20 00:00:00,3800.07,3784.32,0.06
2025-05-20 01:00:00,3674.98,3639.96,0.0
2025-05-20 02:00:00,3605.42,3574.67,0.0
2025-05-20 03:00:00,3560.15,3527.96,0.0
2025-05-20 04:00:00,3572.85,3531.61,0.0
2025-05-20 05:00:00,3629.64,3572.81,0.13
2025-05-20 06:00:00,3807.35,3731.72,8.2
2025-05-20 07:00:00,4044.58,3972.1,35.85
2025-05-20 08:00:00,4297.99,4225.7,65.45
2025-05-20 09:00:00,4408.39,4387.12,99.72
2025-05-20 10:00:00,4369.96,4336.47,112.09
2025-05-20 11:00:00,4264.42,4187.24,130.98
2025-05-20 12:00:00,4088.9,4016.2,131.16
2025-05-20 13:00:00,4298.81,4205.71,127.01
2025-05-20 14:00:00,4418.41,4368.16,106.84
2025-05-20 15:00:00,4549.19,4456.63,92.59
2025-05-20 16:00:00,4719.9,4581.12,89.12
2025-05-20 17:00:00,4822.89,4657.55,119.19
2025-05-20 18:00:00,4871.75,4760.98,92.78
2025-05-20 19:00:00,4849.47,4782.93,52.79
2025-05-20 20:00:00,4694.75,4665.39,12.64
2025-05-20 21:00:00,4488.7,4450.59,2.16
2025-05-20 22:00:00,4364.55,4302.99,0.67
2025-05-20 23:00:00,4178.1,4136.53,0.25
2025-05-21 00:00:00,3908.33,3868.91,0.08
2025-05-21 01:00:00,3769.87,3727.05,0.01
2025-05-21 02:00:00,3693.27,3645.99,0.0
2025-05-21 03:00:00,3657.8,3626.23,0.0
2025-05-21 04:00:00,3659.05,3630.79,0.0
2025-05-21 05:00:00,3711.91,3686.44,1.26
2025-05-21 06:00:00,3875.84,3870.22,27.47
2025-05-21 07:00:00,4095.41,4115.76,74.57
2025-05-21 08:00:00,4356.66,4370.84,135.05
2025-05-21 09:00:00,4494.46,4462.37,148.08
2025-05-21 10:00:00,4552.01,4431.34,109.23
2025-05-21 11:00:00,4571.71,4388.76,109.98
2025-05-21 12:00:00,4511.95,4333.46,85.82
2025-05-21 13:00:00,4766.25,4579.79,75.85
2025-05-21 14:00:00,4844.72,4807.66,66.28
2025-05-21 15:00:00,4895.29,4882.36,70.51
2025-05-21 16:00:00,4949.8,4973.87,64.56
2025-05-21 17:00:00,4946.48,4937.78,107.03
2025-05-21 18:00:00,4925.31,4911.74,81.46
2025-05-21 19:00:00,4873.14,4868.08,28.69
2025-05-21 20:00:00,4717.04,4715.62,2.49
2025-05-21 21:00:00,4521.34,4517.04,0.51
2025-05-21 22:00:00,4390.86,4393.73,0.06
2025-05-21 23:00:00,4206.02,4268.03,0.0
2025-05-22 00:00:00,3929.51,4010.02,0.0
2025-05-22 01:00:00,3786.51,3855.26,0.0
2025-05-22 02:00:00,3686.95,3763.2,0.0
2025-05-22 03:00:00,3642.73,3708.11,0.0
2025-05-22 04:00:00,3643.79,3689.93,0.01
2025-05-22 05:00:00,3695.28,3738.7,0.56
2025-05-22 06:00:00,3880.42,3871.09,19.35
2025-05-22 07:00:00,4155.13,4155.04,63.87
2025-05-22 08:00:00,4476.52,4499.21,121.45
2025-05-22 09:00:00,4673.59,4747.56,182.31
2025-05-22 10:00:00,4713.92,4851.17,164.8
2025-05-22 11:00:00,4646.33,4721.9,153.54
2025-05-22 12:00:00,4437.4,4516.52,144.26
2025-05-22 13:00:00,4589.0,4591.4,119.24
2025-05-22 14:00:00,4664.9,4673.47,114.33
2025-05-22 15:00:00,4686.15,4708.02,85.24
2025-05-22 16:00:00,4751.97,4727.57,56.57
2025-05-22 17:00:00,4784.38,4722.34,101.08
2025-05-22 18:00:00,4801.27,4785.03,88.23
2025-05-22 19:00:00,4757.0,4798.73,58.17
2025-05-22 20:00:00,4616.85,4648.79,31.74
2025-05-22 21:00:00,4397.9,4420.58,3.68
2025-05-22 22:00:00,4277.98,4286.56,1.09
2025-05-22 23:00:00,4116.94,4128.84,0.22
2025-05-23 00:00:00,3853.55,3846.1,0.05
2025-05-23 01:00:00,3710.6,3692.17,0.03
2025-05-23 02:00:00,3623.98,3637.93,0.0
2025-05-23 03:00:00,3576.21,3586.46,0.01
2025-05-23 04:00:00,3572.46,3594.72,0.01
2025-05-23 05:00:00,3614.65,3642.21,0.41
2025-05-23 06:00:00,3753.07,3764.66,11.89
2025-05-23 07:00:00,3971.26,3962.84,37.87
2025-05-23 08:00:00,4233.86,4238.54,63.12
2025-05-23 09:00:00,4385.42,4403.48,85.96
2025-05-23 10:00:00,4390.51,4416.57,111.98
2025-05-23 11:00:00,4269.18,4294.38,124.96
2025-05-23 12:00:00,4085.95,4124.08,129.92
2025-05-23 13:00:00,4206.72,4223.53,103.36
2025-05-23 14:00:00,4385.96,4386.63,97.89
2025-05-23 15:00:00,4429.77,4494.05,71.22
2025-05-23 16:00:00,4467.44,4571.75,46.91
2025-05-23 17:00:00,4501.9,4591.0,102.88
2025-05-23 18:00:00,4499.74,4576.73,87.49
2025-05-23 19:00:00,4454.39,4525.75,34.32
2025-05-23 20:00:00,4350.89,4360.35,10.57
2025-05-23 21:00:00,4201.98,4164.33,1.42
2025-05-23 22:00:00,4101.73,4071.65,0.21
2025-05-23 23:00:00,3951.92,3946.88,0.04
2025-05-24 00:00:00,3713.93,3731.59,0.0
2025-05-24 01:00:00,3570.15,3574.95,0.0
2025-05-24 02:00:00,3481.18,3475.96,0.0
2025-05-24 03:00:00,3424.52,3436.25,0.0
2025-05-24 04:00:00,3415.31,3429.43,0.0
2025-05-24 05:00:00,3427.95,3436.38,0.13
2025-05-24 06:00:00,3498.02,3481.44,4.73
2025-05-24 07:00:00,3577.01,3521.45,22.66
2025-05-24 08:00:00,3676.32,3617.98,56.29
2025-05-24 09:00:00,3742.13,3737.04,92.95
2025-05-24 10:00:00,3762.37,3800.66,76.87
2025-05-24 11:00:00,3743.39,3760.83,95.26
2025-05-24 12:00:00,3651.21,3673.25,105.47
2025-05-24 13:00:00,3714.34,3699.51,95.56
2025-05-24 14:00:00,3724.73,3737.03,79.83
2025-05-24 15:00:00,3731.69,3738.18,88.17
2025-05-24 16:00:00,3771.91,3815.42,98.12
2025-05-24 17:00:00,3838.27,3897.2,136.97
2025-05-24 18:00:00,3894.42,3990.16,103.24
2025-05-24 19:00:00,3915.62,4026.13,44.48
2025-05-24 20:00:00,3870.72,3951.53,4.52
2025-05-24 21:00:00,3775.26,3854.94,1.05
2025-05-24 22:00:00,3720.81,3801.34,0.23
2025-05-24 23:00:00,3623.74,3687.35,0.03
2025-05-25 00:00:00,3405.51,3472.22,0.0
2025-05-25 01:00:00,3269.88,3316.68,0.0
2025-05-25 02:00:00,3189.4,3229.11,0.0
2025-05-25 03:00:00,3140.91,3195.13,0.0
2025-05-25 04:00:00,3135.77,3191.74,0.0
2025-05-25 05:00:00,3146.05,3208.7,1.26
2025-05-25 06:00:00,3152.12,3243.82,25.82
2025-05-25 07:00:00,3080.76,3190.88,92.98
2025-05-25 08:00:00,2988.06,3101.27,183.94
2025-05-25 09:00:00,2946.19,2975.35,260.52
2025-05-25 10:00:00,2865.07,2926.98,243.69
2025-05-25 11:00:00,2797.75,2855.58,232.56
2025-05-25 12:00:00,2820.59,2776.87,251.13
2025-05-25 13:00:00,2910.13,2933.24,278.09
2025-05-25 14:00:00,3042.76,3053.34,328.85
2025-05-25 15:00:00,3180.4,3207.82,288.7
2025-05-25 16:00:00,3346.66,3392.39,213.98
2025-05-25 17:00:00,3584.46,3609.92,171.71
2025-05-25 18:00:00,3785.49,3783.24,118.61
2025-05-25 19:00:00,3892.46,3891.8,88.12
2025-05-25 20:00:00,3912.29,3860.99,73.46
2025-05-25 21:00:00,3804.32,3748.31,44.27
2025-05-25 22:00:00,3664.44,3627.58,12.89
2025-05-25 23:00:00,3523.54,3450.63,0.7
2025-05-26 00:00:00,3333.6,3206.02,0.08
2025-05-26 01:00:00,3209.41,3090.4,0.01
2025-05-26 02:00:00,3151.11,3053.53,0.0
2025-05-26 03:00:00,3126.37,3039.89,0.0
2025-05-26 04:00:00,3156.51,3072.63,0.01
2025-05-26 05:00:00,3239.88,3164.24,1.25
2025-05-26 06:00:00,3422.3,3344.02,29.96
2025-05-26 07:00:00,3668.63,3607.71,93.62
2025-05-26 08:00:00,3909.67,3915.21,168.23
2025-05-26 09:00:00,3998.38,4042.85,237.07
2025-05-26 10:00:00,3943.37,4013.25,225.36
2025-05-26 11:00:00,3857.77,3926.22,246.03
2025-05-26 12:00:00,3728.33,3877.49,253.4
2025-05-26 13:00:00,3999.68,3983.49,293.31
2025-05-26 14:00:00,4155.03,4187.01,305.08
2025-05-26 15:00:00,4277.25,4336.79,272.2
2025-05-26 16:00:00,4415.27,4479.6,204.19
2025-05-26 17:00:00,4495.66,4576.16,166.66
2025-05-26 18:00:00,4567.74,4619.07,117.73
2025-05-26 19:00:00,4564.37,4594.92,87.96
2025-05-26 20:00:00,4459.22,4483.35,72.57
2025-05-26 21:00:00,4287.78,4326.23,43.08
2025-05-26 22:00:00,4142.62,4206.21,11.95
2025-05-26 23:00:00,3978.68,4036.93,0.74
2025-05-27 00:00:00,3727.41,3810.06,0.12
2025-05-27 01:00:00,3603.78,3662.17,0.01
2025-05-27 02:00:00,3534.62,3533.7,0.0
2025-05-27 03:00:00,3494.08,3493.13,0.0
2025-05-27 04:00:00,3493.03,3489.21,0.01
2025-05-27 05:00:00,3543.91,3534.95,1.53
2025-05-27 06:00:00,3685.76,3650.8,29.61
2025-05-27 07:00:00,3858.7,3841.85,92.58
2025-05-27 08:00:00,4039.46,4007.17,173.19
2025-05-27 09:00:00,4124.52,4061.44,246.8
2025-05-27 10:00:00,4051.45,4068.82,231.04
2025-05-27 11:00:00,3954.74,3930.42,254.37
2025-05-27 12:00:00,3845.65,3837.46,275.11
2025-05-27 13:00:00,4112.88,3982.25,297.48
2025-05-27 14:00:00,4294.95,4130.54,307.87
2025-05-27 15:00:00,4402.22,4245.94,267.54
2025-05-27 16:00:00,4538.59,4383.5,198.07
2025-05-27 17:00:00,4589.58,4445.26,164.5
2025-05-27 18:00:00,4655.95,4504.55,117.62
2025-05-27 19:00:00,4658.12,4539.46,88.14
2025-05-27 20:00:00,4552.93,4448.78,72.31
2025-05-27 21:00:00,4349.1,4229.11,42.01
2025-05-27 22:00:00,4207.68,4054.33,11.27
2025-05-27 23:00:00,4029.02,3899.86,0.54
2025-05-28 00:00:00,3779.36,3638.41,0.08
2025-05-28 01:00:00,3649.38,3480.12,0.01
2025-05-28 02:00:00,3576.73,3427.24,0.0
2025-05-28 03:00:00,3527.44,3407.0,0.0
2025-05-28 04:00:00,3532.84,3424.51,0.01
2025-05-28 05:00:00,3574.72,3494.05,1.34
2025-05-28 06:00:00,3709.89,3649.88,29.06
2025-05-28 07:00:00,3916.1,3892.37,92.74
2025-05-28 08:00:00,4130.62,4210.59,174.33
2025-05-28 09:00:00,4226.66,4306.0,248.0
2025-05-28 10:00:00,4157.82,4271.44,233.97
2025-05-28 11:00:00,4074.35,4110.86,258.95
2025-05-28 12:00:00,3954.68,3975.19,277.21
2025-05-28 13:00:00,4233.6,4138.68,298.04
2025-05-28 14:00:00,4418.12,4315.5,307.92
2025-05-28 15:00:00,4525.16,4428.04,268.27
2025-05-28 16:00:00,4605.7,4559.73,201.29
2025-05-28 17:00:00,4604.2,4619.49,166.68
2025-05-28 18:00:00,4612.01,4621.95,118.23
2025-05-28 19:00:00,4600.52,4541.66,87.99
2025-05-28 20:00:00,4511.37,4421.96,72.87
2025-05-28 21:00:00,4324.0,4284.5,43.43
2025-05-28 22:00:00,4176.2,4185.01,12.1
2025-05-28 23:00:00,4006.78,4005.59,0.88
2025-05-29 00:00:00,3753.22,3724.14,0.13
2025-05-29 01:00:00,3622.47,3564.85,0.01
2025-05-29 02:00:00,3545.47,3493.56,0.0
2025-05-29 03:00:00,3496.71,3470.56,0.0
2025-05-29 04:00:00,3514.62,3471.83,0.01
2025-05-29 05:00:00,3563.04,3532.46,1.51
2025-05-29 06:00:00,3711.38,3648.3,29.23
2025-05-29 07:00:00,3926.16,3809.14,93.12
2025-05-29 08:00:00,4134.25,4088.94,174.8
2025-05-29 09:00:00,4206.56,4206.23,248.62
2025-05-29 10:00:00,4121.04,4179.31,233.64
2025-05-29 11:00:00,4041.9,4029.74,257.88
2025-05-29 12:00:00,3932.69,3935.42,277.92
2025-05-29 13:00:00,4198.06,4119.35,294.02
2025-05-29 14:00:00,4388.19,4316.81,298.58
2025-05-29 15:00:00,4519.67,4416.42,254.5
2025-05-29 16:00:00,4621.73,4549.12,180.4
2025-05-29 17:00:00,4637.74,4590.35,151.13
2025-05-29 18:00:00,4662.95,4639.55,114.29
2025-05-29 19:00:00,4645.29,4609.97,88.74
2025-05-29 20:00:00,4518.37,4496.34,73.55
2025-05-29 21:00:00,4326.12,4300.65,43.31
2025-05-29 22:00:00,4185.11,4175.01,11.67
2025-05-29 23:00:00,3995.5,4019.2,0.65
2025-05-30 00:00:00,3743.62,3727.57,0.08
2025-05-30 01:00:00,3618.59,3565.07,0.01
2025-05-30 02:00:00,3541.59,3502.54,0.0
2025-05-30 03:00:00,3488.68,3472.09,0.0
2025-05-30 04:00:00,3479.54,3470.59,0.01
2025-05-30 05:00:00,3534.65,3533.46,2.21
2025-05-30 06:00:00,3669.04,3684.08,32.3
2025-05-30 07:00:00,3859.89,3865.56,93.32
2025-05-30 08:00:00,4062.07,4074.34,171.85
2025-05-30 09:00:00,4128.6,4175.58,243.11
2025-05-30 10:00:00,4056.31,4125.28,230.12
2025-05-30 11:00:00,3960.93,3997.27,254.37
2025-05-30 12:00:00,3839.71,3898.75,270.82
2025-05-30 13:00:00,4071.43,4085.99,286.03
2025-05-30 14:00:00,4222.55,4281.9,289.56
2025-05-30 15:00:00,4325.25,4346.69,247.88
2025-05-30 16:00:00,4431.8,4425.02,183.54
2025-05-30 17:00:00,4477.17,4470.77,161.0
2025-05-30 18:00:00,4508.78,4504.21,118.25
2025-05-30 19:00:00,4509.36,4497.72,88.75
2025-05-30 20:00:00,4429.78,4394.1,73.14
2025-05-30 21:00:00,4254.72,4242.92,42.58
2025-05-30 22:00:00,4112.81,4117.89,10.9
2025-05-30 23:00:00,3957.79,3952.34,0.52
2025-05-31 00:00:00,3708.69,3678.99,0.09
2025-05-31 01:00:00,3566.87,3539.0,0.01
2025-05-31 02:00:00,3476.25,3446.76,0.01
2025-05-31 03:00:00,3419.47,3393.2,0.01
2025-05-31 04:00:00,3400.45,3381.3,0.01
2025-05-31 05:00:00,3390.09,3383.47,2.02
2025-05-31 06:00:00,3385.76,3418.08,31.91
2025-05-31 07:00:00,3351.18,3384.92,88.87
2025-05-31 08:00:00,3322.17,3353.31,134.74
2025-05-31 09:00:00,3377.3,3306.77,186.78
2025-05-31 10:00:00,3380.04,3350.73,169.91
2025-05-31 11:00:00,3379.44,3336.41,188.26
2025-05-31 12:00:00,3368.48,3331.11,219.48
2025-05-31 13:00:00,3449.72,3473.35,213.26
2025-05-31 14:00:00,3515.17,3548.89,202.18
2025-05-31 15:00:00,3577.47,3577.75,152.49
2025-05-31 16:00:00,3680.35,3670.54,128.62
2025-05-31 17:00:00,3820.07,3774.02,142.53
2025-05-31 18:00:00,3939.55,3922.85,112.37
2025-05-31 19:00:00,4013.38,3967.21,87.43
2025-05-31 20:00:00,4003.48,3957.59,69.17
2025-05-31 21:00:00,3869.67,3888.28,31.83
2025-05-31 22:00:00,3763.99,3786.65,5.38
2025-05-31 23:00:00,3643.46,3623.29,0.4
2025-06-01 00:00:00,3180.32,3421.04,0.05
2025-06-01 01:00:00,3048.87,3208.0,0.0
2025-06-01 02:00:00,2975.29,3100.52,0.0
2025-06-01 03:00:00,2926.78,3017.22,0.0
2025-06-01 04:00:00,2919.18,3006.31,0.01
2025-06-01 05:00:00,2924.2,2993.61,1.8
2025-06-01 06:00:00,2931.18,2985.77,30.57
2025-06-01 07:00:00,2895.76,2956.49,94.54
2025-06-01 08:00:00,2839.87,2918.42,177.59
2025-06-01 09:00:00,2843.02,2897.92,252.85
2025-06-01 10:00:00,2808.86,2969.23,233.18
2025-06-01 11:00:00,2760.21,2958.92,223.0
2025-06-01 12:00:00,2778.91,2879.4,223.68
2025-06-01 13:00:00,2915.42,2976.95,277.18
2025-06-01 14:00:00,3057.36,3072.42,293.26
2025-06-01 15:00:00,3209.86,3206.63,268.04
2025-06-01 16:00:00,3355.23,3370.67,195.9
2025-06-01 17:00:00,3551.1,3528.8,163.3
2025-06-01 18:00:00,3676.03,3702.68,120.74
2025-06-01 19:00:00,3745.22,3757.83,88.42
2025-06-01 20:00:00,3742.2,3730.67,73.34
2025-06-01 21:00:00,3614.03,3607.27,43.28
2025-06-01 22:00:00,3464.07,3464.03,12.91
2025-06-01 23:00:00,3309.89,3284.12,0.66
2025-06-02 00:00:00,3134.28,3023.89,0.09
2025-06-02 01:00:00,3020.88,2901.7,0.01
2025-06-02 02:00:00,2963.3,2865.75,0.0
2025-06-02 03:00:00,2942.36,2870.74,0.0
2025-06-02 04:00:00,2962.33,2944.02,0.0
2025-06-02 05:00:00,3040.53,3023.7,0.3
2025-06-02 06:00:00,3253.72,3118.81,7.18
2025-06-02 07:00:00,3581.08,3388.56,24.09
2025-06-02 08:00:00,3910.64,3823.25,37.23
2025-06-02 09:00:00,4129.79,4086.13,49.34
2025-06-02 10:00:00,4175.86,4181.34,73.67
2025-06-02 11:00:00,4101.15,4107.22,86.91
2025-06-02 12:00:00,3944.91,3971.55,83.92
2025-06-02 13:00:00,4130.98,4117.28,73.35
2025-06-02 14:00:00,4159.34,4225.02,60.08
2025-06-02 15:00:00,4222.78,4221.39,61.75
2025-06-02 16:00:00,4329.44,4299.42,117.34
2025-06-02 17:00:00,4253.41,4331.34,92.32
2025-06-02 18:00:00,4150.19,4304.38,22.93
2025-06-02 19:00:00,4096.43,4188.02,3.14
2025-06-02 20:00:00,3997.38,4048.01,0.8
2025-06-02 21:00:00,3860.9,3897.52,0.15
2025-06-02 22:00:00,3800.53,3806.62,0.03
2025-06-02 23:00:00,3677.56,3663.85,0.0
2025-06-03 00:00:00,3456.76,3449.56,0.0
2025-06-03 01:00:00,3328.04,3319.98,0.0
2025-06-03 02:00:00,3253.24,3228.47,0.0
2025-06-03 03:00:00,3193.35,3204.23,0.0
2025-06-03 04:00:00,3194.64,3188.15,0.01
2025-06-03 05:00:00,3204.53,3208.0,1.08
2025-06-03 06:00:00,3244.28,3285.52,24.64
2025-06-03 07:00:00,3236.63,3324.17,78.27
2025-06-03 08:00:00,3203.68,3289.7,144.47
2025-06-03 09:00:00,3220.35,3226.68,204.77
2025-06-03 10:00:00,3245.29,3207.95,245.36
2025-06-03 11:00:00,3196.27,3188.18,279.29
2025-06-03 12:00:00,3195.07,3188.34,333.77
2025-06-03 13:00:00,3299.83,3338.9,357.9
2025-06-03 14:00:00,3347.28,3392.36,309.85
2025-06-03 15:00:00,3413.81,3425.47,252.47
2025-06-03 16:00:00,3545.62,3526.08,235.97
2025-06-03 17:00:00,3674.33,3635.26,182.94
2025-06-03 18:00:00,3818.31,3772.74,121.16
2025-06-03 19:00:00,3856.28,3887.83,83.9
2025-06-03 20:00:00,3852.21,3864.5,70.7
2025-06-03 21:00:00,3707.72,3793.93,35.76
2025-06-03 22:00:00,3635.59,3691.83,8.66
2025-06-03 23:00:00,3500.65,3564.8,0.51
2025-06-04 00:00:00,3305.9,3354.69,0.08
2025-06-04 01:00:00,3191.23,3258.78,0.01
2025-06-04 02:00:00,3119.77,3186.41,0.0
2025-06-04 03:00:00,3079.67,3152.1,0.0
2025-06-04 04:00:00,3089.41,3143.02,0.01
2025-06-04 05:00:00,3142.97,3191.21,1.96
2025-06-04 06:00:00,3292.35,3349.57,26.75
2025-06-04 07:00:00,3458.17,3510.91,80.84
2025-06-04 08:00:00,3652.62,3680.93,150.89
2025-06-04 09:00:00,3736.0,3780.82,203.29
2025-06-04 10:00:00,3738.82,3792.9,242.93
2025-06-04 11:00:00,3675.02,3710.2,287.64
2025-06-04 12:00:00,3635.52,3632.43,359.15
2025-06-04 13:00:00,3856.21,3818.62,379.25
2025-06-04 14:00:00,3955.31,3978.31,361.56
2025-06-04 15:00:00,4011.84,4050.56,308.72
2025-06-04 16:00:00,4139.7,4113.9,252.72
2025-06-04 17:00:00,4193.42,4182.86,185.82
2025-06-04 18:00:00,4252.51,4236.06,121.78
2025-06-04 19:00:00,4231.9,4246.83,85.66
2025-06-04 20:00:00,4144.89,4162.65,72.35
2025-06-04 21:00:00,3960.76,3985.88,39.46
2025-06-04 22:00:00,3852.39,3860.07,14.59
2025-06-04 23:00:00,3689.17,3728.0,0.53
2025-06-05 00:00:00,3457.09,3509.23,0.09
2025-06-05 01:00:00,3338.75,3383.84,0.01
2025-06-05 02:00:00,3272.1,3323.72,0.0
2025-06-05 03:00:00,3239.12,3297.99,0.0
2025-06-05 04:00:00,3242.41,3309.84,0.01
2025-06-05 05:00:00,3285.98,3332.64,1.77
2025-06-05 06:00:00,3398.08,3411.39,25.49
2025-06-05 07:00:00,3527.29,3547.09,83.25
2025-06-05 08:00:00,3683.31,3694.9,154.74
2025-06-05 09:00:00,3760.48,3750.28,215.29
2025-06-05 10:00:00,3760.21,3723.29,257.2
2025-06-05 11:00:00,3680.05,3653.63,288.35
2025-06-05 12:00:00,3632.08,3579.93,350.97
2025-06-05 13:00:00,3867.2,3707.53,355.73
2025-06-05 14:00:00,3991.3,3885.12,301.02
2025-06-05 15:00:00,4103.28,3983.18,251.78
2025-06-05 16:00:00,4247.47,4117.34,219.85
2025-06-05 17:00:00,4247.99,4210.49,170.64
2025-06-05 18:00:00,4237.4,4263.7,121.16
2025-06-05 19:00:00,4235.74,4229.08,85.6
2025-06-05 20:00:00,4150.95,4113.49,68.67
2025-06-05 21:00:00,3966.21,3944.18,35.05
2025-06-05 22:00:00,3844.28,3808.98,5.63
2025-06-05 23:00:00,3689.7,3673.85,0.57
2025-06-06 00:00:00,3450.85,3435.76,0.12
2025-06-06 01:00:00,3329.02,3286.44,0.01
2025-06-06 02:00:00,3247.03,3213.3,0.0
2025-06-06 03:00:00,3192.07,3180.76,0.0
2025-06-06 04:00:00,3184.47,3175.55,0.01
2025-06-06 05:00:00,3171.36,3196.17,1.62
2025-06-06 06:00:00,3196.94,3271.05,22.83
2025-06-06 07:00:00,3233.51,3383.17,57.01
2025-06-06 08:00:00,3292.49,3462.97,97.99
2025-06-06 09:00:00,3335.41,3448.02,139.86
2025-06-06 10:00:00,3375.46,3390.01,161.11
2025-06-06 11:00:00,3330.81,3359.27,135.33
2025-06-06 12:00:00,3241.41,3341.04,113.3
2025-06-06 13:00:00,3362.03,3444.47,72.88
2025-06-06 14:00:00,3496.15,3535.92,54.37
2025-06-06 15:00:00,3605.27,3619.29,74.33
2025-06-06 16:00:00,3714.61,3756.63,138.75
2025-06-06 17:00:00,3757.18,3845.04,126.97
2025-06-06 18:00:00,3867.84,3886.63,105.87
2025-06-06 19:00:00,3893.47,3929.04,59.07
2025-06-06 20:00:00,3841.37,3883.42,10.14
2025-06-06 21:00:00,3716.83,3743.46,1.12
2025-06-06 22:00:00,3595.57,3616.58,0.23
2025-06-06 23:00:00,3465.28,3423.21,0.0
2025-06-07 00:00:00,3271.38,3198.25,0.0
2025-06-07 01:00:00,3147.34,3087.22,0.0
2025-06-07 02:00:00,3071.14,3014.51,0.0
2025-06-07 03:00:00,3027.32,2990.31,0.0
2025-06-07 04:00:00,3012.36,3002.51,0.01
2025-06-07 05:00:00,3014.44,3009.22,1.48
2025-06-07 06:00:00,3039.97,3013.23,26.22
2025-06-07 07:00:00,3040.87,3010.0,69.35
2025-06-07 08:00:00,3035.73,3044.68,130.19
2025-06-07 09:00:00,3081.07,3075.0,186.6
2025-06-07 10:00:00,3127.02,3140.84,226.11
2025-06-07 11:00:00,3130.11,3155.75,242.22
2025-06-07 12:00:00,3136.96,3156.37,271.16
2025-06-07 13:00:00,3237.03,3270.24,305.68
2025-06-07 14:00:00,3319.55,3369.25,293.26
2025-06-07 15:00:00,3390.43,3410.72,225.62
2025-06-07 16:00:00,3551.1,3501.11,199.08
2025-06-07 17:00:00,3686.56,3626.62,146.36
2025-06-07 18:00:00,3783.24,3754.45,112.98
2025-06-07 19:00:00,3836.13,3822.55,81.64
2025-06-07 20:00:00,3809.31,3775.88,63.22
2025-06-07 21:00:00,3660.35,3651.62,21.62
2025-06-07 22:00:00,3558.81,3549.82,2.55
2025-06-07 23:00:00,3436.73,3405.51,0.43
2025-06-08 00:00:00,3232.2,3229.04,0.08
2025-06-08 01:00:00,3108.15,3085.58,0.01
2025-06-08 02:00:00,3030.0,3025.77,0.0
2025-06-08 03:00:00,3013.45,3000.56,0.0
2025-06-08 04:00:00,3018.56,3007.04,0.0
2025-06-08 05:00:00,3016.61,3055.47,1.21
2025-06-08 06:00:00,3043.33,3198.62,15.88
2025-06-08 07:00:00,3048.38,3304.93,35.29
2025-06-08 08:00:00,3044.79,3341.75,58.73
2025-06-08 09:00:00,3069.7,3267.94,103.85
2025-06-08 10:00:00,3115.82,3254.82,121.48
2025-06-08 11:00:00,3115.23,3260.83,152.78
2025-06-08 12:00:00,3159.74,3247.33,213.91
2025-06-08 13:00:00,3236.54,3355.73,239.71
2025-06-08 14:00:00,3320.72,3378.74,262.97
2025-06-08 15:00:00,3432.68,3430.65,260.57
2025-06-08 16:00:00,3582.72,3573.62,226.93
2025-06-08 17:00:00,3770.33,3670.71,171.58
2025-06-08 18:00:00,3921.85,3803.82,122.32
2025-06-08 19:00:00,3971.31,3907.28,86.22
2025-06-08 20:00:00,3960.56,3875.63,68.35
2025-06-08 21:00:00,3803.72,3778.95,33.84
2025-06-08 22:00:00,3637.99,3613.63,4.98
2025-06-08 23:00:00,3476.33,3428.88,0.4
2025-06-09 00:00:00,3286.52,3220.25,0.05
2025-06-09 01:00:00,3168.22,3106.69,0.0
2025-06-09 02:00:00,3087.76,3042.31,0.0
2025-06-09 03:00:00,3055.87,3030.43,0.0
2025-06-09 04:00:00,3073.09,3059.13,0.0
2025-06-09 05:00:00,3161.74,3157.91,0.34
2025-06-09 06:00:00,3356.04,3396.1,7.25
2025-06-09 07:00:00,3684.19,3680.66,35.17
2025-06-09 08:00:00,4029.0,3983.02,71.36
2025-06-09 09:00:00,4189.08,4194.32,145.38
2025-06-09 10:00:00,4194.44,4315.89,205.46
2025-06-09 11:00:00,4131.54,4243.39,225.45
2025-06-09 12:00:00,4031.98,4124.61,222.6
2025-06-09 13:00:00,4264.48,4217.97,221.03
2025-06-09 14:00:00,4416.31,4345.43,233.67
2025-06-09 15:00:00,4514.56,4423.4,228.28
2025-06-09 16:00:00,4639.7,4518.98,215.32
2025-06-09 17:00:00,4655.83,4556.63,174.43
2025-06-09 18:00:00,4660.06,4574.26,121.76
2025-06-09 19:00:00,4605.94,4536.78,83.58
2025-06-09 20:00:00,4470.78,4403.56,67.34
2025-06-09 21:00:00,4247.97,4225.51,32.65
2025-06-09 22:00:00,4090.66,4050.54,5.83
2025-06-09 23:00:00,3906.5,3857.98,0.35
2025-06-10 00:00:00,3667.42,3613.32,0.09
2025-06-10 01:00:00,3537.4,3459.33,0.01
2025-06-10 02:00:00,3460.53,3407.76,0.0
2025-06-10 03:00:00,3405.64,3387.79,0.0
2025-06-10 04:00:00,3403.57,3357.13,0.01
2025-06-10 05:00:00,3452.1,3375.1,0.94
2025-06-10 06:00:00,3598.32,3516.99,18.93
2025-06-10 07:00:00,3835.22,3701.8,63.39
2025-06-10 08:00:00,4109.66,3991.42,117.4
2025-06-10 09:00:00,4262.81,4164.07,166.04
2025-06-10 10:00:00,4303.42,4202.04,187.67
2025-06-10 11:00:00,4287.52,4147.54,187.83
2025-06-10 12:00:00,4170.79,4096.28,177.06
2025-06-10 13:00:00,4371.7,4260.23,185.47
2025-06-10 14:00:00,4442.7,4426.53,179.61
2025-06-10 15:00:00,4485.97,4482.89,159.76
2025-06-10 16:00:00,4619.37,4528.19,184.89
2025-06-10 17:00:00,4574.87,4563.48,146.54
2025-06-10 18:00:00,4563.79,4541.19,106.67
2025-06-10 19:00:00,4530.54,4471.1,80.17
2025-06-10 20:00:00,4393.42,4318.84,56.25
2025-06-10 21:00:00,4172.29,4135.96,20.02
2025-06-10 22:00:00,4026.43,3971.97,1.72
2025-06-10 23:00:00,3855.2,3778.76,0.23
2025-06-11 00:00:00,3597.7,3541.35,0.05
2025-06-11 01:00:00,3479.76,3387.52,0.0
2025-06-11 02:00:00,3396.14,3330.71,0.0
2025-06-11 03:00:00,3342.16,3283.51,0.0
2025-06-11 04:00:00,3331.08,3283.78,0.01
2025-06-11 05:00:00,3335.81,3340.01,1.38
2025-06-11 06:00:00,3481.76,3466.72,22.63
2025-06-11 07:00:00,3656.69,3656.67,78.27
2025-06-11 08:00:00,3866.61,3886.73,145.9
2025-06-11 09:00:00,3976.05,3979.07,210.01
2025-06-11 10:00:00,3991.76,3988.2,249.81
2025-06-11 11:00:00,3935.39,3935.11,289.96
2025-06-11 12:00:00,3877.1,3871.18,352.91
2025-06-11 13:00:00,4115.64,4084.18,374.85
2025-06-11 14:00:00,4231.05,4279.21,342.43
2025-06-11 15:00:00,4316.35,4363.18,296.03
2025-06-11 16:00:00,4450.16,4480.33,242.15
2025-06-11 17:00:00,4449.17,4499.25,166.85
2025-06-11 18:00:00,4418.04,4488.54,114.41
2025-06-11 19:00:00,4388.59,4425.71,83.74
2025-06-11 20:00:00,4336.93,4272.84,68.54
2025-06-11 21:00:00,4142.46,4118.26,32.49
2025-06-11 22:00:00,4000.96,3989.6,4.74
2025-06-11 23:00:00,3822.39,3833.63,0.53
2025-06-12 00:00:00,3583.01,3609.58,0.15
2025-06-12 01:00:00,3459.63,3470.94,0.08
2025-06-12 02:00:00,3381.4,3396.3,0.05
2025-06-12 03:00:00,3328.1,3344.88,0.0
2025-06-12 04:00:00,3327.31,3330.6,0.0
2025-06-12 05:00:00,3376.12,3362.36,0.74
2025-06-12 06:00:00,3513.01,3460.0,15.84
2025-06-12 07:00:00,3712.32,3654.07,46.75
2025-06-12 08:00:00,3981.58,3893.28,108.24
2025-06-12 09:00:00,4126.94,4060.84,162.18
2025-06-12 10:00:00,4161.97,4128.69,165.2
2025-06-12 11:00:00,4115.86,4083.65,153.9
2025-06-12 12:00:00,4015.49,3967.51,179.21
2025-06-12 13:00:00,4202.01,4136.96,225.69
2025-06-12 14:00:00,4335.55,4308.91,237.27
2025-06-12 15:00:00,4451.27,4376.91,232.06
2025-06-12 16:00:00,4621.97,4492.01,212.87
2025-06-12 17:00:00,4620.04,4552.41,150.44
2025-06-12 18:00:00,4526.34,4538.58,115.41
2025-06-12 19:00:00,4486.8,4429.61,81.77
2025-06-12 20:00:00,4422.75,4249.18,60.64
2025-06-12 21:00:00,4203.07,4099.76,22.14
2025-06-12 22:00:00,4053.7,3989.88,1.97
2025-06-12 23:00:00,3880.71,3815.96,0.31
2025-06-13 00:00:00,3635.71,3597.24,0.09
2025-06-13 01:00:00,3497.78,3443.85,0.01
2025-06-13 02:00:00,3399.98,3343.58,0.0
2025-06-13 03:00:00,3344.9,3300.3,0.0
2025-06-13 04:00:00,3335.1,3278.35,0.0
2025-06-13 05:00:00,3388.05,3283.75,0.19
2025-06-13 06:00:00,3545.52,3392.4,8.49
2025-06-13 07:00:00,3810.76,3612.74,30.9
2025-06-13 08:00:00,4140.49,3955.0,49.21
2025-06-13 09:00:00,4339.37,4258.22,69.09
2025-06-13 10:00:00,4411.33,4383.79,93.71
2025-06-13 11:00:00,4332.58,4399.13,96.02
2025-06-13 12:00:00,4209.73,4290.08,101.46
2025-06-13 13:00:00,4400.95,4413.57,74.31
2025-06-13 14:00:00,4487.91,4504.4,52.88
2025-06-13 15:00:00,4529.32,4525.88,58.14
2025-06-13 16:00:00,4591.94,4551.8,97.88
2025-06-13 17:00:00,4478.18,4519.68,83.56
2025-06-13 18:00:00,4363.57,4423.58,29.75
2025-06-13 19:00:00,4278.01,4317.56,4.21
2025-06-13 20:00:00,4196.19,4164.42,1.62
2025-06-13 21:00:00,4040.63,4009.87,0.47
2025-06-13 22:00:00,3942.02,3926.69,0.15
2025-06-13 23:00:00,3804.76,3795.78,0.0
2025-06-14 00:00:00,3578.96,3572.44,0.0
2025-06-14 01:00:00,3451.34,3419.52,0.0
2025-06-14 02:00:00,3365.1,3315.17,0.0
2025-06-14 03:00:00,3318.78,3273.61,0.0
2025-06-14 04:00:00,3295.41,3282.34,0.0
2025-06-14 05:00:00,3292.84,3286.16,0.04
2025-06-14 06:00:00,3386.2,3325.7,2.05
2025-06-14 07:00:00,3470.04,3400.11,9.15
2025-06-14 08:00:00,3587.2,3518.77,25.46
2025-06-14 09:00:00,3680.08,3639.47,49.93
2025-06-14 10:00:00,3709.07,3698.21,73.57
2025-06-14 11:00:00,3627.73,3644.27,98.13
2025-06-14 12:00:00,3555.59,3512.91,147.58
2025-06-14 13:00:00,3629.15,3564.71,175.38
2025-06-14 14:00:00,3656.65,3606.62,165.57
2025-06-14 15:00:00,3756.18,3658.41,207.77
2025-06-14 16:00:00,3879.7,3764.59,202.93
2025-06-14 17:00:00,3978.73,3858.76,155.9
2025-06-14 18:00:00,4072.67,3975.71,104.14
2025-06-14 19:00:00,4084.36,4043.64,63.79
2025-06-14 20:00:00,4029.11,3971.34,33.55
2025-06-14 21:00:00,3879.83,3834.9,16.71
2025-06-14 22:00:00,3759.73,3735.23,1.6
2025-06-14 23:00:00,3622.89,3614.11,0.05
2025-06-15 00:00:00,3405.57,3399.4,0.0
2025-06-15 01:00:00,3272.29,3256.37,0.0
2025-06-15 02:00:00,3185.14,3183.37,0.0
2025-06-15 03:00:00,3127.13,3122.65,0.0
2025-06-15 04:00:00,3099.94,3103.76,0.01
2025-06-15 05:00:00,3092.69,3105.42,1.28
2025-06-15 06:00:00,3120.43,3137.56,21.65
2025-06-15 07:00:00,3124.63,3142.33,70.04
2025-06-15 08:00:00,3102.47,3148.54,133.2
2025-06-15 09:00:00,3140.66,3169.06,173.41
2025-06-15 10:00:00,3195.03,3225.35,188.7
2025-06-15 11:00:00,3200.78,3240.89,183.56
2025-06-15 12:00:00,3288.31,3227.7,188.2
2025-06-15 13:00:00,3490.59,3398.47,205.65
2025-06-15 14:00:00,3602.11,3517.82,196.54
2025-06-15 15:00:00,3726.96,3616.6,147.26
2025-06-15 16:00:00,3907.47,3781.93,136.79
2025-06-15 17:00:00,4050.93,3921.82,111.25
2025-06-15 18:00:00,4178.82,4072.4,88.45
2025-06-15 19:00:00,4223.04,4165.67,72.9
2025-06-15 20:00:00,4172.75,4155.49,43.67
2025-06-15 21:00:00,3990.9,3995.96,8.98
2025-06-15 22:00:00,3809.05,3829.86,1.5
2025-06-15 23:00:00,3644.35,3648.2,0.27
2025-06-16 00:00:00,3435.32,3419.25,0.05
2025-06-16 01:00:00,3298.34,3267.11,0.0
2025-06-16 02:00:00,3228.22,3184.85,0.0
2025-06-16 03:00:00,3189.58,3140.65,0.0
2025-06-16 04:00:00,3199.32,3168.79,0.0
2025-06-16 05:00:00,3291.8,3267.49,0.04
2025-06-16 06:00:00,3538.12,3489.59,2.37
2025-06-16 07:00:00,3951.16,3870.83,10.93
2025-06-16 08:00:00,4431.32,4384.78,17.23
2025-06-16 09:00:00,4742.75,4735.94,22.22
2025-06-16 10:00:00,4886.27,4896.7,72.57
2025-06-16 11:00:00,4782.93,4877.54,173.23
2025-06-16 12:00:00,4533.89,4700.23,218.82
2025-06-16 13:00:00,4658.46,4748.49,232.98
2025-06-16 14:00:00,4672.97,4786.44,235.02
2025-06-16 15:00:00,4688.33,4742.43,250.87
2025-06-16 16:00:00,4733.46,4772.25,229.85
2025-06-16 17:00:00,4690.94,4698.58,172.17
2025-06-16 18:00:00,4697.03,4640.64,113.68
2025-06-16 19:00:00,4642.82,4613.39,76.82
2025-06-16 20:00:00,4512.69,4466.8,54.17
2025-06-16 21:00:00,4275.75,4258.93,20.68
2025-06-16 22:00:00,4124.87,4126.76,3.46
2025-06-16 23:00:00,3938.38,3945.0,0.15
2025-06-17 00:00:00,3693.69,3652.92,0.0
2025-06-17 01:00:00,3561.44,3537.55,0.0
2025-06-17 02:00:00,3478.06,3466.93,0.0
2025-06-17 03:00:00,3433.87,3405.74,0.0
2025-06-17 04:00:00,3436.8,3395.21,0.01
2025-06-17 05:00:00,3483.25,3444.62,1.54
2025-06-17 06:00:00,3670.35,3610.46,21.77
2025-06-17 07:00:00,3965.61,3902.77,53.01
2025-06-17 08:00:00,4312.75,4282.63,93.05
2025-06-17 09:00:00,4488.6,4478.26,116.07
2025-06-17 10:00:00,4502.0,4534.36,128.26
2025-06-17 11:00:00,4407.56,4402.53,164.24
2025-06-17 12:00:00,4259.14,4260.59,199.56
2025-06-17 13:00:00,4435.44,4473.91,227.48
2025-06-17 14:00:00,4523.95,4600.38,230.24
2025-06-17 15:00:00,4637.97,4645.07,230.75
2025-06-17 16:00:00,4778.41,4767.41,220.57
2025-06-17 17:00:00,4778.45,4775.89,174.72
2025-06-17 18:00:00,4793.88,4759.84,120.16
2025-06-17 19:00:00,4765.23,4722.2,83.35
2025-06-17 20:00:00,4625.5,4587.18,65.77
2025-06-17 21:00:00,4372.38,4360.17,26.51
2025-06-17 22:00:00,4205.94,4199.9,5.34
2025-06-17 23:00:00,4001.86,4008.37,0.28
2025-06-18 00:00:00,3733.91,3732.9,0.05
2025-06-18 01:00:00,3582.86,3572.6,0.0
2025-06-18 02:00:00,3497.84,3470.59,0.0
2025-06-18 03:00:00,3451.4,3418.45,0.0
2025-06-18 04:00:00,3435.03,3434.5,0.01
2025-06-18 05:00:00,3472.16,3507.28,0.92
2025-06-18 06:00:00,3623.49,3697.89,17.69
2025-06-18 07:00:00,3855.02,3903.25,54.95
2025-06-18 08:00:00,4119.3,4196.32,124.48
2025-06-18 09:00:00,4261.65,4293.26,193.49
2025-06-18 10:00:00,4299.76,4310.46,235.2
2025-06-18 11:00:00,4242.67,4235.93,268.48
2025-06-18 12:00:00,4164.88,4118.7,312.84
2025-06-18 13:00:00,4417.56,4350.56,344.89
2025-06-18 14:00:00,4545.67,4581.61,323.04
2025-06-18 15:00:00,4620.91,4644.31,276.14
2025-06-18 16:00:00,4751.92,4724.78,232.06
2025-06-18 17:00:00,4767.47,4732.85,176.21
2025-06-18 18:00:00,4794.31,4735.71,122.11
2025-06-18 19:00:00,4753.44,4748.65,84.71
2025-06-18 20:00:00,4625.27,4626.02,69.68
2025-06-18 21:00:00,4392.54,4390.75,33.53
2025-06-18 22:00:00,4218.12,4225.34,6.93
2025-06-18 23:00:00,4006.03,4043.69,0.5
2025-06-19 00:00:00,3742.9,3777.85,0.04
2025-06-19 01:00:00,3601.73,3583.97,0.01
2025-06-19 02:00:00,3504.65,3503.49,0.0
2025-06-19 03:00:00,3446.35,3461.27,0.0
2025-06-19 04:00:00,3444.28,3458.33,0.0
2025-06-19 05:00:00,3488.37,3533.08,2.1
2025-06-19 06:00:00,3622.44,3695.12,22.3
2025-06-19 07:00:00,3850.56,3956.06,52.68
2025-06-19 08:00:00,4162.56,4255.89,90.2
2025-06-19 09:00:00,4354.69,4406.92,113.62
2025-06-19 10:00:00,4476.94,4457.22,147.75
2025-06-19 11:00:00,4451.94,4429.29,158.59
2025-06-19 12:00:00,4396.77,4342.43,154.31
2025-06-19 13:00:00,4670.95,4581.33,191.86
2025-06-19 14:00:00,4830.38,4730.34,203.77
2025-06-19 15:00:00,4898.13,4814.13,210.95
2025-06-19 16:00:00,4974.74,4894.7,193.6
2025-06-19 17:00:00,4953.37,4862.15,142.78
2025-06-19 18:00:00,4975.15,4858.89,102.48
2025-06-19 19:00:00,4956.0,4829.91,79.12
2025-06-19 20:00:00,4821.35,4684.87,58.65
2025-06-19 21:00:00,4568.48,4471.6,22.62
2025-06-19 22:00:00,4385.93,4293.4,2.69
2025-06-19 23:00:00,4161.63,4091.36,0.11
2025-06-20 00:00:00,3879.62,3815.53,0.01
2025-06-20 01:00:00,3717.79,3665.45,0.0
2025-06-20 02:00:00,3619.86,3560.6,0.0
2025-06-20 03:00:00,3560.77,3488.13,0.0
2025-06-20 04:00:00,3545.55,3491.66,0.0
2025-06-20 05:00:00,3607.23,3532.66,0.09
2025-06-20 06:00:00,3815.04,3716.09,7.61
2025-06-20 07:00:00,4172.93,4067.46,33.86
2025-06-20 08:00:00,4600.54,4524.61,50.43
2025-06-20 09:00:00,4893.39,4836.29,48.89
2025-06-20 10:00:00,5019.89,4982.35,51.42
2025-06-20 11:00:00,4973.12,4966.64,69.84
2025-06-20 12:00:00,4823.78,4847.42,72.71
2025-06-20 13:00:00,4979.74,4948.09,61.48
2025-06-20 14:00:00,4967.39,4990.3,40.91
2025-06-20 15:00:00,4942.82,4951.27,36.73
2025-06-20 16:00:00,4995.75,4922.12,95.69
2025-06-20 17:00:00,4843.56,4883.04,65.95
2025-06-20 18:00:00,4710.94,4812.14,20.54
2025-06-20 19:00:00,4630.09,4679.81,4.08
2025-06-20 20:00:00,4507.91,4510.53,0.88
2025-06-20 21:00:00,4331.53,4324.62,0.75
2025-06-20 22:00:00,4211.82,4226.69,0.15
2025-06-20 23:00:00,4036.94,4061.06,0.0
2025-06-21 00:00:00,3786.92,3769.2,0.0
2025-06-21 01:00:00,3622.6,3572.07,0.0
2025-06-21 02:00:00,3525.41,3460.0,0.0
2025-06-21 03:00:00,3455.84,3429.22,0.0
2025-06-21 04:00:00,3428.88,3419.42,0.0
2025-06-21 05:00:00,3430.11,3442.44,0.02
2025-06-21 06:00:00,3509.11,3520.33,0.99
2025-06-21 07:00:00,3626.48,3646.68,5.04
2025-06-21 08:00:00,3784.09,3808.91,11.77
2025-06-21 09:00:00,3968.57,3951.41,15.68
2025-06-21 10:00:00,4077.43,4071.62,18.71
2025-06-21 11:00:00,4110.04,4066.28,25.63
2025-06-21 12:00:00,4065.59,4046.4,31.14
2025-06-21 13:00:00,4096.04,4137.14,33.73
2025-06-21 14:00:00,4048.11,4160.14,26.08
2025-06-21 15:00:00,4000.81,4145.58,22.85
2025-06-21 16:00:00,4009.03,4140.3,44.4
2025-06-21 17:00:00,3962.81,4135.53,16.13
2025-06-21 18:00:00,3981.89,4143.72,6.78
2025-06-21 19:00:00,3988.71,4108.84,0.46
2025-06-21 20:00:00,3946.8,3980.63,0.05
2025-06-21 21:00:00,3832.04,3854.56,0.02
2025-06-21 22:00:00,3743.65,3758.01,0.0
2025-06-21 23:00:00,3608.66,3641.69,0.0
2025-06-22 00:00:00,3390.42,3478.47,0.0
2025-06-22 01:00:00,3245.75,3315.06,0.0
2025-06-22 02:00:00,3147.64,3190.62,0.0
2025-06-22 03:00:00,3089.28,3127.98,0.0
2025-06-22 04:00:00,3068.41,3111.93,0.0
2025-06-22 05:00:00,3059.32,3091.81,0.35
2025-06-22 06:00:00,3079.98,3125.39,12.49
2025-06-22 07:00:00,3072.12,3190.22,40.85
2025-06-22 08:00:00,3049.91,3183.41,99.02
2025-06-22 09:00:00,3043.35,3156.25,159.17
2025-06-22 10:00:00,3037.98,3133.3,201.15
2025-06-22 11:00:00,3022.44,3077.36,210.2
2025-06-22 12:00:00,3034.66,3039.74,194.54
2025-06-22 13:00:00,3139.01,3193.67,217.71
2025-06-22 14:00:00,3259.18,3272.38,205.87
2025-06-22 15:00:00,3348.86,3412.77,187.34
2025-06-22 16:00:00,3531.88,3561.67,206.22
2025-06-22 17:00:00,3737.57,3706.12,176.5
2025-06-22 18:00:00,3893.42,3857.32,128.59
2025-06-22 19:00:00,3954.84,3920.85,88.85
2025-06-22 20:00:00,3946.46,3841.36,66.72
2025-06-22 21:00:00,3804.06,3725.3,31.2
2025-06-22 22:00:00,3633.06,3604.98,6.32
2025-06-22 23:00:00,3466.14,3438.88,0.43
2025-06-23 00:00:00,3281.9,3218.16,0.06
2025-06-23 01:00:00,3150.45,3098.04,0.01
2025-06-23 02:00:00,3070.66,2990.78,0.0
2025-06-23 03:00:00,3037.06,2947.05,0.0
2025-06-23 04:00:00,3050.09,2971.2,0.01
2025-06-23 05:00:00,3138.62,3083.27,1.2
2025-06-23 06:00:00,3331.76,3278.26,22.17
2025-06-23 07:00:00,3600.77,3517.25,70.74
2025-06-23 08:00:00,3915.66,3853.9,140.3
2025-06-23 09:00:00,4103.26,4022.04,202.9
2025-06-23 10:00:00,4157.83,4121.5,240.85
2025-06-23 11:00:00,4124.84,4109.61,281.74
2025-06-23 12:00:00,4100.32,4061.09,339.21
2025-06-23 13:00:00,4355.07,4267.39,358.91
2025-06-23 14:00:00,4483.03,4440.49,323.34
2025-06-23 15:00:00,4579.74,4548.06,279.94
2025-06-23 16:00:00,4732.09,4671.36,239.79
2025-06-23 17:00:00,4778.02,4694.77,182.87
2025-06-23 18:00:00,4809.95,4716.86,123.69
2025-06-23 19:00:00,4750.81,4688.27,85.97
2025-06-23 20:00:00,4623.05,4504.16,70.2
2025-06-23 21:00:00,4389.25,4324.34,35.05
2025-06-23 22:00:00,4208.62,4161.22,9.85
2025-06-23 23:00:00,3991.42,3980.66,0.55
2025-06-24 00:00:00,3723.28,3711.76,0.08
2025-06-24 01:00:00,3587.31,3532.23,0.01
2025-06-24 02:00:00,3488.95,3396.34,0.0
2025-06-24 03:00:00,3434.42,3314.96,0.0
2025-06-24 04:00:00,3433.57,3306.38,0.0
2025-06-24 05:00:00,3475.2,3340.17,0.61
2025-06-24 06:00:00,3627.12,3546.37,8.54
2025-06-24 07:00:00,3916.18,3791.53,14.41
2025-06-24 08:00:00,4308.55,4146.29,18.43
2025-06-24 09:00:00,4552.43,4423.39,29.52
2025-06-24 10:00:00,4630.68,4559.17,34.43
2025-06-24 11:00:00,4616.21,4525.26,32.38
2025-06-24 12:00:00,4513.11,4470.0,33.17
2025-06-24 13:00:00,4685.84,4648.71,41.09
2025-06-24 14:00:00,4727.76,4744.53,38.46
2025-06-24 15:00:00,4709.97,4756.4,41.24
2025-06-24 16:00:00,4747.95,4794.0,80.32
2025-06-24 17:00:00,4637.57,4725.21,28.66
2025-06-24 18:00:00,4598.44,4639.9,13.75
2025-06-24 19:00:00,4535.98,4572.23,2.6
2025-06-24 20:00:00,4406.66,4395.42,0.29
2025-06-24 21:00:00,4217.33,4191.91,0.12
2025-06-24 22:00:00,4076.62,4044.35,0.06
2025-06-24 23:00:00,3897.64,3860.56,0.01
2025-06-25 00:00:00,3656.99,3617.96,0.0
2025-06-25 01:00:00,3531.92,3473.66,0.0
2025-06-25 02:00:00,3454.63,3428.02,0.0
2025-06-25 03:00:00,3401.37,3419.79,0.0
2025-06-25 04:00:00,3397.72,3437.79,0.0
2025-06-25 05:00:00,3450.67,3466.59,0.07
2025-06-25 06:00:00,3662.89,3640.84,4.02
2025-06-25 07:00:00,3978.13,3936.43,24.63
2025-06-25 08:00:00,4356.09,4339.73,65.91
2025-06-25 09:00:00,4563.24,4528.54,113.36
2025-06-25 10:00:00,4628.79,4591.12,174.28
2025-06-25 11:00:00,4544.76,4531.78,221.23
2025-06-25 12:00:00,4362.1,4413.27,229.06
2025-06-25 13:00:00,4498.74,4516.23,252.08
2025-06-25 14:00:00,4508.92,4564.74,247.65
2025-06-25 15:00:00,4533.19,4557.27,243.68
2025-06-25 16:00:00,4611.35,4588.14,229.39
2025-06-25 17:00:00,4556.28,4538.8,173.11
2025-06-25 18:00:00,4546.28,4503.28,117.58
2025-06-25 19:00:00,4494.37,4486.49,82.47
2025-06-25 20:00:00,4395.0,4336.61,64.22
2025-06-25 21:00:00,4190.06,4194.12,26.11
2025-06-25 22:00:00,4051.25,4036.22,2.99
2025-06-25 23:00:00,3884.76,3873.26,0.46
2025-06-26 00:00:00,3642.26,3636.06,0.06
2025-06-26 01:00:00,3509.83,3466.59,0.0
2025-06-26 02:00:00,3432.9,3371.33,0.0
2025-06-26 03:00:00,3384.33,3305.56,0.0
2025-06-26 04:00:00,3392.92,3313.12,0.01
2025-06-26 05:00:00,3435.27,3366.98,0.42
2025-06-26 06:00:00,3633.57,3526.35,14.87
2025-06-26 07:00:00,3899.42,3847.35,51.76
2025-06-26 08:00:00,4226.28,4175.06,111.56
2025-06-26 09:00:00,4390.43,4359.56,172.01
2025-06-26 10:00:00,4419.72,4391.66,222.17
2025-06-26 11:00:00,4356.76,4325.99,258.42
2025-06-26 12:00:00,4262.11,4245.79,292.24
2025-06-26 13:00:00,4478.97,4418.26,334.98
2025-06-26 14:00:00,4561.49,4508.71,315.74
2025-06-26 15:00:00,4579.2,4557.83,234.12
2025-06-26 16:00:00,4659.46,4592.23,202.95
2025-06-26 17:00:00,4634.11,4568.91,160.43
2025-06-26 18:00:00,4636.79,4555.78,119.54
2025-06-26 19:00:00,4601.33,4540.5,85.3
2025-06-26 20:00:00,4496.3,4430.41,61.82
2025-06-26 21:00:00,4295.08,4262.59,28.39
2025-06-26 22:00:00,4129.12,4093.99,8.56
2025-06-26 23:00:00,3938.26,3951.65,0.52
2025-06-27 00:00:00,3679.7,3716.98,0.08
2025-06-27 01:00:00,3541.6,3576.69,0.01
2025-06-27 02:00:00,3457.73,3475.13,0.0
2025-06-27 03:00:00,3414.09,3419.01,0.0
2025-06-27 04:00:00,3407.46,3421.66,0.01
2025-06-27 05:00:00,3455.71,3479.61,1.75
2025-06-27 06:00:00,3609.27,3623.57,23.92
2025-06-27 07:00:00,3861.17,3823.77,67.79
2025-06-27 08:00:00,4197.13,4109.22,120.63
2025-06-27 09:00:00,4377.65,4288.37,161.9
2025-06-27 10:00:00,4420.17,4356.03,215.75
2025-06-27 11:00:00,4355.73,4296.87,251.79
2025-06-27 12:00:00,4280.03,4239.36,277.85
2025-06-27 13:00:00,4462.66,4465.93,311.0
2025-06-27 14:00:00,4564.13,4587.32,306.15
2025-06-27 15:00:00,4614.99,4651.16,265.66
2025-06-27 16:00:00,4747.28,4692.46,232.22
2025-06-27 17:00:00,4746.89,4740.44,176.57
2025-06-27 18:00:00,4754.18,4725.59,121.96
2025-06-27 19:00:00,4721.5,4709.94,82.53
2025-06-27 20:00:00,4625.23,4595.47,64.95
2025-06-27 21:00:00,4397.6,4399.78,32.74
2025-06-27 22:00:00,4229.09,4238.31,7.44
2025-06-27 23:00:00,4039.87,4074.62,0.5
2025-06-28 00:00:00,3775.2,3824.73,0.15
2025-06-28 01:00:00,3610.57,3654.04,0.08
2025-06-28 02:00:00,3500.77,3534.73,0.07
2025-06-28 03:00:00,3432.43,3465.87,0.02
2025-06-28 04:00:00,3407.64,3424.21,0.0
2025-06-28 05:00:00,3408.03,3423.29,0.57
2025-06-28 06:00:00,3460.66,3488.16,16.99
2025-06-28 07:00:00,3538.86,3533.88,51.79
2025-06-28 08:00:00,3647.59,3631.08,91.33
2025-06-28 09:00:00,3817.44,3723.66,138.12
2025-06-28 10:00:00,3940.27,3871.05,158.28
2025-06-28 11:00:00,3998.33,3944.19,203.13
2025-06-28 12:00:00,3981.04,3953.05,236.59
2025-06-28 13:00:00,4073.43,4051.82,243.66
2025-06-28 14:00:00,4121.29,4093.81,239.24
2025-06-28 15:00:00,4144.54,4138.47,200.05
2025-06-28 16:00:00,4253.07,4203.47,195.93
2025-06-28 17:00:00,4336.0,4269.78,157.14
2025-06-28 18:00:00,4425.48,4374.72,114.24
2025-06-28 19:00:00,4441.02,4449.26,81.1
2025-06-28 20:00:00,4385.24,4405.17,52.46
2025-06-28 21:00:00,4177.48,4248.22,13.77
2025-06-28 22:00:00,4042.48,4089.34,2.62
2025-06-28 23:00:00,3854.28,3919.82,0.47
2025-06-29 00:00:00,3602.82,3664.85,0.06
2025-06-29 01:00:00,3438.07,3490.11,0.0
2025-06-29 02:00:00,3328.34,3392.28,0.0
2025-06-29 03:00:00,3267.06,3314.55,0.0
2025-06-29 04:00:00,3234.86,3269.26,0.01
2025-06-29 05:00:00,3218.17,3239.16,0.9
2025-06-29 06:00:00,3262.37,3265.51,20.33
2025-06-29 07:00:00,3304.56,3315.77,66.85
2025-06-29 08:00:00,3355.06,3405.2,122.63
2025-06-29 09:00:00,3439.67,3523.72,174.45
2025-06-29 10:00:00,3535.74,3576.31,213.73
2025-06-29 11:00:00,3570.56,3612.0,232.97
2025-06-29 12:00:00,3631.29,3595.52,268.26
2025-06-29 13:00:00,3735.54,3734.3,290.17
2025-06-29 14:00:00,3802.92,3795.27,281.41
2025-06-29 15:00:00,3889.85,3890.77,248.2
2025-06-29 16:00:00,4094.05,4056.01,231.36
2025-06-29 17:00:00,4309.12,4204.14,178.58
2025-06-29 18:00:00,4457.02,4393.46,121.5
2025-06-29 19:00:00,4482.31,4472.36,83.07
2025-06-29 20:00:00,4433.57,4403.17,63.36
2025-06-29 21:00:00,4252.91,4191.34,33.94
2025-06-29 22:00:00,4025.47,3999.67,5.45
2025-06-29 23:00:00,3799.12,3806.52,0.51
2025-06-30 00:00:00,3563.99,3568.33,0.06
2025-06-30 01:00:00,3403.94,3416.09,0.01
2025-06-30 02:00:00,3313.98,3315.41,0.01
2025-06-30 03:00:00,3266.63,3237.53,0.0
2025-06-30 04:00:00,3282.45,3246.91,0.0
2025-06-30 05:00:00,3370.95,3344.84,0.74
2025-06-30 06:00:00,3619.52,3613.1,17.8
2025-06-30 07:00:00,3995.51,4007.9,58.87
2025-06-30 08:00:00,4471.23,4496.28,121.11
2025-06-30 09:00:00,4773.88,4821.94,179.22
2025-06-30 10:00:00,4867.86,4915.02,218.18
2025-06-30 11:00:00,4851.32,4880.07,243.38
2025-06-30 12:00:00,4822.59,4785.34,282.39
2025-06-30 13:00:00,5076.75,4983.29,320.87
2025-06-30 14:00:00,5197.33,5114.26,314.25
2025-06-30 15:00:00,5235.14,5201.75,273.85
2025-06-30 16:00:00,5330.83,5260.89,238.76
2025-06-30 17:00:00,5330.04,5249.46,181.49
2025-06-30 18:00:00,5330.5,5223.62,120.9
2025-06-30 19:00:00,5265.68,5194.23,81.7
2025-06-30 20:00:00,5093.03,4998.98,65.89
2025-06-30 21:00:00,4822.22,4750.62,34.32
2025-06-30 22:00:00,4572.28,4537.67,7.5
2025-06-30 23:00:00,4297.37,4314.28,0.44
2025-07-01 00:00:00,3798.09,4023.29,0.06
2025-07-01 01:00:00,3641.87,3773.83,0.0
2025-07-01 02:00:00,3540.97,3640.51,0.0
2025-07-01 03:00:00,3475.34,3560.13,0.0
2025-07-01 04:00:00,3472.56,3531.69,0.0
2025-07-01 05:00:00,3538.7,3539.68,0.4
2025-07-01 06:00:00,3744.19,3721.78,12.31
2025-07-01 07:00:00,4095.16,4042.3,41.98
2025-07-01 08:00:00,4514.52,4516.93,81.2
2025-07-01 09:00:00,4812.56,4824.78,118.3
2025-07-01 10:00:00,4914.06,4977.21,138.13
2025-07-01 11:00:00,4905.38,4957.05,178.62
2025-07-01 12:00:00,4814.81,4861.35,218.67
2025-07-01 13:00:00,5016.25,5028.69,254.28
2025-07-01 14:00:00,5163.89,5108.37,279.41
2025-07-01 15:00:00,5212.22,5149.92,260.2
2025-07-01 16:00:00,5289.98,5245.19,228.78
2025-07-01 17:00:00,5280.27,5226.56,173.2
2025-07-01 18:00:00,5286.58,5191.49,119.39
2025-07-01 19:00:00,5209.51,5163.8,82.22
2025-07-01 20:00:00,5053.59,4986.18,63.17
2025-07-01 21:00:00,4765.71,4731.71,33.22
2025-07-01 22:00:00,4517.14,4501.63,6.96
2025-07-01 23:00:00,4234.54,4223.89,0.25
2025-07-02 00:00:00,3918.57,3921.36,0.0
2025-07-02 01:00:00,3745.61,3756.16,0.0
2025-07-02 02:00:00,3641.7,3640.94,0.0
2025-07-02 03:00:00,3566.63,3560.43,0.0
2025-07-02 04:00:00,3554.12,3533.92,0.0
2025-07-02 05:00:00,3611.3,3591.06,0.71
2025-07-02 06:00:00,3828.63,3790.43,17.05
2025-07-02 07:00:00,4169.28,4124.49,53.95
2025-07-02 08:00:00,4589.52,4587.73,114.96
2025-07-02 09:00:00,4871.66,4902.46,180.82
2025-07-02 10:00:00,4945.72,5013.41,220.99
2025-07-02 11:00:00,4926.41,4957.48,249.65
2025-07-02 12:00:00,4883.65,4869.17,297.59
2025-07-02 13:00:00,5140.89,5123.84,329.85
2025-07-02 14:00:00,5221.92,5288.92,318.39
2025-07-02 15:00:00,5227.63,5310.16,277.3
2025-07-02 16:00:00,5304.3,5348.12,234.01
2025-07-02 17:00:00,5293.7,5290.0,173.76
2025-07-02 18:00:00,5281.48,5265.58,122.39
2025-07-02 19:00:00,5221.01,5219.09,85.96
2025-07-02 20:00:00,5064.92,5024.51,64.25
2025-07-02 21:00:00,4797.97,4752.4,32.75
2025-07-02 22:00:00,4537.28,4527.8,7.57
2025-07-02 23:00:00,4266.87,4242.86,0.43
2025-07-03 00:00:00,3949.3,3923.5,0.03
2025-07-03 01:00:00,3770.17,3757.46,0.0
2025-07-03 02:00:00,3665.04,3629.87,0.0
2025-07-03 03:00:00,3598.49,3542.59,0.0
2025-07-03 04:00:00,3581.64,3514.99,0.01
2025-07-03 05:00:00,3631.92,3590.68,0.76
2025-07-03 06:00:00,3841.42,3811.19,19.29
2025-07-03 07:00:00,4205.95,4129.36,62.54
2025-07-03 08:00:00,4635.86,4601.75,121.97
2025-07-03 09:00:00,4877.54,4923.5,180.1
2025-07-03 10:00:00,4945.01,5030.3,221.38
2025-07-03 11:00:00,4902.07,4970.38,258.38
2025-07-03 12:00:00,4783.18,4859.24,286.2
2025-07-03 13:00:00,5024.65,5039.59,331.2
2025-07-03 14:00:00,5134.37,5145.44,321.48
2025-07-03 15:00:00,5188.79,5193.49,282.99
2025-07-03 16:00:00,5297.89,5277.27,239.88
2025-07-03 17:00:00,5292.19,5267.42,179.55
2025-07-03 18:00:00,5283.68,5284.14,122.62
2025-07-03 19:00:00,5208.19,5241.74,85.94
2025-07-03 20:00:00,5048.35,5052.37,65.58
2025-07-03 21:00:00,4762.83,4766.6,33.53
2025-07-03 22:00:00,4511.55,4542.86,7.51
2025-07-03 23:00:00,4230.79,4268.84,0.43
2025-07-04 00:00:00,3919.7,3930.83,0.03
2025-07-04 01:00:00,3746.94,3742.99,0.0
2025-07-04 02:00:00,3624.03,3631.66,0.0
2025-07-04 03:00:00,3566.22,3572.35,0.0
2025-07-04 04:00:00,3545.32,3565.26,0.01
2025-07-04 05:00:00,3588.25,3622.03,0.95
2025-07-04 06:00:00,3777.14,3810.67,22.26
2025-07-04 07:00:00,4100.09,4131.67,65.57
2025-07-04 08:00:00,4484.4,4495.09,102.97
2025-07-04 09:00:00,4732.85,4756.25,157.51
2025-07-04 10:00:00,4826.55,4849.1,194.78
2025-07-04 11:00:00,4817.98,4835.07,223.12
2025-07-04 12:00:00,4723.26,4784.94,228.78
2025-07-04 13:00:00,4905.62,4987.5,247.62
2025-07-04 14:00:00,5042.65,5060.38,259.65
2025-07-04 15:00:00,5052.43,5103.36,209.48
2025-07-04 16:00:00,5106.79,5154.33,188.02
2025-07-04 17:00:00,5051.34,5112.76,156.55
2025-07-04 18:00:00,5024.84,5056.49,125.82
2025-07-04 19:00:00,4988.92,5012.37,87.24
2025-07-04 20:00:00,4851.5,4859.27,56.28
2025-07-04 21:00:00,4599.06,4594.93,24.46
2025-07-04 22:00:00,4390.06,4385.33,2.44
2025-07-04 23:00:00,4159.34,4156.62,0.4
2025-07-05 00:00:00,3880.02,3850.8,0.03
2025-07-05 01:00:00,3702.75,3681.11,0.0
2025-07-05 02:00:00,3576.3,3580.0,0.0
2025-07-05 03:00:00,3496.14,3492.99,0.0
2025-07-05 04:00:00,3453.92,3421.13,0.01
2025-07-05 05:00:00,3442.91,3412.02,0.76
2025-07-05 06:00:00,3509.56,3472.56,20.03
2025-07-05 07:00:00,3591.72,3551.04,59.9
2025-07-05 08:00:00,3748.98,3688.09,106.94
2025-07-05 09:00:00,3918.76,3889.74,153.92
2025-07-05 10:00:00,4019.33,4036.06,197.61
2025-07-05 11:00:00,4032.82,4062.68,230.44
2025-07-05 12:00:00,4014.55,4017.37,260.54
2025-07-05 13:00:00,4130.01,4098.17,299.89
2025-07-05 14:00:00,4216.5,4152.39,304.48
2025-07-05 15:00:00,4283.79,4206.83,264.96
2025-07-05 16:00:00,4388.57,4305.29,222.21
2025-07-05 17:00:00,4488.84,4394.37,169.11
2025-07-05 18:00:00,4587.07,4507.46,116.62
2025-07-05 19:00:00,4596.22,4578.66,84.01
2025-07-05 20:00:00,4543.85,4493.38,63.96
2025-07-05 21:00:00,4338.4,4309.5,28.05
2025-07-05 22:00:00,4140.88,4119.11,3.2
2025-07-05 23:00:00,3927.99,3919.59,0.39
2025-07-06 00:00:00,3669.41,3639.26,0.03
2025-07-06 01:00:00,3490.63,3486.13,0.0
2025-07-06 02:00:00,3369.0,3387.26,0.0
2025-07-06 03:00:00,3298.45,3315.04,0.0
2025-07-06 04:00:00,3266.65,3275.32,0.0
2025-07-06 05:00:00,3261.64,3258.47,0.26
2025-07-06 06:00:00,3300.44,3305.05,12.59
2025-07-06 07:00:00,3367.14,3343.11,44.59
2025-07-06 08:00:00,3463.89,3435.18,84.01
2025-07-06 09:00:00,3585.38,3574.66,133.85
2025-07-06 10:00:00,3682.99,3708.02,184.65
2025-07-06 11:00:00,3737.06,3759.13,228.59
2025-07-06 12:00:00,3828.53,3786.48,258.43
2025-07-06 13:00:00,3975.18,3983.79,291.38
2025-07-06 14:00:00,4086.15,4041.38,293.57
2025-07-06 15:00:00,4178.25,4161.73,258.93
2025-07-06 16:00:00,4327.8,4359.87,225.1
2025-07-06 17:00:00,4485.08,4474.34,174.33
2025-07-06 18:00:00,4606.14,4588.89,123.7
2025-07-06 19:00:00,4644.41,4676.07,85.63
2025-07-06 20:00:00,4598.19,4564.13,62.52
2025-07-06 21:00:00,4385.91,4347.13,26.97
2025-07-06 22:00:00,4145.0,4096.02,2.22
2025-07-06 23:00:00,3905.69,3856.83,0.39
2025-07-07 00:00:00,3647.35,3580.31,0.03
2025-07-07 01:00:00,3479.28,3407.06,0.0
2025-07-07 02:00:00,3371.89,3308.66,0.0
2025-07-07 03:00:00,3325.96,3248.14,0.0
2025-07-07 04:00:00,3337.26,3256.14,0.01
2025-07-07 05:00:00,3421.89,3385.8,0.59
2025-07-07 06:00:00,3687.95,3665.01,16.31
2025-07-07 07:00:00,4137.04,4150.19,56.53
2025-07-07 08:00:00,4674.94,4717.53,105.21
2025-07-07 09:00:00,4966.19,5038.81,161.41
2025-07-07 10:00:00,5048.07,5097.38,214.04
2025-07-07 11:00:00,5007.38,5027.45,241.24
2025-07-07 12:00:00,4949.75,4977.11,274.89
2025-07-07 13:00:00,5222.03,5237.5,314.39
2025-07-07 14:00:00,5356.34,5400.3,311.13
2025-07-07 15:00:00,5420.98,5451.66,274.46
2025-07-07 16:00:00,5541.5,5512.16,234.94
2025-07-07 17:00:00,5543.38,5490.83,177.92
2025-07-07 18:00:00,5529.55,5490.43,121.11
2025-07-07 19:00:00,5450.64,5457.27,83.84
2025-07-07 20:00:00,5254.69,5252.05,64.56
2025-07-07 21:00:00,4951.83,4953.7,33.99
2025-07-07 22:00:00,4674.72,4699.02,7.16
2025-07-07 23:00:00,4378.48,4412.09,0.59
2025-07-08 00:00:00,4046.76,4079.28,0.08
2025-07-08 01:00:00,3863.6,3903.64,0.0
2025-07-08 02:00:00,3748.45,3794.19,0.0
2025-07-08 03:00:00,3670.31,3713.57,0.0
2025-07-08 04:00:00,3649.23,3685.1,0.01
2025-07-08 05:00:00,3705.0,3748.11,0.69
2025-07-08 06:00:00,3920.32,3983.01,19.77
2025-07-08 07:00:00,4291.01,4339.69,62.38
2025-07-08 08:00:00,4726.06,4763.12,116.71
2025-07-08 09:00:00,5022.01,5001.13,164.29
2025-07-08 10:00:00,5161.76,5139.09,200.42
2025-07-08 11:00:00,5178.31,5171.43,230.81
2025-07-08 12:00:00,5139.63,5164.35,261.41
2025-07-08 13:00:00,5392.7,5404.91,278.38
2025-07-08 14:00:00,5516.97,5515.24,287.28
2025-07-08 15:00:00,5586.57,5580.1,254.36
2025-07-08 16:00:00,5721.73,5664.9,220.96
2025-07-08 17:00:00,5707.76,5663.34,166.04
2025-07-08 18:00:00,5607.32,5645.43,121.9
2025-07-08 19:00:00,5473.36,5550.8,85.19
2025-07-08 20:00:00,5265.08,5283.72,62.32
2025-07-08 21:00:00,4966.38,4956.02,29.65
2025-07-08 22:00:00,4704.39,4715.16,5.21
2025-07-08 23:00:00,4412.45,4414.8,0.39
2025-07-09 00:00:00,4085.99,4096.07,0.03
2025-07-09 01:00:00,3889.78,3935.1,0.0
2025-07-09 02:00:00,3764.49,3818.71,0.0
2025-07-09 03:00:00,3686.76,3728.9,0.0
2025-07-09 04:00:00,3669.73,3683.16,0.0
2025-07-09 05:00:00,3726.75,3742.41,0.6
2025-07-09 06:00:00,3934.21,3975.82,18.48
2025-07-09 07:00:00,4270.26,4347.73,63.71
2025-07-09 08:00:00,4661.48,4753.77,127.08
2025-07-09 09:00:00,4904.29,4991.77,182.57
2025-07-09 10:00:00,4978.02,5067.49,221.38
2025-07-09 11:00:00,4967.11,5022.49,258.43
2025-07-09 12:00:00,4903.2,4964.94,304.63
2025-07-09 13:00:00,5147.26,5234.14,340.4
2025-07-09 14:00:00,5268.3,5374.72,324.33
2025-07-09 15:00:00,5329.79,5440.7,278.49
2025-07-09 16:00:00,5453.46,5509.86,234.14
2025-07-09 17:00:00,5461.8,5487.44,174.35
2025-07-09 18:00:00,5490.34,5473.88,121.81
2025-07-09 19:00:00,5435.62,5459.01,84.46
2025-07-09 20:00:00,5265.31,5253.56,64.75
2025-07-09 21:00:00,4970.73,4977.18,33.42
2025-07-09 22:00:00,4694.88,4708.22,5.13
2025-07-09 23:00:00,4399.69,4379.58,0.43
2025-07-10 00:00:00,4066.67,4029.11,0.12
2025-07-10 01:00:00,3866.52,3836.78,0.09
2025-07-10 02:00:00,3736.08,3715.83,0.09
2025-07-10 03:00:00,3648.25,3633.17,0.07
2025-07-10 04:00:00,3623.17,3599.84,0.01
2025-07-10 05:00:00,3676.93,3661.05,0.66
2025-07-10 06:00:00,3875.02,3855.36,19.82
2025-07-10 07:00:00,4196.85,4189.2,62.47
2025-07-10 08:00:00,4584.99,4591.91,118.66
2025-07-10 09:00:00,4802.4,4852.64,177.07
2025-07-10 10:00:00,4855.57,4946.57,216.28
2025-07-10 11:00:00,4813.05,4886.4,254.84
2025-07-10 12:00:00,4739.97,4799.82,288.17
2025-07-10 13:00:00,5000.99,4996.35,322.54
2025-07-10 14:00:00,5139.73,5154.25,306.68
2025-07-10 15:00:00,5210.66,5239.23,259.92
2025-07-10 16:00:00,5340.54,5318.07,219.33
2025-07-10 17:00:00,5363.74,5312.78,165.21
2025-07-10 18:00:00,5373.3,5356.92,118.76
2025-07-10 19:00:00,5289.22,5314.95,81.65
2025-07-10 20:00:00,5102.0,5095.01,62.58
2025-07-10 21:00:00,4798.1,4802.61,27.49
2025-07-10 22:00:00,4531.09,4562.32,3.82
2025-07-10 23:00:00,4258.61,4273.15,0.39
2025-07-11 00:00:00,3928.96,3946.19,0.03
2025-07-11 01:00:00,3738.25,3735.85,0.0
2025-07-11 02:00:00,3614.94,3643.68,0.0
2025-07-11 03:00:00,3535.12,3562.7,0.0
2025-07-11 04:00:00,3516.24,3530.42,0.01
2025-07-11 05:00:00,3558.92,3577.18,0.52
2025-07-11 06:00:00,3741.02,3757.54,18.23
2025-07-11 07:00:00,4011.65,4052.89,60.24
2025-07-11 08:00:00,4346.07,4366.6,116.63
2025-07-11 09:00:00,4572.28,4602.41,177.02
2025-07-11 10:00:00,4655.71,4692.42,209.88
2025-07-11 11:00:00,4622.08,4689.7,240.71
2025-07-11 12:00:00,4551.58,4628.57,289.83
2025-07-11 13:00:00,4810.24,4800.04,319.28
2025-07-11 14:00:00,4949.35,4939.06,295.92
2025-07-11 15:00:00,5026.17,5029.55,245.84
2025-07-11 16:00:00,5177.25,5147.47,210.87
2025-07-11 17:00:00,5186.31,5170.66,156.38
2025-07-11 18:00:00,5165.25,5158.39,114.07
2025-07-11 19:00:00,5095.21,5101.69,81.16
2025-07-11 20:00:00,4951.62,4913.78,52.25
2025-07-11 21:00:00,4670.89,4645.68,20.41
2025-07-11 22:00:00,4438.26,4433.3,2.68
2025-07-11 23:00:00,4184.57,4181.36,0.38
2025-07-12 00:00:00,3879.5,3854.75,0.03
2025-07-12 01:00:00,3680.68,3666.78,0.0
2025-07-12 02:00:00,3539.87,3551.61,0.0
2025-07-12 03:00:00,3452.7,3465.91,0.0
2025-07-12 04:00:00,3415.8,3405.52,0.01
2025-07-12 05:00:00,3398.44,3386.06,0.6
2025-07-12 06:00:00,3442.3,3422.7,19.95
2025-07-12 07:00:00,3484.67,3477.72,57.86
2025-07-12 08:00:00,3564.45,3573.05,117.84
2025-07-12 09:00:00,3724.89,3675.15,177.31
2025-07-12 10:00:00,3850.7,3857.0,226.49
2025-07-12 11:00:00,3877.97,3940.42,259.1
2025-07-12 12:00:00,3903.64,3945.72,311.01
2025-07-12 13:00:00,4038.18,4069.27,325.41
2025-07-12 14:00:00,4105.1,4142.32,293.8
2025-07-12 15:00:00,4160.07,4188.13,240.7
2025-07-12 16:00:00,4303.27,4309.18,196.23
2025-07-12 17:00:00,4427.95,4426.26,149.8
2025-07-12 18:00:00,4541.6,4538.57,112.62
2025-07-12 19:00:00,4547.24,4565.68,78.87
2025-07-12 20:00:00,4473.1,4452.22,53.22
2025-07-12 21:00:00,4264.7,4262.4,20.03
2025-07-12 22:00:00,4078.36,4071.57,2.19
2025-07-12 23:00:00,3869.87,3856.4,0.37
2025-07-13 00:00:00,3617.57,3580.39,0.03
2025-07-13 01:00:00,3444.7,3414.96,0.0
2025-07-13 02:00:00,3328.39,3301.9,0.0
2025-07-13 03:00:00,3245.1,3212.51,0.0
2025-07-13 04:00:00,3211.57,3179.17,0.0
2025-07-13 05:00:00,3193.75,3185.58,0.32
2025-07-13 06:00:00,3215.4,3221.54,8.35
2025-07-13 07:00:00,3257.97,3238.28,28.22
2025-07-13 08:00:00,3348.57,3310.48,49.13
2025-07-13 09:00:00,3490.62,3447.98,46.38
2025-07-13 10:00:00,3629.55,3620.45,38.59
2025-07-13 11:00:00,3816.37,3737.28,46.95
2025-07-13 12:00:00,3946.66,3893.66,37.48
2025-07-13 13:00:00,4022.27,4107.01,32.57
2025-07-13 14:00:00,4031.33,4068.49,30.52
2025-07-13 15:00:00,4043.78,4080.65,40.88
2025-07-13 16:00:00,4119.98,4188.27,83.48
2025-07-13 17:00:00,4136.76,4277.65,34.87
2025-07-13 18:00:00,4177.18,4307.37,12.56
2025-07-13 19:00:00,4176.85,4288.87,7.89
2025-07-13 20:00:00,4129.46,4150.65,0.34
2025-07-13 21:00:00,3966.54,3982.96,0.13
2025-07-13 22:00:00,3784.44,3808.21,0.08
2025-07-13 23:00:00,3598.49,3640.57,0.01
2025-07-14 00:00:00,3392.17,3448.71,0.0
2025-07-14 01:00:00,3252.86,3300.93,0.0
2025-07-14 02:00:00,3168.47,3176.29,0.0
2025-07-14 03:00:00,3127.06,3075.14,0.0
2025-07-14 04:00:00,3144.32,3070.79,0.0
2025-07-14 05:00:00,3237.31,3127.07,0.49
2025-07-14 06:00:00,3464.49,3282.09,19.04
2025-07-14 07:00:00,3842.87,3713.98,64.19
2025-07-14 08:00:00,4279.75,4309.24,125.38
2025-07-14 09:00:00,4555.66,4601.95,175.05
2025-07-14 10:00:00,4635.75,4687.12,198.32
2025-07-14 11:00:00,4597.78,4605.34,230.84
2025-07-14 12:00:00,4509.68,4502.9,281.47
2025-07-14 13:00:00,4701.84,4647.27,320.07
2025-07-14 14:00:00,4790.23,4732.54,306.86
2025-07-14 15:00:00,4809.56,4775.72,252.06
2025-07-14 16:00:00,4866.7,4845.14,226.19
2025-07-14 17:00:00,4803.37,4807.14,176.24
2025-07-14 18:00:00,4703.86,4759.56,119.08
2025-07-14 19:00:00,4609.82,4657.1,83.13
2025-07-14 20:00:00,4475.64,4444.93,60.8
2025-07-14 21:00:00,4240.79,4223.76,30.53
2025-07-14 22:00:00,4064.23,3989.08,4.97
2025-07-14 23:00:00,3868.8,3760.8,0.39
2025-07-15 00:00:00,3622.61,3497.78,0.02
2025-07-15 01:00:00,3494.98,3374.6,0.0
2025-07-15 02:00:00,3413.71,3315.57,0.0
2025-07-15 03:00:00,3367.78,3291.75,0.0
2025-07-15 04:00:00,3387.76,3320.15,0.0
2025-07-15 05:00:00,3449.94,3411.37,0.08
2025-07-15 06:00:00,3656.2,3618.54,5.06
2025-07-15 07:00:00,3961.68,3943.05,20.82
2025-07-15 08:00:00,4333.82,4348.06,47.91
2025-07-15 09:00:00,4532.96,4582.72,75.54
2025-07-15 10:00:00,4604.4,4651.49,116.86
2025-07-15 11:00:00,4564.93,4602.38,123.91
2025-07-15 12:00:00,4513.11,4517.04,157.81
2025-07-15 13:00:00,4691.9,4713.17,197.99
2025-07-15 14:00:00,4738.74,4789.4,230.64
2025-07-15 15:00:00,4727.15,4804.89,239.85
2025-07-15 16:00:00,4791.99,4843.87,226.26
2025-07-15 17:00:00,4729.61,4790.73,174.19
2025-07-15 18:00:00,4684.63,4753.87,121.16
2025-07-15 19:00:00,4625.02,4649.24,74.06
2025-07-15 20:00:00,4481.19,4456.41,41.38
2025-07-15 21:00:00,4278.71,4221.43,22.06
2025-07-15 22:00:00,4131.52,4049.69,4.61
2025-07-15 23:00:00,3936.85,3860.19,0.1
2025-07-16 00:00:00,3668.52,3622.17,0.0
2025-07-16 01:00:00,3521.68,3493.78,0.0
2025-07-16 02:00:00,3452.46,3409.1,0.0
2025-07-16 03:00:00,3410.3,3354.36,0.0
2025-07-16 04:00:00,3394.89,3375.07,0.0
2025-07-16 05:00:00,3455.2,3432.24,0.01
2025-07-16 06:00:00,3673.72,3648.26,3.47
2025-07-16 07:00:00,4011.57,3992.94,13.13
2025-07-16 08:00:00,4445.46,4389.14,19.21
2025-07-16 09:00:00,4726.29,4622.56,19.57
2025-07-16 10:00:00,4830.26,4742.15,27.45
2025-07-16 11:00:00,4771.09,4732.76,35.3
2025-07-16 12:00:00,4630.22,4677.32,55.74
2025-07-16 13:00:00,4787.34,4833.84,64.76
2025-07-16 14:00:00,4770.22,4877.83,63.62
2025-07-16 15:00:00,4746.1,4852.94,51.2
2025-07-16 16:00:00,4772.97,4855.1,105.18
2025-07-16 17:00:00,4615.45,4767.12,58.82
2025-07-16 18:00:00,4507.94,4662.9,19.76
2025-07-16 19:00:00,4429.97,4522.48,3.26
2025-07-16 20:00:00,4329.63,4341.75,0.16
2025-07-16 21:00:00,4159.5,4152.16,0.03
2025-07-16 22:00:00,4031.94,4019.11,0.02
2025-07-16 23:00:00,3857.98,3837.3,0.0
2025-07-17 00:00:00,3627.39,3595.64,0.0
2025-07-17 01:00:00,3502.91,3455.55,0.0
2025-07-17 02:00:00,3446.5,3367.7,0.0
2025-07-17 03:00:00,3421.24,3320.57,0.0
2025-07-17 04:00:00,3411.8,3326.14,0.0
2025-07-17 05:00:00,3464.25,3376.54,0.09
2025-07-17 06:00:00,3671.1,3577.37,3.05
2025-07-17 07:00:00,4031.99,3934.46,17.56
2025-07-17 08:00:00,4476.98,4366.25,35.26
2025-07-17 09:00:00,4726.47,4640.35,54.97
2025-07-17 10:00:00,4817.21,4762.06,62.19
2025-07-17 11:00:00,4771.23,4716.2,65.45
2025-07-17 12:00:00,4662.63,4655.48,65.39
2025-07-17 13:00:00,4779.33,4806.6,45.74
2025-07-17 14:00:00,4803.43,4837.54,24.55
2025-07-17 15:00:00,4803.52,4858.88,25.1
2025-07-17 16:00:00,4862.31,4858.99,83.66
2025-07-17 17:00:00,4715.08,4777.82,36.46
2025-07-17 18:00:00,4603.96,4690.88,9.33
2025-07-17 19:00:00,4513.46,4576.52,1.13
2025-07-17 20:00:00,4391.76,4404.62,0.26
2025-07-17 21:00:00,4209.37,4236.03,0.03
2025-07-17 22:00:00,4067.83,4107.18,0.0
2025-07-17 23:00:00,3900.2,3927.91,0.0
2025-07-18 00:00:00,3657.12,3717.9,0.02
2025-07-18 01:00:00,3520.77,3593.29,0.02
2025-07-18 02:00:00,3431.21,3500.05,0.0
2025-07-18 03:00:00,3374.04,3440.21,0.0
2025-07-18 04:00:00,3368.48,3435.22,0.0
2025-07-18 05:00:00,3415.47,3494.63,0.25
2025-07-18 06:00:00,3602.93,3643.68,15.04
2025-07-18 07:00:00,3893.68,3923.52,54.42
2025-07-18 08:00:00,4217.71,4249.12,100.3
2025-07-18 09:00:00,4441.44,4399.27,164.45
2025-07-18 10:00:00,4574.98,4478.07,183.3
2025-07-18 11:00:00,4546.62,4493.03,179.57
2025-07-18 12:00:00,4446.07,4443.86,171.39
2025-07-18 13:00:00,4586.43,4597.4,137.41
2025-07-18 14:00:00,4691.39,4684.18,87.49
2025-07-18 15:00:00,4710.54,4762.34,47.44
2025-07-18 16:00:00,4813.08,4806.87,87.31
2025-07-18 17:00:00,4761.28,4786.59,92.68
2025-07-18 18:00:00,4687.99,4738.24,85.65
2025-07-18 19:00:00,4616.6,4658.03,51.39
2025-07-18 20:00:00,4478.64,4489.65,18.45
2025-07-18 21:00:00,4261.31,4284.36,2.92
2025-07-18 22:00:00,4119.11,4113.75,0.54
2025-07-18 23:00:00,3932.26,3920.5,0.09
2025-07-19 00:00:00,3680.4,3689.94,0.01
2025-07-19 01:00:00,3527.83,3551.73,0.01
2025-07-19 02:00:00,3422.58,3438.29,0.01
2025-07-19 03:00:00,3359.21,3374.59,0.01
2025-07-19 04:00:00,3327.65,3381.39,0.01
2025-07-19 05:00:00,3326.06,3404.96,0.05
2025-07-19 06:00:00,3423.95,3457.84,3.22
2025-07-19 07:00:00,3554.21,3563.21,14.46
2025-07-19 08:00:00,3739.53,3769.31,22.53
2025-07-19 09:00:00,3938.7,3946.01,39.2
2025-07-19 10:00:00,4081.85,4076.93,51.9
2025-07-19 11:00:00,4126.06,4111.59,89.8
2025-07-19 12:00:00,4057.44,4107.25,127.35
2025-07-19 13:00:00,4085.56,4170.6,164.97
2025-07-19 14:00:00,4043.25,4152.33,154.69
2025-07-19 15:00:00,4013.19,4128.84,140.09
2025-07-19 16:00:00,4057.92,4108.68,131.36
2025-07-19 17:00:00,4066.68,4094.41,111.39
2025-07-19 18:00:00,4110.34,4106.81,77.32
2025-07-19 19:00:00,4121.74,4124.58,43.95
2025-07-19 20:00:00,4064.15,4068.62,15.21
2025-07-19 21:00:00,3922.89,3938.42,2.53
2025-07-19 22:00:00,3817.62,3830.1,0.59
2025-07-19 23:00:00,3667.79,3687.74,0.03
2025-07-20 00:00:00,3442.5,3470.88,0.0
2025-07-20 01:00:00,3301.11,3309.36,0.0
2025-07-20 02:00:00,3203.17,3193.63,0.0
2025-07-20 03:00:00,3141.3,3128.82,0.0
2025-07-20 04:00:00,3112.4,3102.77,0.0
2025-07-20 05:00:00,3110.97,3123.45,0.19
2025-07-20 06:00:00,3160.64,3162.32,13.49
2025-07-20 07:00:00,3242.25,3224.25,55.99
2025-07-20 08:00:00,3330.71,3310.23,113.82
2025-07-20 09:00:00,3437.43,3409.95,167.66
2025-07-20 10:00:00,3541.69,3510.54,195.97
2025-07-20 11:00:00,3610.44,3569.04,230.96
2025-07-20 12:00:00,3675.81,3599.63,264.93
2025-07-20 13:00:00,3760.53,3739.2,283.63
2025-07-20 14:00:00,3798.04,3807.45,265.01
2025-07-20 15:00:00,3852.85,3858.54,228.76
2025-07-20 16:00:00,4011.65,3949.87,208.06
2025-07-20 17:00:00,4171.19,4047.04,160.36
2025-07-20 18:00:00,4294.42,4178.19,111.15
2025-07-20 19:00:00,4336.21,4280.79,74.34
2025-07-20 20:00:00,4296.33,4227.84,52.88
2025-07-20 21:00:00,4107.13,4067.48,25.11
2025-07-20 22:00:00,3889.06,3885.0,4.27
2025-07-20 23:00:00,3678.53,3690.42,0.22
2025-07-21 00:00:00,3444.49,3459.78,0.02
2025-07-21 01:00:00,3303.54,3314.23,0.0
2025-07-21 02:00:00,3209.94,3232.04,0.0
2025-07-21 03:00:00,3166.97,3188.32,0.0
2025-07-21 04:00:00,3186.08,3205.28,0.0
2025-07-21 05:00:00,3282.15,3308.4,0.21
2025-07-21 06:00:00,3530.45,3541.78,13.0
2025-07-21 07:00:00,3940.88,3934.06,56.72
2025-07-21 08:00:00,4443.57,4415.23,109.3
2025-07-21 09:00:00,4726.76,4716.46,156.1
2025-07-21 10:00:00,4842.45,4834.07,188.8
2025-07-21 11:00:00,4811.21,4811.5,214.38
2025-07-21 12:00:00,4757.49,4740.42,229.53
2025-07-21 13:00:00,4962.83,4914.22,237.75
2025-07-21 14:00:00,5043.4,5046.7,208.33
2025-07-21 15:00:00,5086.3,5099.09,189.78
2025-07-21 16:00:00,5199.54,5144.08,198.98
2025-07-21 17:00:00,5164.87,5100.24,165.88
2025-07-21 18:00:00,5134.99,5061.6,119.84
2025-07-21 19:00:00,5062.7,5013.01,75.64
2025-07-21 20:00:00,4898.87,4801.74,46.88
2025-07-21 21:00:00,4628.47,4581.83,20.17
2025-07-21 22:00:00,4403.03,4396.92,4.0
2025-07-21 23:00:00,4156.03,4170.25,0.21
2025-07-22 00:00:00,3863.92,3868.44,0.04
2025-07-22 01:00:00,3704.48,3694.32,0.0
2025-07-22 02:00:00,3599.64,3607.21,0.0
2025-07-22 03:00:00,3522.26,3557.28,0.0
2025-07-22 04:00:00,3512.82,3549.68,0.0
2025-07-22 05:00:00,3570.72,3580.98,0.21
2025-07-22 06:00:00,3773.43,3768.48,14.61
2025-07-22 07:00:00,4105.21,4106.88,61.88
2025-07-22 08:00:00,4499.97,4503.89,125.68
2025-07-22 09:00:00,4749.85,4741.5,177.35
2025-07-22 10:00:00,4863.05,4832.09,206.38
2025-07-22 11:00:00,4839.47,4785.68,228.45
2025-07-22 12:00:00,4768.78,4706.13,261.55
2025-07-22 13:00:00,4989.88,4888.39,285.89
2025-07-22 14:00:00,5108.48,4983.1,292.12
2025-07-22 15:00:00,5163.66,5059.1,256.65
2025-07-22 16:00:00,5260.46,5148.82,226.14
2025-07-22 17:00:00,5264.33,5115.83,175.09
2025-07-22 18:00:00,5265.4,5113.69,116.68
2025-07-22 19:00:00,5202.57,5094.79,79.74
2025-07-22 20:00:00,5026.37,4931.89,56.17
2025-07-22 21:00:00,4735.71,4682.26,24.71
2025-07-22 22:00:00,4475.39,4456.7,3.89
2025-07-22 23:00:00,4208.22,4197.92,0.39
2025-07-23 00:00:00,3903.3,3897.35,0.03
2025-07-23 01:00:00,3722.44,3734.2,0.0
2025-07-23 02:00:00,3616.15,3621.07,0.0
2025-07-23 03:00:00,3554.81,3533.12,0.0
2025-07-23 04:00:00,3538.71,3514.94,0.0
2025-07-23 05:00:00,3595.57,3587.38,0.21
2025-07-23 06:00:00,3789.69,3771.14,14.89
2025-07-23 07:00:00,4109.19,4072.55,63.71
2025-07-23 08:00:00,4519.93,4474.83,133.0
2025-07-23 09:00:00,4780.39,4760.08,189.58
2025-07-23 10:00:00,4890.58,4910.65,221.63
2025-07-23 11:00:00,4877.16,4908.52,248.3
2025-07-23 12:00:00,4815.29,4843.08,294.8
2025-07-23 13:00:00,5064.25,5048.15,331.23
2025-07-23 14:00:00,5166.98,5191.76,310.6
2025-07-23 15:00:00,5222.56,5265.44,278.13
2025-07-23 16:00:00,5316.38,5362.78,234.39
2025-07-23 17:00:00,5297.12,5329.95,172.96
2025-07-23 18:00:00,5301.79,5254.12,116.87
2025-07-23 19:00:00,5232.6,5203.22,83.13
2025-07-23 20:00:00,5053.37,5016.73,60.8
2025-07-23 21:00:00,4760.97,4718.93,26.62
2025-07-23 22:00:00,4504.45,4478.56,5.79
2025-07-23 23:00:00,4232.49,4229.21,0.39
2025-07-24 00:00:00,3915.14,3923.64,0.05
2025-07-24 01:00:00,3740.61,3750.87,0.04
2025-07-24 02:00:00,3626.4,3627.09,0.05
2025-07-24 03:00:00,3547.56,3542.56,0.05
2025-07-24 04:00:00,3536.96,3501.35,0.05
2025-07-24 05:00:00,3591.1,3558.24,0.2
2025-07-24 06:00:00,3790.94,3740.16,14.05
2025-07-24 07:00:00,4107.78,4027.46,65.03
2025-07-24 08:00:00,4509.94,4466.03,134.19
2025-07-24 09:00:00,4781.23,4735.93,194.64
2025-07-24 10:00:00,4905.32,4870.13,234.98
2025-07-24 11:00:00,4900.62,4882.86,269.03
2025-07-24 12:00:00,4868.95,4841.33,321.0
2025-07-24 13:00:00,5095.1,5051.12,346.05
2025-07-24 14:00:00,5179.73,5189.52,320.1
2025-07-24 15:00:00,5242.53,5252.59,279.91
2025-07-24 16:00:00,5381.94,5317.63,241.39
2025-07-24 17:00:00,5416.49,5316.57,181.41
2025-07-24 18:00:00,5414.76,5355.9,121.87
2025-07-24 19:00:00,5328.46,5317.27,82.6
2025-07-24 20:00:00,5142.76,5114.28,61.4
2025-07-24 21:00:00,4836.94,4795.88,27.59
2025-07-24 22:00:00,4567.17,4549.49,5.61
2025-07-24 23:00:00,4293.26,4268.03,0.4
2025-07-25 00:00:00,3970.84,3974.88,0.03
2025-07-25 01:00:00,3790.38,3793.89,0.0
2025-07-25 02:00:00,3659.88,3677.48,0.0
2025-07-25 03:00:00,3589.8,3590.47,0.0
2025-07-25 04:00:00,3564.89,3576.2,0.0
2025-07-25 05:00:00,3622.08,3634.93,0.2
2025-07-25 06:00:00,3810.4,3816.4,14.34
2025-07-25 07:00:00,4105.22,4139.75,63.74
2025-07-25 08:00:00,4514.86,4506.08,133.85
2025-07-25 09:00:00,4791.56,4788.82,194.67
2025-07-25 10:00:00,4924.36,4943.18,236.12
2025-07-25 11:00:00,4936.93,4951.7,270.29
2025-07-25 12:00:00,4910.66,4926.39,318.35
2025-07-25 13:00:00,5127.72,5122.33,332.5
2025-07-25 14:00:00,5238.62,5223.88,321.19
2025-07-25 15:00:00,5282.11,5263.59,274.38
2025-07-25 16:00:00,5381.85,5304.37,234.99
2025-07-25 17:00:00,5391.5,5303.09,179.53
2025-07-25 18:00:00,5362.66,5299.47,119.06
2025-07-25 19:00:00,5286.63,5248.0,82.01
2025-07-25 20:00:00,5125.19,5065.42,58.96
2025-07-25 21:00:00,4831.34,4772.62,26.85
2025-07-25 22:00:00,4574.84,4545.36,5.22
2025-07-25 23:00:00,4309.87,4292.06,0.39
2025-07-26 00:00:00,4006.35,3989.02,0.03
2025-07-26 01:00:00,3801.97,3787.51,0.0
2025-07-26 02:00:00,3657.91,3655.61,0.0
2025-07-26 03:00:00,3566.34,3558.6,0.0
2025-07-26 04:00:00,3513.11,3488.01,0.0
2025-07-26 05:00:00,3509.23,3476.35,0.17
2025-07-26 06:00:00,3561.11,3537.6,12.55
2025-07-26 07:00:00,3666.07,3630.56,64.46
2025-07-26 08:00:00,3822.37,3788.23,135.03
2025-07-26 09:00:00,4025.17,3989.94,193.2
2025-07-26 10:00:00,4180.97,4168.69,234.09
2025-07-26 11:00:00,4251.98,4244.53,269.29
2025-07-26 12:00:00,4301.7,4252.26,323.24
2025-07-26 13:00:00,4425.34,4360.46,347.08
2025-07-26 14:00:00,4477.13,4409.97,319.58
2025-07-26 15:00:00,4524.96,4458.57,269.58
2025-07-26 16:00:00,4657.25,4548.53,237.43
2025-07-26 17:00:00,4786.69,4626.46,182.38
2025-07-26 18:00:00,4881.47,4740.22,119.04
2025-07-26 19:00:00,4878.11,4805.98,80.92
2025-07-26 20:00:00,4790.4,4722.14,60.58
2025-07-26 21:00:00,4553.75,4515.01,27.12
2025-07-26 22:00:00,4341.34,4313.97,3.59
2025-07-26 23:00:00,4104.81,4082.19,0.38
2025-07-27 00:00:00,3824.99,3804.76,0.03
2025-07-27 01:00:00,3628.2,3634.3,0.0
2025-07-27 02:00:00,3497.99,3508.44,0.0
2025-07-27 03:00:00,3408.44,3426.78,0.0
2025-07-27 04:00:00,3366.1,3349.83,0.0
2025-07-27 05:00:00,3353.5,3347.31,0.15
2025-07-27 06:00:00,3406.29,3386.01,11.69
2025-07-27 07:00:00,3474.75,3453.32,63.53
2025-07-27 08:00:00,3581.67,3583.41,133.84
2025-07-27 09:00:00,3723.05,3721.54,194.65
2025-07-27 10:00:00,3850.9,3859.22,236.26
2025-07-27 11:00:00,3917.19,3938.75,275.32
2025-07-27 12:00:00,4008.11,3987.37,328.12
2025-07-27 13:00:00,4150.19,4168.47,356.74
2025-07-27 14:00:00,4237.57,4231.79,335.11
2025-07-27 15:00:00,4336.25,4333.16,286.55
2025-07-27 16:00:00,4511.83,4479.43,244.68
2025-07-27 17:00:00,4718.43,4611.15,181.83
2025-07-27 18:00:00,4865.78,4760.94,117.88
2025-07-27 19:00:00,4871.48,4865.31,81.54
2025-07-27 20:00:00,4793.01,4734.42,61.68
2025-07-27 21:00:00,4543.76,4472.78,27.9
2025-07-27 22:00:00,4284.09,4226.8,5.54
2025-07-27 23:00:00,4023.72,3983.13,0.37
2025-07-28 00:00:00,3752.99,3692.46,0.03
2025-07-28 01:00:00,3566.69,3526.24,0.0
2025-07-28 02:00:00,3449.39,3431.54,0.0
2025-07-28 03:00:00,3380.47,3349.22,0.0
2025-07-28 04:00:00,3364.04,3338.17,0.02
2025-07-28 05:00:00,3437.86,3444.17,0.16
2025-07-28 06:00:00,3659.47,3681.23,12.09
2025-07-28 07:00:00,4015.22,4047.32,63.76
2025-07-28 08:00:00,4466.46,4500.91,134.96
2025-07-28 09:00:00,4772.4,4809.23,194.68
2025-07-28 10:00:00,4915.47,4936.13,234.99
2025-07-28 11:00:00,4938.16,4945.35,269.16
2025-07-28 12:00:00,4926.34,4937.63,317.23
2025-07-28 13:00:00,5121.28,5160.5,345.0
2025-07-28 14:00:00,5202.74,5252.87,324.81
2025-07-28 15:00:00,5266.06,5308.53,283.17
2025-07-28 16:00:00,5377.2,5408.23,242.9
2025-07-28 17:00:00,5407.22,5412.62,180.48
2025-07-28 18:00:00,5389.48,5403.6,119.41
2025-07-28 19:00:00,5310.48,5318.26,80.2
2025-07-28 20:00:00,5115.99,5105.51,61.51
2025-07-28 21:00:00,4786.52,4827.58,27.5
2025-07-28 22:00:00,4502.16,4565.69,5.35
2025-07-28 23:00:00,4220.64,4278.25,0.36
2025-07-29 00:00:00,3921.49,3958.6,0.03
2025-07-29 01:00:00,3728.58,3790.01,0.0
2025-07-29 02:00:00,3608.68,3652.81,0.0
2025-07-29 03:00:00,3530.37,3561.06,0.0
2025-07-29 04:00:00,3509.87,3517.86,0.0
2025-07-29 05:00:00,3557.68,3560.66,0.14
2025-07-29 06:00:00,3742.58,3732.3,12.95
2025-07-29 07:00:00,4050.68,4029.84,64.41
2025-07-29 08:00:00,4455.52,4451.25,136.43
2025-07-29 09:00:00,4760.92,4733.01,198.15
2025-07-29 10:00:00,4907.78,4895.89,240.45
2025-07-29 11:00:00,4930.78,4939.27,278.34
2025-07-29 12:00:00,4920.21,4963.36,329.17
2025-07-29 13:00:00,5104.81,5166.72,353.44
2025-07-29 14:00:00,5192.56,5232.05,330.85
2025-07-29 15:00:00,5233.13,5297.71,276.48
2025-07-29 16:00:00,5364.05,5372.16,240.41
2025-07-29 17:00:00,5408.41,5379.3,175.42
2025-07-29 18:00:00,5387.72,5367.04,117.3
2025-07-29 19:00:00,5315.19,5303.79,81.79
2025-07-29 20:00:00,5130.32,5102.36,59.68
2025-07-29 21:00:00,4815.12,4817.54,25.98
2025-07-29 22:00:00,4538.17,4579.1,2.91
2025-07-29 23:00:00,4255.07,4270.73,0.38
2025-07-30 00:00:00,3950.39,3961.49,0.03
2025-07-30 01:00:00,3752.04,3795.65,0.0
2025-07-30 02:00:00,3623.57,3677.44,0.0
2025-07-30 03:00:00,3535.06,3588.31,0.0
2025-07-30 04:00:00,3511.2,3544.73,0.0
2025-07-30 05:00:00,3562.37,3567.5,0.26
2025-07-30 06:00:00,3721.19,3749.77,15.03
2025-07-30 07:00:00,3990.09,4053.94,60.52
2025-07-30 08:00:00,4344.5,4421.51,131.69
2025-07-30 09:00:00,4606.98,4651.31,188.54
2025-07-30 10:00:00,4743.4,4780.71,240.17
2025-07-30 11:00:00,4760.47,4814.88,265.4
2025-07-30 12:00:00,4741.04,4803.72,284.38
2025-07-30 13:00:00,4893.05,5017.97,287.41
2025-07-30 14:00:00,4981.32,5124.75,247.26
2025-07-30 15:00:00,5036.96,5159.7,193.32
2025-07-30 16:00:00,5187.28,5232.84,172.71
2025-07-30 17:00:00,5222.5,5258.8,136.57
2025-07-30 18:00:00,5189.01,5266.95,106.84
2025-07-30 19:00:00,5149.69,5217.39,76.16
2025-07-30 20:00:00,4985.06,5006.69,49.38
2025-07-30 21:00:00,4691.72,4719.85,12.87
2025-07-30 22:00:00,4462.48,4475.77,2.17
2025-07-30 23:00:00,4206.37,4198.85,0.34
2025-07-31 00:00:00,3916.8,3891.67,0.03
2025-07-31 01:00:00,3736.46,3709.14,0.0
2025-07-31 02:00:00,3608.41,3595.92,0.02
2025-07-31 03:00:00,3523.85,3504.79,0.03
2025-07-31 04:00:00,3501.2,3459.11,0.03
2025-07-31 05:00:00,3542.4,3511.39,0.1
2025-07-31 06:00:00,3711.19,3698.1,12.67
2025-07-31 07:00:00,3990.0,4002.66,55.62
2025-07-31 08:00:00,4318.36,4410.83,120.09
2025-07-31 09:00:00,4544.59,4643.72,185.29
2025-07-31 10:00:00,4644.53,4748.28,227.25
2025-07-31 11:00:00,4641.97,4748.06,252.85
2025-07-31 12:00:00,4608.83,4695.08,288.05
2025-07-31 13:00:00,4764.8,4879.2,330.61
2025-07-31 14:00:00,4870.27,4984.33,319.89
2025-07-31 15:00:00,4944.67,5048.99,283.88
2025-07-31 16:00:00,5066.77,5151.22,243.17
2025-07-31 17:00:00,5108.17,5169.95,178.69
2025-07-31 18:00:00,5106.84,5184.63,116.71
2025-07-31 19:00:00,5072.67,5122.19,79.58
2025-07-31 20:00:00,4919.73,4926.02,59.58
2025-07-31 21:00:00,4644.1,4678.63,26.76
2025-07-31 22:00:00,4400.33,4469.15,4.78
2025-07-31 23:00:00,4152.26,4191.18,0.33
2025-08-01 00:00:00,3822.56,3877.73,0.03
2025-08-01 01:00:00,3633.18,3678.16,0.0
2025-08-01 02:00:00,3510.89,3545.96,0.0
2025-08-01 03:00:00,3431.51,3466.03,0.0
2025-08-01 04:00:00,3405.39,3437.91,0.0
2025-08-01 05:00:00,3442.54,3480.54,0.1
2025-08-01 06:00:00,3593.28,3651.21,12.4
2025-08-01 07:00:00,3825.58,3920.76,62.45
2025-08-01 08:00:00,4100.89,4198.07,132.65
2025-08-01 09:00:00,4337.61,4341.57,193.18
2025-08-01 10:00:00,4469.15,4452.75,232.11
2025-08-01 11:00:00,4500.55,4498.63,264.71
2025-08-01 12:00:00,4549.7,4519.83,312.43
2025-08-01 13:00:00,4711.0,4720.2,341.13
2025-08-01 14:00:00,4797.08,4847.77,322.0
2025-08-01 15:00:00,4844.85,4924.94,271.31
2025-08-01 16:00:00,4974.08,5000.32,234.89
2025-08-01 17:00:00,5022.93,5036.53,177.66
2025-08-01 18:00:00,5022.7,5020.32,116.38
2025-08-01 19:00:00,4982.27,4973.24,74.92
2025-08-01 20:00:00,4849.01,4804.29,63.37
2025-08-01 21:00:00,4575.34,4543.01,29.23
2025-08-01 22:00:00,4342.21,4310.55,4.76
2025-08-01 23:00:00,4105.08,4075.66,0.4
2025-08-02 00:00:00,3829.04,3791.12,0.04
2025-08-02 01:00:00,3634.67,3604.03,0.0
2025-08-02 02:00:00,3494.17,3506.56,0.0
2025-08-02 03:00:00,3407.74,3432.45,0.0
2025-08-02 04:00:00,3368.56,3403.47,0.0
2025-08-02 05:00:00,3370.44,3397.96,0.1
2025-08-02 06:00:00,3427.26,3459.04,13.74
2025-08-02 07:00:00,3528.71,3528.41,59.74
2025-08-02 08:00:00,3662.11,3615.52,125.28
2025-08-02 09:00:00,3867.45,3758.76,185.42
2025-08-02 10:00:00,4021.66,3963.82,230.0
2025-08-02 11:00:00,4084.09,4100.38,261.96
2025-08-02 12:00:00,4162.85,4112.33,301.48
2025-08-02 13:00:00,4267.14,4237.97,332.51
2025-08-02 14:00:00,4287.95,4324.41,272.62
2025-08-02 15:00:00,4319.83,4354.99,179.81
2025-08-02 16:00:00,4481.26,4437.75,179.21
2025-08-02 17:00:00,4611.5,4552.58,140.48
2025-08-02 18:00:00,4688.37,4652.15,107.95
2025-08-02 19:00:00,4688.6,4690.22,75.99
2025-08-02 20:00:00,4585.51,4577.16,45.7
2025-08-02 21:00:00,4349.02,4344.49,14.95
2025-08-02 22:00:00,4158.41,4136.27,2.07
2025-08-02 23:00:00,3959.64,3934.82,0.33
2025-08-03 00:00:00,3706.87,3686.05,0.03
2025-08-03 01:00:00,3524.37,3528.77,0.02
2025-08-03 02:00:00,3408.15,3415.78,0.02
2025-08-03 03:00:00,3322.76,3323.5,0.02
2025-08-03 04:00:00,3295.61,3277.49,0.02
2025-08-03 05:00:00,3297.27,3292.03,0.02
2025-08-03 06:00:00,3355.65,3333.05,2.79
2025-08-03 07:00:00,3472.15,3371.08,27.3
2025-08-03 08:00:00,3665.19,3556.74,61.17
2025-08-03 09:00:00,3840.68,3809.0,80.07
2025-08-03 10:00:00,3983.65,3985.77,69.82
2025-08-03 11:00:00,4092.55,4074.57,56.03
2025-08-03 12:00:00,4133.12,4113.52,53.88
2025-08-03 13:00:00,4170.27,4218.21,63.48
2025-08-03 14:00:00,4195.33,4206.83,49.01
2025-08-03 15:00:00,4270.01,4245.56,23.81
2025-08-03 16:00:00,4372.37,4388.98,78.5
2025-08-03 17:00:00,4393.96,4475.29,41.22
2025-08-03 18:00:00,4384.53,4507.2,12.66
2025-08-03 19:00:00,4368.51,4494.26,2.99
2025-08-03 20:00:00,4284.99,4335.36,1.15
2025-08-03 21:00:00,4071.92,4104.85,0.4
2025-08-03 22:00:00,3862.35,3872.25,0.12
2025-08-03 23:00:00,3677.56,3653.68,0.05
2025-08-04 00:00:00,3463.01,3435.08,0.0
2025-08-04 01:00:00,3313.29,3283.11,0.0
2025-08-04 02:00:00,3224.22,3179.84,0.0
2025-08-04 03:00:00,3181.04,3130.56,0.0
2025-08-04 04:00:00,3189.34,3132.5,0.0
2025-08-04 05:00:00,3274.46,3237.62,0.01
2025-08-04 06:00:00,3498.26,3435.95,3.29
2025-08-04 07:00:00,3833.53,3831.54,20.11
2025-08-04 08:00:00,4216.65,4304.86,39.0
2025-08-04 09:00:00,4548.13,4557.34,78.94
2025-08-04 10:00:00,4708.84,4690.46,106.65
2025-08-04 11:00:00,4726.28,4713.8,143.34
2025-08-04 12:00:00,4673.43,4684.31,169.94
2025-08-04 13:00:00,4797.25,4830.28,202.28
2025-08-04 14:00:00,4886.15,4880.58,207.67
2025-08-04 15:00:00,4990.53,4920.82,195.5
2025-08-04 16:00:00,5084.63,5035.61,176.13
2025-08-04 17:00:00,5061.94,5046.09,139.64
2025-08-04 18:00:00,5009.06,4997.07,79.02
2025-08-04 19:00:00,4946.28,4933.86,37.15
2025-08-04 20:00:00,4768.65,4752.5,18.98
2025-08-04 21:00:00,4516.4,4502.39,3.91
2025-08-04 22:00:00,4311.84,4281.22,0.56
2025-08-04 23:00:00,4081.14,4034.81,0.12
2025-08-05 00:00:00,3807.07,3751.39,0.0
2025-08-05 01:00:00,3634.32,3591.49,0.0
2025-08-05 02:00:00,3533.23,3501.52,0.0
2025-08-05 03:00:00,3464.38,3454.76,0.0
2025-08-05 04:00:00,3450.18,3455.82,0.0
2025-08-05 05:00:00,3513.83,3526.76,0.02
2025-08-05 06:00:00,3705.0,3684.46,6.24
2025-08-05 07:00:00,3979.14,3988.65,39.54
2025-08-05 08:00:00,4322.06,4358.91,89.88
2025-08-05 09:00:00,4588.72,4586.19,144.57
2025-08-05 10:00:00,4719.16,4706.55,172.19
2025-08-05 11:00:00,4700.65,4713.72,172.29
2025-08-05 12:00:00,4660.32,4659.03,187.36
2025-08-05 13:00:00,4822.09,4836.44,224.26
2025-08-05 14:00:00,4907.26,4947.4,226.9
2025-08-05 15:00:00,4960.29,5009.92,192.23
2025-08-05 16:00:00,5143.83,5099.23,200.16
2025-08-05 17:00:00,5175.55,5144.36,157.2
2025-08-05 18:00:00,5141.11,5153.68,107.01
2025-08-05 19:00:00,5092.07,5115.9,67.99
2025-08-05 20:00:00,4911.28,4920.69,40.92
2025-08-05 21:00:00,4632.02,4652.5,15.46
2025-08-05 22:00:00,4402.61,4427.4,1.01
2025-08-05 23:00:00,4162.62,4159.62,0.09
2025-08-06 00:00:00,3879.18,3870.5,0.0
2025-08-06 01:00:00,3710.5,3687.0,0.0
2025-08-06 02:00:00,3611.98,3582.61,0.0
2025-08-06 03:00:00,3551.67,3529.33,0.0
2025-08-06 04:00:00,3546.12,3526.4,0.0
2025-08-06 05:00:00,3618.35,3591.0,0.01
2025-08-06 06:00:00,3828.69,3778.64,7.58
2025-08-06 07:00:00,4172.61,4107.97,28.12
2025-08-06 08:00:00,4604.6,4541.35,44.35
2025-08-06 09:00:00,4937.38,4851.74,73.67
2025-08-06 10:00:00,5096.19,5010.66,110.48
2025-08-06 11:00:00,5064.41,5025.63,96.8
2025-08-06 12:00:00,4985.61,4968.3,105.86
2025-08-06 13:00:00,5135.57,5089.47,127.06
2025-08-06 14:00:00,5160.07,5160.49,131.12
2025-08-06 15:00:00,5112.42,5166.05,123.5
2025-08-06 16:00:00,5164.58,5147.72,155.74
2025-08-06 17:00:00,5066.7,5058.95,116.68
2025-08-06 18:00:00,5013.87,4968.81,71.4
2025-08-06 19:00:00,4946.62,4912.0,30.39
2025-08-06 20:00:00,4768.52,4720.19,9.63
2025-08-06 21:00:00,4529.63,4501.96,0.94
2025-08-06 22:00:00,4338.16,4300.11,0.02
2025-08-06 23:00:00,4109.2,4082.26,0.0
2025-08-07 00:00:00,3824.25,3815.33,0.0
2025-08-07 01:00:00,3656.26,3625.44,0.0
2025-08-07 02:00:00,3553.33,3530.1,0.0
2025-08-07 03:00:00,3496.17,3467.68,0.0
2025-08-07 04:00:00,3485.4,3459.98,0.0
2025-08-07 05:00:00,3541.78,3536.74,0.02
2025-08-07 06:00:00,3734.75,3736.02,7.92
2025-08-07 07:00:00,4048.54,4052.29,42.44
2025-08-07 08:00:00,4463.31,4434.92,97.39
2025-08-07 09:00:00,4752.79,4744.41,120.59
2025-08-07 10:00:00,4901.73,4918.41,142.61
2025-08-07 11:00:00,4812.18,4931.63,171.56
2025-08-07 12:00:00,4681.46,4832.12,188.39
2025-08-07 13:00:00,4804.51,4938.69,181.76
2025-08-07 14:00:00,4869.4,4971.52,192.93
2025-08-07 15:00:00,4912.27,4987.71,176.97
2025-08-07 16:00:00,5075.01,5076.59,182.72
2025-08-07 17:00:00,5107.06,5079.11,161.9
2025-08-07 18:00:00,5096.52,5091.69,110.42
2025-08-07 19:00:00,5030.46,5047.56,67.32
2025-08-07 20:00:00,4818.33,4862.92,35.5
2025-08-07 21:00:00,4538.04,4583.62,9.63
2025-08-07 22:00:00,4320.22,4352.96,1.04
2025-08-07 23:00:00,4087.08,4119.88,0.15
2025-08-08 00:00:00,3814.42,3854.1,0.02
2025-08-08 01:00:00,3631.97,3671.35,0.0
2025-08-08 02:00:00,3518.8,3561.11,0.0
2025-08-08 03:00:00,3451.61,3493.67,0.0
2025-08-08 04:00:00,3439.27,3480.06,0.03
2025-08-08 05:00:00,3491.19,3524.32,0.06
2025-08-08 06:00:00,3651.35,3673.73,10.27
2025-08-08 07:00:00,3938.2,3923.6,53.98
2025-08-08 08:00:00,4291.03,4263.83,107.14
2025-08-08 09:00:00,4533.14,4518.95,148.09
2025-08-08 10:00:00,4652.85,4627.3,183.78
2025-08-08 11:00:00,4665.56,4611.55,210.74
2025-08-08 12:00:00,4619.51,4591.11,249.52
2025-08-08 13:00:00,4806.44,4793.58,273.1
2025-08-08 14:00:00,4920.69,4918.84,301.67
2025-08-08 15:00:00,4936.85,5017.69,230.83
2025-08-08 16:00:00,5018.21,5085.04,160.0
2025-08-08 17:00:00,4967.25,5031.5,124.45
2025-08-08 18:00:00,4891.54,4961.18,104.12
2025-08-08 19:00:00,4828.87,4863.23,67.91
2025-08-08 20:00:00,4651.94,4664.69,33.37
2025-08-08 21:00:00,4401.97,4411.15,13.37
2025-08-08 22:00:00,4219.64,4223.38,1.84
2025-08-08 23:00:00,4022.29,4018.11,0.32
2025-08-09 00:00:00,3765.23,3779.67,0.03
2025-08-09 01:00:00,3609.24,3624.97,0.0
2025-08-09 02:00:00,3497.6,3503.91,0.0
2025-08-09 03:00:00,3425.38,3402.25,0.0
2025-08-09 04:00:00,3399.09,3394.41,0.0
2025-08-09 05:00:00,3407.57,3423.43,0.01
2025-08-09 06:00:00,3469.94,3496.34,5.04
2025-08-09 07:00:00,3614.84,3607.4,19.63
2025-08-09 08:00:00,3799.71,3819.92,32.56
2025-08-09 09:00:00,3978.62,4034.88,37.06
2025-08-09 10:00:00,4100.61,4152.85,34.07
2025-08-09 11:00:00,4166.01,4186.81,22.04
2025-08-09 12:00:00,4138.67,4173.55,20.01
2025-08-09 13:00:00,4165.8,4225.1,25.72
2025-08-09 14:00:00,4132.66,4216.75,24.78
2025-08-09 15:00:00,4100.63,4183.94,24.42
2025-08-09 16:00:00,4098.76,4189.97,55.2
2025-08-09 17:00:00,4041.59,4179.51,13.72
2025-08-09 18:00:00,4059.19,4148.03,2.56
2025-08-09 19:00:00,4075.94,4096.08,0.13
2025-08-09 20:00:00,4018.66,4000.7,0.06
2025-08-09 21:00:00,3875.75,3881.69,0.01
2025-08-09 22:00:00,3756.72,3755.67,0.0
2025-08-09 23:00:00,3602.99,3597.61,0.0
2025-08-10 00:00:00,3396.22,3396.17,0.0
2025-08-10 01:00:00,3252.57,3224.17,0.0
2025-08-10 02:00:00,3150.16,3117.01,0.0
2025-08-10 03:00:00,3088.25,3043.66,0.0
2025-08-10 04:00:00,3070.38,3016.06,0.0
2025-08-10 05:00:00,3077.19,3031.2,0.0
2025-08-10 06:00:00,3103.25,3084.42,0.69
2025-08-10 07:00:00,3130.51,3161.04,13.28
2025-08-10 08:00:00,3182.95,3238.68,43.96
2025-08-10 09:00:00,3248.65,3268.07,98.43
2025-08-10 10:00:00,3279.87,3330.27,133.6
2025-08-10 11:00:00,3296.11,3338.13,163.42
2025-08-10 12:00:00,3351.35,3351.97,195.63
2025-08-10 13:00:00,3456.55,3521.59,219.9
2025-08-10 14:00:00,3571.03,3630.66,231.8
2025-08-10 15:00:00,3717.19,3765.39,236.88
2025-08-10 16:00:00,3889.25,3905.53,218.62
2025-08-10 17:00:00,4094.99,4001.66,165.41
2025-08-10 18:00:00,4229.04,4136.61,102.71
2025-08-10 19:00:00,4253.58,4222.98,66.42
2025-08-10 20:00:00,4173.83,4162.75,44.18
2025-08-10 21:00:00,3989.16,3931.72,17.76
2025-08-10 22:00:00,3791.27,3723.81,2.47
2025-08-10 23:00:00,3604.14,3544.03,0.12
2025-08-11 00:00:00,3383.06,3363.98,0.01
2025-08-11 01:00:00,3243.47,3245.22,0.0
2025-08-11 02:00:00,3148.9,3162.83,0.0
2025-08-11 03:00:00,3104.92,3093.32,0.0
2025-08-11 04:00:00,3118.38,3109.7,0.0
2025-08-11 05:00:00,3215.21,3210.23,0.04
2025-08-11 06:00:00,3435.91,3430.31,10.48
2025-08-11 07:00:00,3812.61,3815.58,41.28
2025-08-11 08:00:00,4266.45,4294.87,56.55
2025-08-11 09:00:00,4595.16,4633.8,63.08
2025-08-11 10:00:00,4712.95,4778.08,57.84
2025-08-11 11:00:00,4716.29,4754.18,50.19
2025-08-11 12:00:00,4659.19,4725.15,45.5
2025-08-11 13:00:00,4844.83,4916.13,43.09
2025-08-11 14:00:00,4910.71,5038.84,38.12
2025-08-11 15:00:00,4894.12,5061.47,36.54
2025-08-11 16:00:00,4938.68,5093.69,91.64
2025-08-11 17:00:00,4791.22,5014.17,40.0
2025-08-11 18:00:00,4683.16,4859.94,6.45
2025-08-11 19:00:00,4619.21,4714.09,1.05
2025-08-11 20:00:00,4458.45,4507.03,0.26
2025-08-11 21:00:00,4240.76,4279.49,0.05
2025-08-11 22:00:00,4074.38,4075.64,0.0
2025-08-11 23:00:00,3887.94,3849.33,0.0
2025-08-12 00:00:00,3638.27,3576.35,0.0
2025-08-12 01:00:00,3496.63,3412.08,0.0
2025-08-12 02:00:00,3417.19,3331.57,0.0
2025-08-12 03:00:00,3365.81,3293.06,0.0
2025-08-12 04:00:00,3364.78,3320.69,0.0
2025-08-12 05:00:00,3436.09,3388.49,0.0
2025-08-12 06:00:00,3616.76,3579.56,2.88
2025-08-12 07:00:00,3910.55,3890.77,15.84
2025-08-12 08:00:00,4273.69,4242.31,23.07
2025-08-12 09:00:00,4489.45,4426.37,16.08
2025-08-12 10:00:00,4599.49,4483.48,33.5
2025-08-12 11:00:00,4600.01,4489.0,55.16
2025-08-12 12:00:00,4517.33,4478.67,74.2
2025-08-12 13:00:00,4660.07,4642.4,76.33
2025-08-12 14:00:00,4736.41,4658.92,59.88
2025-08-12 15:00:00,4808.07,4680.03,35.37
2025-08-12 16:00:00,4956.52,4777.82,75.23
2025-08-12 17:00:00,4900.97,4828.99,38.29
2025-08-12 18:00:00,4807.6,4840.96,6.61
2025-08-12 19:00:00,4748.89,4773.44,1.28
2025-08-12 20:00:00,4577.13,4550.48,0.26
2025-08-12 21:00:00,4352.37,4286.26,0.08
2025-08-12 22:00:00,4185.92,4090.69,0.02
2025-08-12 23:00:00,3991.33,3900.74,0.0
2025-08-13 00:00:00,3738.11,3658.75,0.0
2025-08-13 01:00:00,3585.92,3514.35,0.0
2025-08-13 02:00:00,3493.54,3423.98,0.0
2025-08-13 03:00:00,3449.38,3373.14,0.0
2025-08-13 04:00:00,3438.95,3374.82,0.0
2025-08-13 05:00:00,3506.15,3449.18,0.01
2025-08-13 06:00:00,3715.37,3645.88,6.3
2025-08-13 07:00:00,4050.91,3976.41,36.96
2025-08-13 08:00:00,4465.84,4421.13,83.37
2025-08-13 09:00:00,4735.68,4700.42,137.22
2025-08-13 10:00:00,4783.12,4804.26,163.13
2025-08-13 11:00:00,4722.68,4710.11,184.07
2025-08-13 12:00:00,4671.82,4604.38,230.53
2025-08-13 13:00:00,4897.36,4797.17,268.14
2025-08-13 14:00:00,4983.09,4909.06,281.13
2025-08-13 15:00:00,5000.71,4970.0,256.71
2025-08-13 16:00:00,5046.85,5000.66,223.12
2025-08-13 17:00:00,5029.64,4907.06,166.27
2025-08-13 18:00:00,4987.0,4851.82,102.5
2025-08-13 19:00:00,4908.22,4823.04,74.29
2025-08-13 20:00:00,4697.48,4655.51,52.8
2025-08-13 21:00:00,4419.79,4400.13,19.74
2025-08-13 22:00:00,4233.55,4202.5,2.29
2025-08-13 23:00:00,4030.28,4003.07,0.23
2025-08-14 00:00:00,3763.83,3767.54,0.0
2025-08-14 01:00:00,3621.49,3593.14,0.0
2025-08-14 02:00:00,3528.19,3503.46,0.0
2025-08-14 03:00:00,3467.94,3455.17,0.0
2025-08-14 04:00:00,3462.38,3447.89,0.0
2025-08-14 05:00:00,3538.34,3509.63,0.02
2025-08-14 06:00:00,3734.01,3712.49,8.68
2025-08-14 07:00:00,4045.41,4051.77,53.68
2025-08-14 08:00:00,4423.95,4398.39,107.69
2025-08-14 09:00:00,4682.8,4583.65,154.16
2025-08-14 10:00:00,4798.11,4668.88,192.83
2025-08-14 11:00:00,4780.02,4658.58,243.19
2025-08-14 12:00:00,4702.87,4634.06,269.25
2025-08-14 13:00:00,4879.58,4820.61,307.01
2025-08-14 14:00:00,4894.83,4908.73,304.9
2025-08-14 15:00:00,4903.88,4900.46,271.74
2025-08-14 16:00:00,5004.24,4923.99,237.16
2025-08-14 17:00:00,4983.76,4876.73,172.92
2025-08-14 18:00:00,4957.37,4886.16,106.89
2025-08-14 19:00:00,4897.65,4885.16,74.95
2025-08-14 20:00:00,4719.65,4712.04,54.34
2025-08-14 21:00:00,4477.92,4474.81,21.79
2025-08-14 22:00:00,4299.85,4279.22,2.89
2025-08-14 23:00:00,4092.08,4061.78,0.29
2025-08-15 00:00:00,3807.38,3801.37,0.03
2025-08-15 01:00:00,3640.97,3658.82,0.0
2025-08-15 02:00:00,3523.21,3562.03,0.0
2025-08-15 03:00:00,3449.03,3489.21,0.0
2025-08-15 04:00:00,3416.79,3473.45,0.0
2025-08-15 05:00:00,3426.83,3521.44,0.02
2025-08-15 06:00:00,3494.78,3648.2,9.04
2025-08-15 07:00:00,3608.75,3841.79,55.99
2025-08-15 08:00:00,3765.97,4007.11,124.54
2025-08-15 09:00:00,3942.3,4056.19,189.13
2025-08-15 10:00:00,4071.15,4140.03,231.03
2025-08-15 11:00:00,4102.46,4173.94,256.27
2025-08-15 12:00:00,4096.64,4162.13,290.32
2025-08-15 13:00:00,4249.69,4317.34,325.03
2025-08-15 14:00:00,4320.14,4445.84,312.72
2025-08-15 15:00:00,4405.18,4506.4,282.57
2025-08-15 16:00:00,4519.91,4576.04,240.31
2025-08-15 17:00:00,4597.22,4595.94,173.97
2025-08-15 18:00:00,4683.53,4602.49,106.55
2025-08-15 19:00:00,4689.18,4596.74,74.23
2025-08-15 20:00:00,4591.76,4477.03,53.96
2025-08-15 21:00:00,4359.61,4306.66,20.38
2025-08-15 22:00:00,4136.82,4130.92,2.99
2025-08-15 23:00:00,3925.58,3919.01,0.35
2025-08-16 00:00:00,3681.6,3672.33,0.03
2025-08-16 01:00:00,3514.04,3524.13,0.0
2025-08-16 02:00:00,3403.73,3400.77,0.0
2025-08-16 03:00:00,3331.62,3333.4,0.0
2025-08-16 04:00:00,3310.08,3277.43,0.0
2025-08-16 05:00:00,3324.99,3282.05,0.02
2025-08-16 06:00:00,3388.23,3316.06,7.81
2025-08-16 07:00:00,3493.87,3383.39,52.28
2025-08-16 08:00:00,3636.16,3524.05,120.69
2025-08-16 09:00:00,3783.01,3710.78,185.23
2025-08-16 10:00:00,3891.67,3885.98,234.26
2025-08-16 11:00:00,3949.63,3921.44,265.19
2025-08-16 12:00:00,3998.27,3953.33,319.73
2025-08-16 13:00:00,4104.08,4129.89,350.34
2025-08-16 14:00:00,4171.77,4219.51,327.13
2025-08-16 15:00:00,4225.12,4322.92,283.73
2025-08-16 16:00:00,4343.95,4416.04,240.7
2025-08-16 17:00:00,4459.47,4467.43,174.14
2025-08-16 18:00:00,4545.48,4515.78,105.73
2025-08-16 19:00:00,4551.04,4541.88,74.52
2025-08-16 20:00:00,4435.72,4433.92,56.8
2025-08-16 21:00:00,4202.9,4238.8,24.73
2025-08-16 22:00:00,4024.64,4035.28,4.51
2025-08-16 23:00:00,3832.94,3870.21,0.44
2025-08-17 00:00:00,3588.08,3678.84,0.04
2025-08-17 01:00:00,3416.61,3519.41,0.0
2025-08-17 02:00:00,3305.44,3403.58,0.0
2025-08-17 03:00:00,3231.61,3318.78,0.0
2025-08-17 04:00:00,3204.29,3270.64,0.0
2025-08-17 05:00:00,3206.83,3250.96,0.02
2025-08-17 06:00:00,3238.49,3273.69,9.69
2025-08-17 07:00:00,3298.7,3363.16,55.8
2025-08-17 08:00:00,3381.37,3460.23,124.55
2025-08-17 09:00:00,3518.99,3549.99,179.7
2025-08-17 10:00:00,3648.67,3636.78,211.9
2025-08-17 11:00:00,3686.92,3717.66,249.63
2025-08-17 12:00:00,3780.62,3712.92,279.87
2025-08-17 13:00:00,3940.57,3890.16,329.73
2025-08-17 14:00:00,4030.83,4001.69,301.48
2025-08-17 15:00:00,4076.44,4116.96,249.04
2025-08-17 16:00:00,4221.01,4251.94,208.95
2025-08-17 17:00:00,4412.77,4335.56,158.71
2025-08-17 18:00:00,4537.85,4476.48,107.67
2025-08-17 19:00:00,4570.38,4556.91,74.56
2025-08-17 20:00:00,4470.55,4454.14,53.54
2025-08-17 21:00:00,4245.38,4233.71,20.2
2025-08-17 22:00:00,4012.41,4039.37,2.58
2025-08-17 23:00:00,3789.15,3823.71,0.35
2025-08-18 00:00:00,3554.11,3571.73,0.03
2025-08-18 01:00:00,3396.85,3402.56,0.0
2025-08-18 02:00:00,3311.51,3301.18,0.0
2025-08-18 03:00:00,3267.41,3238.84,0.0
2025-08-18 04:00:00,3289.52,3231.89,0.0
2025-08-18 05:00:00,3404.02,3336.4,0.01
2025-08-18 06:00:00,3668.03,3605.23,6.96
2025-08-18 07:00:00,4089.02,4020.33,35.72
2025-08-18 08:00:00,4573.67,4507.62,69.94
2025-08-18 09:00:00,4851.32,4876.32,125.87
2025-08-18 10:00:00,4965.05,4994.07,185.08
2025-08-18 11:00:00,4954.28,4990.91,224.82
2025-08-18 12:00:00,4879.53,4955.69,246.71
2025-08-18 13:00:00,5106.23,5104.26,280.61
2025-08-18 14:00:00,5235.22,5175.72,296.42
2025-08-18 15:00:00,5296.15,5243.68,250.82
2025-08-18 16:00:00,5451.13,5312.9,222.0
2025-08-18 17:00:00,5425.47,5353.92,161.11
2025-08-18 18:00:00,5360.26,5331.45,104.15
2025-08-18 19:00:00,5279.05,5267.85,71.62
2025-08-18 20:00:00,5056.03,5065.44,54.45
2025-08-18 21:00:00,4751.64,4785.97,21.67
2025-08-18 22:00:00,4513.35,4547.8,3.5
2025-08-18 23:00:00,4268.52,4311.4,0.32
2025-08-19 00:00:00,3976.12,4024.86,0.03
2025-08-19 01:00:00,3810.79,3856.51,0.0
2025-08-19 02:00:00,3705.63,3759.39,0.0
2025-08-19 03:00:00,3638.68,3697.13,0.0
2025-08-19 04:00:00,3628.08,3691.19,0.0
2025-08-19 05:00:00,3708.46,3738.77,0.02
2025-08-19 06:00:00,3923.45,3943.21,8.07
2025-08-19 07:00:00,4280.94,4287.06,46.24
2025-08-19 08:00:00,4723.42,4724.02,113.9
2025-08-19 09:00:00,5004.31,5016.54,168.95
2025-08-19 10:00:00,5110.21,5138.64,210.19
2025-08-19 11:00:00,5089.78,5098.04,232.03
2025-08-19 12:00:00,5004.31,5038.85,263.06
2025-08-19 13:00:00,5224.1,5193.69,305.69
2025-08-19 14:00:00,5340.83,5260.82,308.21
2025-08-19 15:00:00,5363.7,5314.2,265.15
2025-08-19 16:00:00,5473.01,5374.65,228.07
2025-08-19 17:00:00,5489.32,5365.35,162.64
2025-08-19 18:00:00,5448.53,5352.72,101.98
2025-08-19 19:00:00,5371.64,5297.56,73.6
2025-08-19 20:00:00,5142.1,5046.26,51.63
2025-08-19 21:00:00,4837.78,4754.98,22.64
2025-08-19 22:00:00,4592.57,4541.26,3.62
2025-08-19 23:00:00,4322.18,4283.03,0.31
2025-08-20 00:00:00,4022.06,3985.06,0.03
2025-08-20 01:00:00,3843.55,3821.15,0.0
2025-08-20 02:00:00,3730.38,3724.38,0.0
2025-08-20 03:00:00,3658.9,3665.3,0.0
2025-08-20 04:00:00,3645.38,3639.67,0.0
2025-08-20 05:00:00,3723.57,3701.26,0.02
2025-08-20 06:00:00,3929.21,3911.7,8.16
2025-08-20 07:00:00,4286.21,4225.67,52.31
2025-08-20 08:00:00,4707.18,4616.86,119.54
2025-08-20 09:00:00,4986.83,4955.92,177.19
2025-08-20 10:00:00,5087.34,5088.35,216.99
2025-08-20 11:00:00,5049.19,5064.24,238.58
2025-08-20 12:00:00,4993.63,5013.5,273.86
2025-08-20 13:00:00,5244.53,5259.48,310.77
2025-08-20 14:00:00,5352.62,5408.35,290.16
2025-08-20 15:00:00,5396.98,5465.71,253.36
2025-08-20 16:00:00,5466.8,5539.48,221.51
2025-08-20 17:00:00,5445.44,5486.34,163.62
2025-08-20 18:00:00,5439.84,5419.2,103.71
2025-08-20 19:00:00,5392.27,5334.53,73.44
2025-08-20 20:00:00,5187.28,5107.91,52.14
2025-08-20 21:00:00,4882.12,4824.24,22.71
2025-08-20 22:00:00,4628.54,4568.92,3.44
2025-08-20 23:00:00,4360.38,4305.23,0.25
2025-08-21 00:00:00,4057.51,4015.87,0.03
2025-08-21 01:00:00,3878.49,3845.04,0.0
2025-08-21 02:00:00,3768.01,3749.07,0.0
2025-08-21 03:00:00,3701.62,3671.12,0.0
2025-08-21 04:00:00,3695.84,3649.05,0.0
2025-08-21 05:00:00,3769.18,3693.05,0.02
2025-08-21 06:00:00,3979.23,3891.1,8.46
2025-08-21 07:00:00,4346.78,4246.04,56.64
2025-08-21 08:00:00,4768.53,4692.7,129.29
2025-08-21 09:00:00,5049.87,5016.37,191.77
2025-08-21 10:00:00,5151.15,5156.57,228.73
2025-08-21 11:00:00,5129.11,5117.62,261.62
2025-08-21 12:00:00,5070.66,5051.94,301.69
2025-08-21 13:00:00,5291.81,5192.05,325.4
2025-08-21 14:00:00,5409.55,5287.31,310.2
2025-08-21 15:00:00,5454.51,5340.02,270.17
2025-08-21 16:00:00,5523.81,5385.68,227.83
2025-08-21 17:00:00,5522.33,5384.44,161.52
2025-08-21 18:00:00,5520.69,5399.35,102.37
2025-08-21 19:00:00,5465.0,5368.19,73.26
2025-08-21 20:00:00,5231.92,5172.54,56.28
2025-08-21 21:00:00,4917.24,4887.97,21.69
2025-08-21 22:00:00,4661.1,4653.61,3.41
2025-08-21 23:00:00,4387.47,4365.9,0.36
2025-08-22 00:00:00,4082.26,4084.9,0.03
2025-08-22 01:00:00,3897.28,3880.64,0.0
2025-08-22 02:00:00,3781.75,3770.12,0.0
2025-08-22 03:00:00,3705.92,3705.12,0.0
2025-08-22 04:00:00,3677.17,3679.53,0.0
2025-08-22 05:00:00,3749.01,3740.3,0.02
2025-08-22 06:00:00,3957.5,3933.46,7.47
2025-08-22 07:00:00,4323.55,4275.96,54.26
2025-08-22 08:00:00,4758.99,4708.7,127.48
2025-08-22 09:00:00,5025.5,5038.9,190.2
2025-08-22 10:00:00,5112.61,5159.85,230.92
2025-08-22 11:00:00,5117.6,5121.66,263.0
2025-08-22 12:00:00,5093.67,5112.89,311.76
2025-08-22 13:00:00,5332.89,5327.35,347.81
2025-08-22 14:00:00,5413.75,5432.93,325.57
2025-08-22 15:00:00,5431.79,5444.56,277.0
2025-08-22 16:00:00,5542.43,5474.28,231.97
2025-08-22 17:00:00,5506.93,5482.63,165.71
2025-08-22 18:00:00,5426.4,5467.11,101.9
2025-08-22 19:00:00,5358.96,5376.76,73.35
2025-08-22 20:00:00,5149.77,5136.39,56.55
2025-08-22 21:00:00,4849.48,4824.82,22.15
2025-08-22 22:00:00,4620.25,4614.8,3.52
2025-08-22 23:00:00,4375.53,4347.55,0.28
2025-08-23 00:00:00,4069.48,4050.09,0.03
2025-08-23 01:00:00,3874.31,3864.83,0.0
2025-08-23 02:00:00,3741.77,3749.36,0.0
2025-08-23 03:00:00,3649.39,3653.68,0.0
2025-08-23 04:00:00,3603.51,3572.75,0.0
2025-08-23 05:00:00,3612.17,3574.75,0.02
2025-08-23 06:00:00,3673.14,3672.34,7.32
2025-08-23 07:00:00,3780.97,3801.46,53.35
2025-08-23 08:00:00,3941.19,3977.64,121.75
2025-08-23 09:00:00,4159.36,4176.91,175.37
2025-08-23 10:00:00,4327.36,4346.44,214.89
2025-08-23 11:00:00,4376.06,4430.19,249.33
2025-08-23 12:00:00,4376.52,4436.16,286.62
2025-08-23 13:00:00,4514.24,4526.93,325.08
2025-08-23 14:00:00,4570.44,4567.99,317.76
2025-08-23 15:00:00,4589.78,4611.61,256.91
2025-08-23 16:00:00,4696.94,4688.25,222.94
2025-08-23 17:00:00,4786.33,4747.77,161.23
2025-08-23 18:00:00,4851.3,4834.75,107.58
2025-08-23 19:00:00,4856.42,4863.87,75.59
2025-08-23 20:00:00,4731.36,4733.1,58.72
2025-08-23 21:00:00,4489.42,4504.5,22.99
2025-08-23 22:00:00,4290.71,4295.23,4.52
2025-08-23 23:00:00,4077.7,4070.96,0.34
2025-08-24 00:00:00,3809.39,3810.37,0.03
2025-08-24 01:00:00,3625.56,3640.02,0.0
2025-08-24 02:00:00,3498.18,3520.25,0.0
2025-08-24 03:00:00,3416.62,3434.63,0.0
2025-08-24 04:00:00,3385.17,3388.55,0.0
2025-08-24 05:00:00,3396.58,3389.46,0.01
2025-08-24 06:00:00,3437.8,3430.52,6.23
2025-08-24 07:00:00,3523.03,3520.61,49.6
2025-08-24 08:00:00,3659.36,3654.08,114.73
2025-08-24 09:00:00,3802.03,3815.15,167.42
2025-08-24 10:00:00,3936.45,3953.62,191.53
2025-08-24 11:00:00,4003.0,4019.58,221.48
2025-08-24 12:00:00,4080.02,4088.03,251.25
2025-08-24 13:00:00,4209.72,4242.66,281.4
2025-08-24 14:00:00,4305.49,4258.45,286.62
2025-08-24 15:00:00,4388.32,4344.67,252.03
2025-08-24 16:00:00,4547.31,4501.04,217.59
2025-08-24 17:00:00,4719.49,4616.88,156.43
2025-08-24 18:00:00,4821.57,4740.34,101.8
2025-08-24 19:00:00,4832.64,4821.92,74.73
2025-08-24 20:00:00,4710.24,4685.43,54.22
2025-08-24 21:00:00,4458.48,4408.16,19.25
2025-08-24 22:00:00,4203.6,4194.94,2.24
2025-08-24 23:00:00,3974.8,3945.39,0.37
2025-08-25 00:00:00,3728.17,3684.92,0.03
2025-08-25 01:00:00,3565.48,3552.49,0.0
2025-08-25 02:00:00,3466.1,3488.01,0.0
2025-08-25 03:00:00,3411.06,3385.82,0.0
2025-08-25 04:00:00,3419.82,3390.51,0.0
2025-08-25 05:00:00,3524.31,3497.36,0.01
2025-08-25 06:00:00,3783.88,3719.32,6.71
2025-08-25 07:00:00,4255.37,4160.24,49.31
2025-08-25 08:00:00,4771.43,4738.45,109.8
2025-08-25 09:00:00,5061.78,5070.57,149.39
2025-08-25 10:00:00,5183.57,5159.62,196.65
2025-08-25 11:00:00,5169.58,5126.94,225.68
2025-08-25 12:00:00,5102.92,5115.86,256.68
2025-08-25 13:00:00,5358.24,5315.16,313.19
2025-08-25 14:00:00,5484.43,5426.87,310.97
2025-08-25 15:00:00,5541.39,5520.11,262.02
2025-08-25 16:00:00,5673.25,5615.05,223.83
2025-08-25 17:00:00,5651.73,5616.59,155.97
2025-08-25 18:00:00,5582.98,5583.97,99.82
2025-08-25 19:00:00,5502.16,5485.81,74.33
2025-08-25 20:00:00,5263.46,5230.71,55.29
2025-08-25 21:00:00,4945.8,4918.18,20.52
2025-08-25 22:00:00,4677.56,4676.74,2.23
2025-08-25 23:00:00,4408.93,4397.29,0.4
2025-08-26 00:00:00,4087.47,4095.4,0.08
2025-08-26 01:00:00,3913.66,3944.99,0.0
2025-08-26 02:00:00,3792.93,3822.55,0.01
2025-08-26 03:00:00,3713.4,3744.87,0.04
2025-08-26 04:00:00,3692.34,3706.11,0.06
2025-08-26 05:00:00,3762.28,3769.78,0.06
2025-08-26 06:00:00,3973.93,3984.25,5.34
2025-08-26 07:00:00,4385.07,4330.19,31.93
2025-08-26 08:00:00,4890.16,4834.14,61.79
2025-08-26 09:00:00,5169.0,5178.2,100.01
2025-08-26 10:00:00,5264.3,5278.42,107.57
2025-08-26 11:00:00,5246.83,5270.29,124.28
2025-08-26 12:00:00,5157.38,5209.41,161.13
2025-08-26 13:00:00,5253.01,5381.18,189.29
2025-08-26 14:00:00,5293.22,5371.82,193.3
2025-08-26 15:00:00,5331.08,5348.79,216.1
2025-08-26 16:00:00,5401.75,5403.94,185.1
2025-08-26 17:00:00,5370.12,5360.85,136.91
2025-08-26 18:00:00,5328.19,5317.73,91.15
2025-08-26 19:00:00,5234.65,5248.15,49.51
2025-08-26 20:00:00,5000.09,5013.42,32.83
2025-08-26 21:00:00,4704.46,4711.79,10.06
2025-08-26 22:00:00,4480.26,4480.84,0.65
2025-08-26 23:00:00,4232.49,4225.33,0.02
2025-08-27 00:00:00,3933.37,3926.68,0.0
2025-08-27 01:00:00,3761.71,3749.5,0.0
2025-08-27 02:00:00,3659.75,3633.4,0.0
2025-08-27 03:00:00,3592.8,3566.26,0.0
2025-08-27 04:00:00,3587.53,3565.07,0.0
2025-08-27 05:00:00,3664.41,3608.37,0.01
2025-08-27 06:00:00,3857.68,3794.85,6.17
2025-08-27 07:00:00,4207.73,4130.66,50.01
2025-08-27 08:00:00,4611.93,4606.31,112.68
2025-08-27 09:00:00,4798.21,4884.92,166.47
2025-08-27 10:00:00,4853.44,4916.62,208.76
2025-08-27 11:00:00,4809.13,4850.51,236.79
2025-08-27 12:00:00,4741.69,4805.5,267.23
2025-08-27 13:00:00,4992.68,4961.19,319.82
2025-08-27 14:00:00,5106.73,5077.76,308.2
2025-08-27 15:00:00,5152.46,5172.64,256.73
2025-08-27 16:00:00,5272.36,5261.82,217.4
2025-08-27 17:00:00,5218.66,5266.59,149.49
2025-08-27 18:00:00,5157.84,5236.6,98.31
2025-08-27 19:00:00,5100.98,5162.24,74.72
2025-08-27 20:00:00,4886.12,4938.58,52.65
2025-08-27 21:00:00,4600.82,4667.11,17.59
2025-08-27 22:00:00,4376.51,4439.8,1.72
2025-08-27 23:00:00,4152.18,4180.77,0.3
2025-08-28 00:00:00,3873.76,3914.23,0.02
2025-08-28 01:00:00,3717.6,3746.74,0.0
2025-08-28 02:00:00,3607.0,3645.92,0.0
2025-08-28 03:00:00,3547.32,3547.66,0.0
2025-08-28 04:00:00,3546.4,3523.15,0.0
2025-08-28 05:00:00,3617.27,3589.25,0.01
2025-08-28 06:00:00,3812.05,3787.62,6.12
2025-08-28 07:00:00,4158.36,4128.23,48.02
2025-08-28 08:00:00,4583.09,4574.1,108.86
2025-08-28 09:00:00,4817.67,4843.26,166.06
2025-08-28 10:00:00,4889.12,4932.73,195.46
2025-08-28 11:00:00,4898.64,4878.88,221.02
2025-08-28 12:00:00,4855.67,4854.67,263.45
2025-08-28 13:00:00,5113.93,5101.31,311.11
2025-08-28 14:00:00,5252.23,5230.84,303.7
2025-08-28 15:00:00,5283.53,5299.39,246.33
2025-08-28 16:00:00,5388.71,5354.9,205.91
2025-08-28 17:00:00,5377.36,5322.49,142.5
2025-08-28 18:00:00,5326.19,5299.65,95.05
2025-08-28 19:00:00,5267.24,5218.64,71.95
2025-08-28 20:00:00,5024.82,4986.43,47.59
2025-08-28 21:00:00,4734.95,4714.38,19.24
2025-08-28 22:00:00,4495.52,4486.05,2.39
2025-08-28 23:00:00,4255.19,4199.06,0.27
2025-08-29 00:00:00,3961.27,3903.33,0.01
2025-08-29 01:00:00,3803.23,3728.64,0.0
2025-08-29 02:00:00,3693.95,3655.6,0.0
2025-08-29 03:00:00,3630.14,3592.77,0.0
2025-08-29 04:00:00,3619.6,3575.15,0.0
2025-08-29 05:00:00,3704.04,3662.82,0.01
2025-08-29 06:00:00,3904.56,3876.22,7.22
2025-08-29 07:00:00,4270.44,4247.97,50.23
2025-08-29 08:00:00,4705.02,4648.81,117.79
2025-08-29 09:00:00,4995.46,4902.77,174.31
2025-08-29 10:00:00,5115.12,5027.76,209.71
2025-08-29 11:00:00,5102.62,5051.0,239.95
2025-08-29 12:00:00,5035.09,5053.46,278.6
2025-08-29 13:00:00,5256.49,5216.01,321.42
2025-08-29 14:00:00,5342.05,5324.16,305.08
2025-08-29 15:00:00,5377.14,5377.1,257.75
2025-08-29 16:00:00,5449.88,5437.46,223.89
2025-08-29 17:00:00,5403.84,5377.4,157.98
2025-08-29 18:00:00,5353.26,5293.2,98.58
2025-08-29 19:00:00,5292.32,5219.58,73.72
2025-08-29 20:00:00,5074.69,5040.04,56.1
2025-08-29 21:00:00,4784.92,4763.33,20.7
2025-08-29 22:00:00,4549.11,4570.68,2.71
2025-08-29 23:00:00,4307.54,4308.31,0.33
2025-08-30 00:00:00,4013.17,4003.22,0.02
2025-08-30 01:00:00,3825.63,3828.64,0.0
2025-08-30 02:00:00,3685.58,3707.25,0.0
2025-08-30 03:00:00,3598.13,3631.83,0.0
2025-08-30 04:00:00,3558.49,3583.8,0.0
2025-08-30 05:00:00,3568.41,3591.27,0.01
2025-08-30 06:00:00,3624.45,3661.52,5.77
2025-08-30 07:00:00,3725.93,3779.4,51.18
2025-08-30 08:00:00,3868.57,3908.91,121.35
2025-08-30 09:00:00,4057.5,4035.41,186.17
2025-08-30 10:00:00,4190.38,4171.98,220.07
2025-08-30 11:00:00,4253.23,4239.92,244.89
2025-08-30 12:00:00,4271.32,4254.05,266.88
2025-08-30 13:00:00,4408.55,4391.66,310.58
2025-08-30 14:00:00,4470.76,4490.07,300.79
2025-08-30 15:00:00,4479.83,4565.34,246.16
2025-08-30 16:00:00,4598.1,4624.53,215.05
2025-08-30 17:00:00,4687.2,4685.24,154.09
2025-08-30 18:00:00,4727.01,4758.32,98.65
2025-08-30 19:00:00,4720.63,4772.51,72.96
2025-08-30 20:00:00,4577.41,4644.22,55.81
2025-08-30 21:00:00,4348.29,4422.72,21.03
2025-08-30 22:00:00,4163.01,4225.64,2.43
2025-08-30 23:00:00,3958.32,4001.0,0.33
2025-08-31 00:00:00,3697.24,3742.92,0.03
2025-08-31 01:00:00,3517.59,3573.46,0.0
2025-08-31 02:00:00,3389.64,3451.37,0.0
2025-08-31 03:00:00,3315.52,3359.07,0.0
2025-08-31 04:00:00,3276.52,3318.25,0.0
2025-08-31 05:00:00,3285.0,3315.2,0.01
2025-08-31 06:00:00,3324.09,3349.45,6.8
2025-08-31 07:00:00,3394.88,3459.77,42.25
2025-08-31 08:00:00,3463.92,3592.77,82.08
2025-08-31 09:00:00,3605.94,3681.05,96.99
2025-08-31 10:00:00,3841.92,3776.89,139.67
2025-08-31 11:00:00,3933.71,3944.02,138.73
2025-08-31 12:00:00,3988.86,4023.02,134.65
2025-08-31 13:00:00,4102.49,4160.19,151.6
2025-08-31 14:00:00,4166.08,4189.59,139.35
2025-08-31 15:00:00,4188.96,4228.77,124.49
2025-08-31 16:00:00,4287.06,4367.68,137.93
2025-08-31 17:00:00,4424.3,4441.14,131.41
2025-08-31 18:00:00,4504.88,4532.26,88.79
2025-08-31 19:00:00,4515.29,4575.2,39.0
2025-08-31 20:00:00,4375.05,4435.71,9.59
2025-08-31 21:00:00,4173.34,4163.71,1.3
2025-08-31 22:00:00,3974.07,3967.31,0.33
2025-08-31 23:00:00,3766.03,3799.9,0.03
2025-09-01 00:00:00,3574.35,3559.81,0.0
2025-09-01 01:00:00,3427.92,3426.83,0.0
2025-09-01 02:00:00,3339.61,3319.5,0.06
2025-09-01 03:00:00,3288.98,3275.15,0.04
2025-09-01 04:00:00,3303.8,3300.61,0.03
2025-09-01 05:00:00,3414.93,3408.98,0.05
2025-09-01 06:00:00,3671.38,3648.72,5.66
2025-09-01 07:00:00,4113.39,4074.67,37.59
2025-09-01 08:00:00,4620.61,4586.71,81.12
2025-09-01 09:00:00,4949.66,4897.45,127.64
2025-09-01 10:00:00,5110.64,5006.62,169.03
2025-09-01 11:00:00,5070.75,4982.79,207.29
2025-09-01 12:00:00,4935.98,4942.3,212.37
2025-09-01 13:00:00,5161.14,5060.5,229.11
2025-09-01 14:00:00,5336.13,5145.59,250.4
2025-09-01 15:00:00,5343.05,5261.04,203.07
2025-09-01 16:00:00,5340.98,5353.66,173.47
2025-09-01 17:00:00,5263.74,5294.17,142.52
2025-09-01 18:00:00,5182.05,5202.38,95.69
2025-09-01 19:00:00,5101.46,5101.48,69.41
2025-09-01 20:00:00,4864.28,4875.17,40.59
2025-09-01 21:00:00,4590.13,4603.5,15.55
2025-09-01 22:00:00,4368.0,4379.06,1.49
2025-09-01 23:00:00,4142.24,4131.18,0.18
2025-09-02 00:00:00,3869.46,3848.53,0.01
2025-09-02 01:00:00,3715.64,3718.48,0.0
2025-09-02 02:00:00,3611.29,3614.48,0.0
2025-09-02 03:00:00,3543.19,3539.87,0.0
2025-09-02 04:00:00,3535.8,3542.04,0.0
2025-09-02 05:00:00,3620.31,3613.64,0.01
2025-09-02 06:00:00,3832.8,3829.72,3.28
2025-09-02 07:00:00,4205.79,4186.56,39.9
2025-09-02 08:00:00,4634.34,4656.75,91.67
2025-09-02 09:00:00,4851.84,4932.64,107.92
2025-09-02 10:00:00,4904.55,4984.09,118.31
2025-09-02 11:00:00,4871.65,4887.36,115.49
2025-09-02 12:00:00,4758.38,4831.31,157.76
2025-09-02 13:00:00,4879.59,4992.25,159.5
2025-09-02 14:00:00,4932.86,5008.93,139.82
2025-09-02 15:00:00,4989.02,5018.96,201.35
2025-09-02 16:00:00,5123.85,5090.46,209.2
2025-09-02 17:00:00,5164.68,5093.35,153.41
2025-09-02 18:00:00,5118.96,5099.93,91.93
2025-09-02 19:00:00,5030.34,5049.41,50.7
2025-09-02 20:00:00,4781.77,4831.5,22.26
2025-09-02 21:00:00,4519.3,4522.5,3.58
2025-09-02 22:00:00,4313.14,4318.28,0.71
2025-09-02 23:00:00,4083.41,4089.66,0.17
2025-09-03 00:00:00,3803.68,3821.28,0.02
2025-09-03 01:00:00,3655.73,3674.9,0.0
2025-09-03 02:00:00,3551.78,3578.81,0.0
2025-09-03 03:00:00,3491.18,3515.76,0.0
2025-09-03 04:00:00,3498.74,3505.69,0.0
2025-09-03 05:00:00,3583.02,3574.42,0.01
2025-09-03 06:00:00,3776.83,3797.93,4.86
2025-09-03 07:00:00,4085.91,4121.2,47.34
2025-09-03 08:00:00,4420.12,4485.7,116.58
2025-09-03 09:00:00,4615.27,4660.98,186.25
2025-09-03 10:00:00,4693.66,4703.91,229.84
2025-09-03 11:00:00,4693.58,4714.88,262.08
2025-09-03 12:00:00,4654.88,4700.29,304.59
2025-09-03 13:00:00,4935.86,4896.6,329.24
2025-09-03 14:00:00,5077.24,5025.75,308.32
2025-09-03 15:00:00,5152.14,5135.48,254.57
2025-09-03 16:00:00,5276.71,5246.01,207.72
2025-09-03 17:00:00,5243.79,5268.3,133.94
2025-09-03 18:00:00,5192.22,5238.62,90.57
2025-09-03 19:00:00,5114.86,5159.18,68.79
2025-09-03 20:00:00,4895.77,4932.78,47.15
2025-09-03 21:00:00,4620.2,4658.73,17.91
2025-09-03 22:00:00,4395.51,4415.63,1.75
2025-09-03 23:00:00,4166.09,4152.73,0.26
2025-09-04 00:00:00,3894.07,3864.39,0.03
2025-09-04 01:00:00,3730.82,3710.84,0.0
2025-09-04 02:00:00,3628.32,3630.17,0.0
2025-09-04 03:00:00,3570.66,3537.63,0.0
2025-09-04 04:00:00,3565.07,3523.11,0.02
2025-09-04 05:00:00,3636.89,3613.78,0.03
2025-09-04 06:00:00,3841.96,3855.83,5.34
2025-09-04 07:00:00,4184.49,4207.66,49.36
2025-09-04 08:00:00,4594.84,4621.31,127.09
2025-09-04 09:00:00,4842.0,4875.12,188.05
2025-09-04 10:00:00,4905.8,4975.11,178.95
2025-09-04 11:00:00,4891.53,4920.34,203.36
2025-09-04 12:00:00,4757.38,4888.62,212.41
2025-09-04 13:00:00,4911.97,5054.26,202.73
2025-09-04 14:00:00,5019.63,5123.49,220.59
2025-09-04 15:00:00,5104.41,5163.54,217.52
2025-09-04 16:00:00,5248.6,5272.57,195.54
2025-09-04 17:00:00,5229.03,5279.79,142.15
2025-09-04 18:00:00,5151.86,5247.39,90.6
2025-09-04 19:00:00,5071.65,5151.22,66.85
2025-09-04 20:00:00,4841.18,4905.17,47.91
2025-09-04 21:00:00,4558.38,4617.68,17.15
2025-09-04 22:00:00,4347.91,4396.91,1.48
2025-09-04 23:00:00,4113.16,4134.89,0.26
2025-09-05 00:00:00,3839.64,3852.52,0.03
2025-09-05 01:00:00,3680.72,3698.89,0.0
2025-09-05 02:00:00,3587.16,3607.85,0.0
2025-09-05 03:00:00,3511.61,3538.53,0.0
2025-09-05 04:00:00,3509.36,3514.41,0.0
2025-09-05 05:00:00,3600.68,3578.74,0.01
2025-09-05 06:00:00,3784.95,3759.72,4.72
2025-09-05 07:00:00,4082.69,4092.69,48.39
2025-09-05 08:00:00,4423.19,4422.07,120.57
2025-09-05 09:00:00,4629.74,4596.56,188.48
2025-09-05 10:00:00,4727.18,4666.32,225.95
2025-09-05 11:00:00,4720.99,4660.9,241.0
2025-09-05 12:00:00,4689.25,4645.33,274.42
2025-09-05 13:00:00,4964.14,4844.65,307.14
2025-09-05 14:00:00,5099.93,5021.4,290.55
2025-09-05 15:00:00,5186.25,5138.63,242.85
2025-09-05 16:00:00,5297.54,5238.7,207.14
2025-09-05 17:00:00,5226.61,5214.99,145.38
2025-09-05 18:00:00,5141.7,5126.57,93.44
2025-09-05 19:00:00,5064.21,5015.93,71.99
2025-09-05 20:00:00,4844.88,4818.42,54.83
2025-09-05 21:00:00,4579.47,4546.15,20.12
2025-09-05 22:00:00,4374.9,4356.56,1.92
2025-09-05 23:00:00,4169.7,4113.76,0.28
2025-09-06 00:00:00,3890.21,3829.12,0.03
2025-09-06 01:00:00,3716.97,3671.48,0.0
2025-09-06 02:00:00,3608.69,3577.16,0.0
2025-09-06 03:00:00,3526.27,3501.74,0.0
2025-09-06 04:00:00,3487.72,3463.24,0.0
2025-09-06 05:00:00,3506.31,3485.58,0.01
2025-09-06 06:00:00,3558.42,3555.7,5.13
2025-09-06 07:00:00,3653.54,3630.48,40.63
2025-09-06 08:00:00,3791.92,3753.92,84.99
2025-09-06 09:00:00,4014.24,3942.6,149.52
2025-09-06 10:00:00,4170.6,4113.72,197.71
2025-09-06 11:00:00,4152.16,4179.47,206.51
2025-09-06 12:00:00,4186.28,4140.47,214.55
2025-09-06 13:00:00,4396.42,4265.66,262.1
2025-09-06 14:00:00,4443.57,4365.0,278.6
2025-09-06 15:00:00,4464.8,4445.27,238.25
2025-09-06 16:00:00,4501.21,4509.35,204.19
2025-09-06 17:00:00,4534.53,4533.26,141.23
2025-09-06 18:00:00,4552.83,4564.22,93.74
2025-09-06 19:00:00,4537.75,4557.64,73.87
2025-09-06 20:00:00,4400.48,4416.64,48.97
2025-09-06 21:00:00,4194.1,4226.66,17.36
2025-09-06 22:00:00,4033.01,4074.63,1.55
2025-09-06 23:00:00,3857.03,3867.97,0.22
2025-09-07 00:00:00,3625.91,3642.49,0.02
2025-09-07 01:00:00,3472.77,3503.49,0.0
2025-09-07 02:00:00,3371.36,3394.48,0.0
2025-09-07 03:00:00,3296.56,3323.34,0.0
2025-09-07 04:00:00,3265.57,3289.26,0.0
2025-09-07 05:00:00,3291.26,3289.76,0.01
2025-09-07 06:00:00,3339.28,3326.09,3.82
2025-09-07 07:00:00,3455.71,3437.48,25.19
2025-09-07 08:00:00,3608.85,3605.46,47.31
2025-09-07 09:00:00,3745.75,3757.69,70.8
2025-09-07 10:00:00,3855.33,3866.44,117.13
2025-09-07 11:00:00,3874.36,3923.19,121.49
2025-09-07 12:00:00,3903.01,3935.14,126.19
2025-09-07 13:00:00,3891.87,4051.58,98.71
2025-09-07 14:00:00,3908.08,4027.96,45.14
2025-09-07 15:00:00,3997.22,4045.26,36.74
2025-09-07 16:00:00,4123.25,4168.24,96.86
2025-09-07 17:00:00,4170.71,4284.42,83.32
2025-09-07 18:00:00,4216.53,4340.01,34.6
2025-09-07 19:00:00,4229.82,4329.1,9.27
2025-09-07 20:00:00,4117.48,4173.33,2.85
2025-09-07 21:00:00,3946.56,3948.1,0.46
2025-09-07 22:00:00,3777.01,3760.87,0.13
2025-09-07 23:00:00,3590.1,3605.55,0.05
2025-09-08 00:00:00,3386.31,3389.69,0.0
2025-09-08 01:00:00,3253.04,3269.6,0.0
2025-09-08 02:00:00,3174.66,3194.88,0.0
2025-09-08 03:00:00,3129.82,3154.76,0.0
2025-09-08 04:00:00,3148.29,3157.59,0.0
2025-09-08 05:00:00,3255.94,3230.26,0.01
2025-09-08 06:00:00,3484.11,3433.06,5.4
2025-09-08 07:00:00,3862.61,3825.9,43.89
2025-09-08 08:00:00,4302.08,4322.28,66.47
2025-09-08 09:00:00,4550.84,4600.36,71.77
2025-09-08 10:00:00,4634.42,4672.04,73.63
2025-09-08 11:00:00,4622.72,4583.78,56.22
2025-09-08 12:00:00,4534.6,4529.33,42.78
2025-09-08 13:00:00,4755.14,4694.68,56.98
2025-09-08 14:00:00,4839.78,4793.53,92.04
2025-09-08 15:00:00,4894.44,4869.51,128.99
2025-09-08 16:00:00,4970.6,4966.47,135.94
2025-09-08 17:00:00,4839.74,4936.51,73.24
2025-09-08 18:00:00,4734.67,4800.5,14.24
2025-09-08 19:00:00,4663.65,4657.17,2.95
2025-09-08 20:00:00,4457.84,4436.62,1.11
2025-09-08 21:00:00,4239.87,4198.0,0.28
2025-09-08 22:00:00,4087.4,4012.81,0.0
2025-09-08 23:00:00,3904.55,3821.49,0.0
2025-09-09 00:00:00,3653.02,3592.02,0.0
2025-09-09 01:00:00,3517.33,3471.44,0.0
2025-09-09 02:00:00,3430.35,3389.91,0.0
2025-09-09 03:00:00,3382.38,3354.94,0.0
2025-09-09 04:00:00,3378.63,3372.61,0.0
2025-09-09 05:00:00,3460.25,3444.78,0.01
2025-09-09 06:00:00,3652.8,3646.33,0.99
2025-09-09 07:00:00,3993.73,3973.46,14.38
2025-09-09 08:00:00,4377.6,4379.35,36.71
2025-09-09 09:00:00,4588.43,4587.26,61.47
2025-09-09 10:00:00,4669.5,4668.08,55.15
2025-09-09 11:00:00,4631.68,4627.35,52.42
2025-09-09 12:00:00,4482.3,4587.56,60.83
2025-09-09 13:00:00,4618.73,4722.93,52.46
2025-09-09 14:00:00,4671.18,4746.33,48.05
2025-09-09 15:00:00,4627.44,4782.06,32.02
2025-09-09 16:00:00,4687.83,4793.39,93.97
2025-09-09 17:00:00,4580.63,4708.45,40.1
2025-09-09 18:00:00,4537.2,4611.96,5.21
2025-09-09 19:00:00,4487.17,4504.27,0.95
2025-09-09 20:00:00,4302.6,4333.24,0.21
2025-09-09 21:00:00,4112.23,4126.91,0.01
2025-09-09 22:00:00,3977.91,3977.26,0.0
2025-09-09 23:00:00,3810.12,3795.37,0.0
2025-09-10 00:00:00,3578.97,3558.66,0.0
2025-09-10 01:00:00,3442.53,3452.88,0.0
2025-09-10 02:00:00,3361.2,3372.82,0.0
2025-09-10 03:00:00,3324.21,3342.66,0.0
2025-09-10 04:00:00,3323.86,3364.53,0.0
2025-09-10 05:00:00,3401.84,3424.41,0.0
2025-09-10 06:00:00,3580.45,3614.56,2.35
2025-09-10 07:00:00,3870.33,3894.28,30.72
2025-09-10 08:00:00,4161.32,4202.88,78.25
2025-09-10 09:00:00,4293.23,4319.09,135.13
2025-09-10 10:00:00,4329.9,4332.07,189.93
2025-09-10 11:00:00,4287.77,4271.29,222.42
2025-09-10 12:00:00,4181.92,4257.82,232.3
2025-09-10 13:00:00,4397.98,4425.56,234.97
2025-09-10 14:00:00,4500.69,4549.0,240.26
2025-09-10 15:00:00,4603.23,4643.06,240.41
2025-09-10 16:00:00,4743.17,4737.14,209.73
2025-09-10 17:00:00,4740.84,4749.03,142.3
2025-09-10 18:00:00,4705.31,4740.52,87.26
2025-09-10 19:00:00,4640.42,4669.72,67.68
2025-09-10 20:00:00,4433.01,4472.9,48.72
2025-09-10 21:00:00,4200.54,4197.87,18.14
2025-09-10 22:00:00,4029.92,4035.57,1.4
2025-09-10 23:00:00,3845.11,3829.82,0.13
2025-09-11 00:00:00,3606.4,3586.27,0.02
2025-09-11 01:00:00,3473.29,3465.26,0.0
2025-09-11 02:00:00,3393.0,3379.57,0.0
2025-09-11 03:00:00,3339.39,3311.92,0.0
2025-09-11 04:00:00,3338.12,3307.64,0.0
2025-09-11 05:00:00,3412.01,3362.26,0.01
2025-09-11 06:00:00,3587.51,3546.31,5.19
2025-09-11 07:00:00,3825.31,3851.06,47.33
2025-09-11 08:00:00,4063.41,4159.75,117.76
2025-09-11 09:00:00,4196.74,4258.04,195.22
2025-09-11 10:00:00,4253.52,4275.12,242.25
2025-09-11 11:00:00,4214.58,4203.13,265.13
2025-09-11 12:00:00,4157.44,4194.56,300.39
2025-09-11 13:00:00,4418.05,4393.61,314.78
2025-09-11 14:00:00,4558.17,4513.56,282.97
2025-09-11 15:00:00,4651.58,4624.27,235.78
2025-09-11 16:00:00,4784.39,4730.35,181.0
2025-09-11 17:00:00,4810.76,4745.2,121.66
2025-09-11 18:00:00,4770.87,4762.97,85.01
2025-09-11 19:00:00,4702.85,4703.32,67.43
2025-09-11 20:00:00,4483.33,4512.22,41.72
2025-09-11 21:00:00,4238.51,4267.79,15.77
2025-09-11 22:00:00,4062.29,4106.25,1.85
2025-09-11 23:00:00,3880.91,3909.95,0.31
2025-09-12 00:00:00,3634.7,3659.13,0.03
2025-09-12 01:00:00,3505.27,3530.09,0.0
2025-09-12 02:00:00,3414.19,3471.85,0.0
2025-09-12 03:00:00,3365.65,3448.59,0.0
2025-09-12 04:00:00,3362.76,3449.02,0.0
2025-09-12 05:00:00,3439.18,3498.61,0.0
2025-09-12 06:00:00,3618.21,3673.06,1.44
2025-09-12 07:00:00,3910.28,3959.94,18.37
2025-09-12 08:00:00,4264.37,4251.23,58.48
2025-09-12 09:00:00,4411.33,4407.15,87.98
2025-09-12 10:00:00,4499.28,4433.4,88.38
2025-09-12 11:00:00,4554.19,4407.66,102.03
2025-09-12 12:00:00,4484.86,4490.93,91.74
2025-09-12 13:00:00,4644.46,4690.71,85.92
2025-09-12 14:00:00,4664.69,4778.72,79.26
2025-09-12 15:00:00,4662.37,4811.8,65.1
2025-09-12 16:00:00,4738.13,4834.31,105.48
2025-09-12 17:00:00,4627.52,4774.78,86.53
2025-09-12 18:00:00,4519.85,4688.06,35.59
2025-09-12 19:00:00,4432.13,4528.86,6.63
2025-09-12 20:00:00,4268.42,4315.68,1.58
2025-09-12 21:00:00,4090.22,4112.58,0.45
2025-09-12 22:00:00,3975.04,3987.08,0.08
2025-09-12 23:00:00,3820.79,3825.93,0.05
2025-09-13 00:00:00,3591.55,3590.9,0.0
2025-09-13 01:00:00,3465.27,3467.28,0.0
2025-09-13 02:00:00,3376.15,3379.06,0.0
2025-09-13 03:00:00,3326.63,3337.9,0.0
2025-09-13 04:00:00,3303.83,3351.9,0.0
2025-09-13 05:00:00,3334.88,3395.42,0.0
2025-09-13 06:00:00,3408.9,3459.88,0.03
2025-09-13 07:00:00,3549.45,3566.86,2.75
2025-09-13 08:00:00,3710.04,3740.85,19.27
2025-09-13 09:00:00,3853.32,3890.82,45.86
2025-09-13 10:00:00,3894.64,3980.79,92.89
2025-09-13 11:00:00,3869.46,3940.12,129.52
2025-09-13 12:00:00,3784.24,3859.35,129.26
2025-09-13 13:00:00,3866.34,3905.2,152.37
2025-09-13 14:00:00,3912.88,3939.81,172.88
2025-09-13 15:00:00,3967.77,3976.03,165.61
2025-09-13 16:00:00,4038.22,4057.72,157.92
2025-09-13 17:00:00,4064.7,4088.12,110.28
2025-09-13 18:00:00,4111.7,4107.92,65.17
2025-09-13 19:00:00,4087.1,4085.04,42.64
2025-09-13 20:00:00,3944.95,3982.12,12.12
2025-09-13 21:00:00,3785.09,3805.96,0.94
2025-09-13 22:00:00,3681.87,3690.4,0.1
2025-09-13 23:00:00,3535.8,3549.56,0.0
2025-09-14 00:00:00,3333.79,3325.44,0.0
2025-09-14 01:00:00,3198.04,3185.22,0.0
2025-09-14 02:00:00,3109.9,3099.23,0.0
2025-09-14 03:00:00,3052.47,3051.68,0.0
2025-09-14 04:00:00,3035.16,3022.26,0.0
2025-09-14 05:00:00,3066.34,3022.83,0.01
2025-09-14 06:00:00,3105.44,3085.3,5.06
2025-09-14 07:00:00,3171.19,3142.87,42.87
2025-09-14 08:00:00,3230.68,3199.09,103.06
2025-09-14 09:00:00,3314.8,3275.15,147.64
2025-09-14 10:00:00,3406.83,3360.98,189.23
2025-09-14 11:00:00,3395.81,3415.66,207.35
2025-09-14 12:00:00,3423.7,3415.5,200.16
2025-09-14 13:00:00,3445.11,3538.63,145.15
2025-09-14 14:00:00,3534.68,3543.67,135.68
2025-09-14 15:00:00,3636.35,3600.22,109.85
2025-09-14 16:00:00,3804.16,3714.26,120.09
2025-09-14 17:00:00,3962.51,3827.33,96.22
2025-09-14 18:00:00,4076.93,3914.28,81.65
2025-09-14 19:00:00,4083.33,3988.97,59.77
2025-09-14 20:00:00,3947.59,3921.87,17.99
2025-09-14 21:00:00,3774.63,3730.66,2.83
2025-09-14 22:00:00,3627.25,3596.24,0.66
2025-09-14 23:00:00,3463.16,3461.77,0.15
2025-09-15 00:00:00,3284.81,3246.82,0.03
2025-09-15 01:00:00,3163.29,3142.12,0.0
2025-09-15 02:00:00,3097.2,3062.59,0.0
2025-09-15 03:00:00,3064.25,3020.81,0.0
2025-09-15 04:00:00,3078.79,3022.37,0.0
2025-09-15 05:00:00,3189.33,3154.2,0.01
2025-09-15 06:00:00,3413.23,3408.18,2.86
2025-09-15 07:00:00,3773.28,3774.29,25.72
2025-09-15 08:00:00,4156.95,4167.83,47.16
2025-09-15 09:00:00,4353.72,4352.84,49.14
2025-09-15 10:00:00,4425.71,4389.86,37.44
2025-09-15 11:00:00,4419.68,4342.97,35.68
2025-09-15 12:00:00,4393.06,4316.83,59.61
2025-09-15 13:00:00,4604.56,4540.53,77.19
2025-09-15 14:00:00,4697.41,4657.04,78.38
2025-09-15 15:00:00,4822.91,4721.04,136.35
2025-09-15 16:00:00,4931.18,4838.9,180.45
2025-09-15 17:00:00,4851.14,4838.04,109.07
2025-09-15 18:00:00,4748.23,4763.35,16.6
2025-09-15 19:00:00,4666.48,4656.8,1.86
2025-09-15 20:00:00,4474.03,4440.9,0.5
2025-09-15 21:00:00,4260.1,4216.52,0.07
2025-09-15 22:00:00,4099.92,4065.27,0.0
2025-09-15 23:00:00,3904.43,3888.04,0.0
2025-09-16 00:00:00,3666.12,3623.58,0.0
2025-09-16 01:00:00,3531.06,3494.12,0.0
2025-09-16 02:00:00,3450.55,3396.28,0.0
2025-09-16 03:00:00,3411.88,3342.79,0.0
2025-09-16 04:00:00,3416.26,3344.52,0.0
2025-09-16 05:00:00,3500.37,3418.7,0.01
2025-09-16 06:00:00,3704.27,3655.87,2.14
2025-09-16 07:00:00,4030.37,3992.87,33.12
2025-09-16 08:00:00,4382.65,4379.51,88.57
2025-09-16 09:00:00,4574.55,4562.91,153.61
2025-09-16 10:00:00,4664.64,4628.87,190.02
2025-09-16 11:00:00,4679.4,4576.74,216.38
2025-09-16 12:00:00,4643.1,4583.8,245.25
2025-09-16 13:00:00,4900.58,4775.72,284.09
2025-09-16 14:00:00,4998.34,4893.68,276.52
2025-09-16 15:00:00,4987.24,4997.41,227.73
2025-09-16 16:00:00,5013.9,5049.51,195.11
2025-09-16 17:00:00,4977.9,4939.79,133.43
2025-09-16 18:00:00,4937.3,4877.13,88.85
2025-09-16 19:00:00,4848.02,4804.1,72.58
2025-09-16 20:00:00,4619.02,4618.84,48.47
2025-09-16 21:00:00,4369.48,4379.28,17.04
2025-09-16 22:00:00,4192.26,4182.27,1.55
2025-09-16 23:00:00,3987.6,3973.21,0.23
2025-09-17 00:00:00,3730.14,3706.65,0.02
2025-09-17 01:00:00,3592.94,3571.41,0.0
2025-09-17 02:00:00,3513.4,3479.27,0.0
2025-09-17 03:00:00,3461.57,3430.34,0.0
2025-09-17 04:00:00,3466.48,3416.68,0.0
2025-09-17 05:00:00,3547.41,3504.06,0.01
2025-09-17 06:00:00,3752.63,3727.56,4.84
2025-09-17 07:00:00,4084.97,4064.19,39.25
2025-09-17 08:00:00,4473.53,4441.78,89.36
2025-09-17 09:00:00,4752.9,4682.03,128.74
2025-09-17 10:00:00,4892.99,4836.19,149.06
2025-09-17 11:00:00,4892.46,4838.65,151.36
2025-09-17 12:00:00,4759.36,4826.23,121.87
2025-09-17 13:00:00,4890.16,4973.56,56.88
2025-09-17 14:00:00,4899.42,5001.46,29.38
2025-09-17 15:00:00,4873.62,4989.74,80.28
2025-09-17 16:00:00,4885.17,4973.61,141.82
2025-09-17 17:00:00,4762.54,4855.77,105.07
2025-09-17 18:00:00,4708.17,4736.36,59.3
2025-09-17 19:00:00,4600.97,4605.04,17.15
2025-09-17 20:00:00,4403.78,4386.7,3.38
2025-09-17 21:00:00,4207.93,4173.98,1.29
2025-09-17 22:00:00,4063.81,4020.25,0.77
2025-09-17 23:00:00,3875.51,3858.4,0.05
2025-09-18 00:00:00,3637.32,3636.29,0.0
2025-09-18 01:00:00,3502.9,3496.01,0.0
2025-09-18 02:00:00,3422.04,3378.96,0.0
2025-09-18 03:00:00,3379.15,3319.12,0.0
2025-09-18 04:00:00,3377.25,3328.14,0.0
2025-09-18 05:00:00,3455.35,3412.97,0.01
2025-09-18 06:00:00,3638.8,3594.11,2.7
2025-09-18 07:00:00,3941.77,3904.93,23.66
2025-09-18 08:00:00,4311.44,4250.82,45.24
2025-09-18 09:00:00,4511.05,4488.42,59.63
2025-09-18 10:00:00,4526.64,4554.15,97.09
2025-09-18 11:00:00,4389.4,4424.66,165.45
2025-09-18 12:00:00,4188.75,4257.66,187.58
2025-09-18 13:00:00,4342.4,4259.42,200.06
2025-09-18 14:00:00,4403.01,4308.13,193.31
2025-09-18 15:00:00,4502.11,4357.39,208.72
2025-09-18 16:00:00,4583.9,4429.33,185.58
2025-09-18 17:00:00,4565.65,4463.52,130.39
2025-09-18 18:00:00,4540.73,4451.87,86.25
2025-09-18 19:00:00,4457.55,4393.63,68.99
2025-09-18 20:00:00,4252.98,4219.39,36.29
2025-09-18 21:00:00,4022.14,4012.9,5.39
2025-09-18 22:00:00,3890.02,3848.4,0.83
2025-09-18 23:00:00,3729.81,3701.88,0.03
2025-09-19 00:00:00,3514.67,3508.49,0.0
2025-09-19 01:00:00,3389.37,3376.7,0.0
2025-09-19 02:00:00,3307.99,3300.86,0.0
2025-09-19 03:00:00,3260.03,3225.52,0.0
2025-09-19 04:00:00,3263.6,3213.45,0.0
2025-09-19 05:00:00,3345.22,3263.26,0.0
2025-09-19 06:00:00,3513.72,3381.9,1.18
2025-09-19 07:00:00,3784.09,3629.22,20.54
2025-09-19 08:00:00,4100.71,3962.71,66.65
2025-09-19 09:00:00,4245.01,4184.91,94.7
2025-09-19 10:00:00,4264.13,4229.11,119.65
2025-09-19 11:00:00,4200.26,4160.04,154.36
2025-09-19 12:00:00,4141.92,4133.55,180.99
2025-09-19 13:00:00,4341.03,4355.09,161.34
2025-09-19 14:00:00,4412.44,4450.54,127.07
2025-09-19 15:00:00,4393.95,4527.06,65.81
2025-09-19 16:00:00,4443.7,4538.09,102.58
2025-09-19 17:00:00,4379.08,4449.18,97.29
2025-09-19 18:00:00,4341.87,4350.19,79.42
2025-09-19 19:00:00,4250.94,4252.42,52.79
2025-09-19 20:00:00,4061.58,4083.82,12.63
2025-09-19 21:00:00,3893.04,3903.85,2.57
2025-09-19 22:00:00,3798.99,3795.56,0.41
2025-09-19 23:00:00,3658.59,3667.52,0.03
2025-09-20 00:00:00,3455.74,3469.45,0.0
2025-09-20 01:00:00,3338.63,3340.67,0.0
2025-09-20 02:00:00,3254.83,3246.14,0.0
2025-09-20 03:00:00,3204.39,3204.16,0.0
2025-09-20 04:00:00,3186.55,3186.42,0.0
2025-09-20 05:00:00,3219.69,3193.43,0.01
2025-09-20 06:00:00,3282.23,3245.63,0.16
2025-09-20 07:00:00,3395.63,3344.75,11.69
2025-09-20 08:00:00,3512.52,3490.52,43.04
2025-09-20 09:00:00,3581.96,3609.26,82.76
2025-09-20 10:00:00,3596.73,3626.85,99.08
2025-09-20 11:00:00,3603.13,3584.81,121.19
2025-09-20 12:00:00,3540.11,3559.67,166.55
2025-09-20 13:00:00,3529.49,3608.86,164.88
2025-09-20 14:00:00,3552.56,3580.46,155.28
2025-09-20 15:00:00,3609.98,3582.63,172.59
2025-09-20 16:00:00,3685.08,3671.97,165.04
2025-09-20 17:00:00,3767.29,3767.81,127.6
2025-09-20 18:00:00,3842.5,3843.32,81.9
2025-09-20 19:00:00,3832.93,3840.27,57.21
2025-09-20 20:00:00,3729.18,3739.41,32.3
2025-09-20 21:00:00,3580.94,3600.42,9.82
2025-09-20 22:00:00,3492.81,3499.41,0.31
2025-09-20 23:00:00,3371.66,3365.34,0.01
2025-09-21 00:00:00,3175.99,3178.55,0.0
2025-09-21 01:00:00,3050.28,3040.58,0.0
2025-09-21 02:00:00,2963.65,2967.39,0.0
2025-09-21 03:00:00,2910.66,2914.34,0.0
2025-09-21 04:00:00,2906.97,2912.98,0.0
2025-09-21 05:00:00,2935.84,2949.52,0.01
2025-09-21 06:00:00,2970.67,2965.24,3.68
2025-09-21 07:00:00,2989.31,3003.89,47.54
2025-09-21 08:00:00,2946.88,2996.31,107.9
2025-09-21 09:00:00,2956.13,2973.51,225.25
2025-09-21 10:00:00,2938.31,3006.52,232.02
2025-09-21 11:00:00,2925.75,3000.63,250.4
2025-09-21 12:00:00,2969.65,3004.25,270.75
2025-09-21 13:00:00,3080.31,3156.22,273.02
2025-09-21 14:00:00,3144.23,3243.75,262.6
2025-09-21 15:00:00,3222.51,3327.38,199.87
2025-09-21 16:00:00,3376.26,3468.66,109.77
2025-09-21 17:00:00,3618.36,3644.38,103.06
2025-09-21 18:00:00,3762.01,3765.79,84.23
2025-09-21 19:00:00,3775.41,3761.18,76.73
2025-09-21 20:00:00,3678.74,3626.68,54.64
2025-09-21 21:00:00,3524.38,3465.77,24.48
2025-09-21 22:00:00,3388.11,3323.61,4.86
2025-09-21 23:00:00,3250.4,3170.64,0.3
2025-09-22 00:00:00,3084.94,2981.35,0.03
2025-09-22 01:00:00,2974.9,2889.05,0.0
2025-09-22 02:00:00,2911.82,2853.53,0.0
2025-09-22 03:00:00,2876.5,2823.96,0.0
2025-09-22 04:00:00,2902.12,2859.69,0.0
2025-09-22 05:00:00,3010.87,2964.19,0.01
2025-09-22 06:00:00,3228.34,3138.46,4.27
2025-09-22 07:00:00,3522.99,3411.46,50.05
2025-09-22 08:00:00,3825.63,3725.43,143.99
2025-09-22 09:00:00,3987.1,3901.64,249.7
2025-09-22 10:00:00,3992.23,3892.65,234.86
2025-09-22 11:00:00,3996.63,3854.15,244.97
2025-09-22 12:00:00,3903.62,3908.8,228.72
2025-09-22 13:00:00,4123.34,4039.86,222.72
2025-09-22 14:00:00,4231.4,4177.53,177.42
2025-09-22 15:00:00,4285.21,4260.52,147.6
2025-09-22 16:00:00,4320.09,4362.68,95.74
2025-09-22 17:00:00,4326.84,4358.83,113.39
2025-09-22 18:00:00,4348.6,4334.88,87.36
2025-09-22 19:00:00,4280.28,4273.04,78.15
2025-09-22 20:00:00,4103.65,4118.01,58.39
2025-09-22 21:00:00,3898.27,3954.39,25.29
2025-09-22 22:00:00,3768.42,3816.36,3.78
2025-09-22 23:00:00,3610.07,3673.23,0.28
2025-09-23 00:00:00,3390.26,3478.08,0.03
2025-09-23 01:00:00,3272.09,3329.43,0.0
2025-09-23 02:00:00,3207.73,3211.36,0.0
2025-09-23 03:00:00,3174.66,3147.16,0.0
2025-09-23 04:00:00,3178.93,3148.62,0.0
2025-09-23 05:00:00,3269.67,3182.25,0.01
2025-09-23 06:00:00,3448.34,3317.05,1.32
2025-09-23 07:00:00,3698.34,3561.41,29.33
2025-09-23 08:00:00,3971.21,3914.71,103.42
2025-09-23 09:00:00,4040.68,4056.18,196.79
2025-09-23 10:00:00,3938.95,4016.08,221.58
2025-09-23 11:00:00,3828.38,3845.1,253.16
2025-09-23 12:00:00,3660.95,3813.43,236.32
2025-09-23 13:00:00,3920.55,3866.79,281.61
2025-09-23 14:00:00,4079.35,3967.6,295.03
2025-09-23 15:00:00,4219.85,4071.38,250.72
2025-09-23 16:00:00,4345.27,4254.02,168.18
2025-09-23 17:00:00,4381.48,4350.96,120.41
2025-09-23 18:00:00,4402.89,4378.89,85.89
2025-09-23 19:00:00,4328.75,4311.8,78.88
2025-09-23 20:00:00,4159.03,4124.53,60.73
2025-09-23 21:00:00,3952.97,3890.33,27.87
2025-09-23 22:00:00,3819.48,3741.68,6.47
2025-09-23 23:00:00,3659.06,3625.53,0.32
2025-09-24 00:00:00,3438.05,3407.45,0.02
2025-09-24 01:00:00,3325.26,3294.57,0.02
2025-09-24 02:00:00,3257.45,3220.83,0.02
2025-09-24 03:00:00,3214.15,3178.67,0.02
2025-09-24 04:00:00,3219.97,3193.95,0.0
2025-09-24 05:00:00,3299.5,3265.24,0.0
2025-09-24 06:00:00,3480.45,3502.63,3.0
2025-09-24 07:00:00,3737.43,3772.52,36.27
2025-09-24 08:00:00,4031.95,4065.81,89.6
2025-09-24 09:00:00,4266.49,4167.14,129.86
2025-09-24 10:00:00,4360.97,4271.48,124.32
2025-09-24 11:00:00,4349.36,4306.8,126.45
2025-09-24 12:00:00,4284.99,4320.88,114.25
2025-09-24 13:00:00,4508.32,4521.51,99.15
2025-09-24 14:00:00,4572.55,4606.63,77.1
2025-09-24 15:00:00,4594.52,4637.59,61.96
2025-09-24 16:00:00,4626.6,4667.56,59.58
2025-09-24 17:00:00,4585.63,4611.42,89.54
2025-09-24 18:00:00,4551.78,4546.12,62.33
2025-09-24 19:00:00,4441.63,4454.42,27.79
2025-09-24 20:00:00,4246.53,4266.8,6.07
2025-09-24 21:00:00,4058.93,4068.99,0.97
2025-09-24 22:00:00,3941.06,3976.58,0.09
2025-09-24 23:00:00,3781.56,3855.73,0.0
2025-09-25 00:00:00,3558.02,3619.36,0.0
2025-09-25 01:00:00,3427.7,3487.03,0.01
2025-09-25 02:00:00,3358.06,3381.52,0.03
2025-09-25 03:00:00,3304.08,3333.08,0.02
2025-09-25 04:00:00,3311.98,3328.75,0.01
2025-09-25 05:00:00,3398.93,3390.39,0.04
2025-09-25 06:00:00,3590.1,3575.02,0.17
2025-09-25 07:00:00,3918.98,3861.61,6.06
2025-09-25 08:00:00,4265.69,4207.13,15.48
2025-09-25 09:00:00,4464.2,4402.62,25.36
2025-09-25 10:00:00,4513.99,4482.71,29.91
2025-09-25 11:00:00,4436.93,4421.43,34.23
2025-09-25 12:00:00,4297.12,4373.67,45.41
2025-09-25 13:00:00,4454.55,4481.35,54.33
2025-09-25 14:00:00,4518.18,4503.95,70.45
2025-09-25 15:00:00,4499.72,4516.28,67.7
2025-09-25 16:00:00,4550.94,4533.32,63.68
2025-09-25 17:00:00,4539.92,4507.96,72.23
2025-09-25 18:00:00,4504.35,4499.52,13.28
2025-09-25 19:00:00,4407.55,4411.15,0.75
2025-09-25 20:00:00,4216.57,4212.67,0.12
2025-09-25 21:00:00,4028.53,3997.79,0.0
2025-09-25 22:00:00,3915.63,3877.04,0.0
2025-09-25 23:00:00,3764.12,3739.0,0.0
2025-09-26 00:00:00,3537.82,3537.13,0.0
2025-09-26 01:00:00,3410.26,3405.54,0.0
2025-09-26 02:00:00,3332.63,3337.78,0.0
2025-09-26 03:00:00,3293.62,3282.93,0.0
2025-09-26 04:00:00,3291.94,3308.94,0.0
2025-09-26 05:00:00,3366.4,3400.77,0.0
2025-09-26 06:00:00,3532.41,3563.18,1.57
2025-09-26 07:00:00,3759.54,3768.26,29.99
2025-09-26 08:00:00,3998.95,4006.57,86.15
2025-09-26 09:00:00,4087.52,4102.57,160.18
2025-09-26 10:00:00,3997.31,4082.94,157.69
2025-09-26 11:00:00,3876.75,3935.29,155.62
2025-09-26 12:00:00,3763.48,3827.45,138.62
2025-09-26 13:00:00,3972.93,3989.84,121.42
2025-09-26 14:00:00,4100.91,4146.33,100.38
2025-09-26 15:00:00,4200.02,4231.56,82.73
2025-09-26 16:00:00,4344.63,4331.21,69.02
2025-09-26 17:00:00,4380.41,4401.17,91.58
2025-09-26 18:00:00,4386.17,4404.59,77.95
2025-09-26 19:00:00,4267.99,4326.09,39.82
2025-09-26 20:00:00,4091.85,4118.73,11.73
2025-09-26 21:00:00,3918.39,3907.13,2.36
2025-09-26 22:00:00,3813.83,3797.28,0.59
2025-09-26 23:00:00,3666.47,3670.67,0.47
2025-09-27 00:00:00,3445.29,3453.86,0.05
2025-09-27 01:00:00,3319.88,3324.32,0.0
2025-09-27 02:00:00,3233.24,3241.94,0.0
2025-09-27 03:00:00,3172.18,3187.58,0.0
2025-09-27 04:00:00,3151.29,3173.83,0.0
2025-09-27 05:00:00,3178.24,3207.42,0.0
2025-09-27 06:00:00,3232.94,3248.27,0.74
2025-09-27 07:00:00,3254.9,3282.98,17.32
2025-09-27 08:00:00,3217.04,3338.49,53.57
2025-09-27 09:00:00,3186.16,3300.5,81.27
2025-09-27 10:00:00,3206.8,3264.1,86.97
2025-09-27 11:00:00,3241.68,3230.44,113.19
2025-09-27 12:00:00,3255.47,3248.88,114.52
2025-09-27 13:00:00,3427.22,3373.56,120.67
2025-09-27 14:00:00,3541.76,3480.85,99.58
2025-09-27 15:00:00,3631.3,3601.59,69.13
2025-09-27 16:00:00,3720.1,3728.73,58.43
2025-09-27 17:00:00,3808.66,3815.96,90.71
2025-09-27 18:00:00,3872.12,3875.63,52.13
2025-09-27 19:00:00,3810.83,3868.08,10.17
2025-09-27 20:00:00,3712.42,3748.4,2.9
2025-09-27 21:00:00,3600.31,3630.1,1.14
2025-09-27 22:00:00,3526.72,3557.01,0.45
2025-09-27 23:00:00,3415.27,3451.02,0.1
2025-09-28 00:00:00,3218.77,3262.5,0.02
2025-09-28 01:00:00,3093.45,3101.1,0.0
2025-09-28 02:00:00,3013.98,3003.6,0.0
2025-09-28 03:00:00,2962.96,2956.28,0.0
2025-09-28 04:00:00,2940.62,2939.55,0.0
2025-09-28 05:00:00,2969.82,2960.1,0.0
2025-09-28 06:00:00,3020.57,2959.74,0.36
2025-09-28 07:00:00,3097.84,2971.81,7.33
2025-09-28 08:00:00,3214.59,3059.43,25.56
2025-09-28 09:00:00,3356.47,3198.36,41.15
2025-09-28 10:00:00,3468.58,3333.57,75.52
2025-09-28 11:00:00,3479.84,3430.97,101.67
2025-09-28 12:00:00,3435.64,3476.28,92.44
2025-09-28 13:00:00,3418.08,3558.12,77.72
2025-09-28 14:00:00,3416.39,3477.93,63.73
2025-09-28 15:00:00,3456.41,3531.36,51.46
2025-09-28 16:00:00,3529.95,3710.9,54.41
2025-09-28 17:00:00,3660.78,3759.08,81.29
2025-09-28 18:00:00,3750.67,3825.93,46.69
2025-09-28 19:00:00,3718.19,3807.5,12.82
2025-09-28 20:00:00,3620.04,3682.92,1.54
2025-09-28 21:00:00,3509.82,3532.34,0.17
2025-09-28 22:00:00,3401.72,3444.38,0.0
2025-09-28 23:00:00,3271.68,3329.28,0.0
2025-09-29 00:00:00,3101.42,3111.94,0.0
2025-09-29 01:00:00,2989.16,2992.32,0.0
2025-09-29 02:00:00,2924.63,2912.72,0.0
2025-09-29 03:00:00,2898.31,2866.36,0.0
2025-09-29 04:00:00,2931.21,2893.1,0.0
2025-09-29 05:00:00,3036.73,2988.2,0.01
2025-09-29 06:00:00,3249.44,3202.76,1.36
2025-09-29 07:00:00,3566.24,3527.39,26.46
2025-09-29 08:00:00,3877.67,3908.56,77.41
2025-09-29 09:00:00,3999.13,4042.37,146.12
2025-09-29 10:00:00,3945.02,4022.62,183.84
2025-09-29 11:00:00,3889.39,3867.64,224.42
2025-09-29 12:00:00,3767.92,3829.5,224.21
2025-09-29 13:00:00,3967.53,3996.8,197.64
2025-09-29 14:00:00,4028.8,4092.67,148.26
2025-09-29 15:00:00,4098.53,4150.55,121.31
2025-09-29 16:00:00,4234.24,4236.93,95.19
2025-09-29 17:00:00,4301.44,4254.33,107.96
2025-09-29 18:00:00,4336.72,4251.05,85.7
2025-09-29 19:00:00,4246.12,4226.42,78.67
2025-09-29 20:00:00,4065.46,4050.56,52.63
2025-09-29 21:00:00,3862.72,3851.38,14.45
2025-09-29 22:00:00,3749.43,3759.3,1.23
2025-09-29 23:00:00,3594.12,3635.24,0.21
2025-09-30 00:00:00,3387.02,3418.64,0.02
2025-09-30 01:00:00,3269.14,3274.95,0.0
2025-09-30 02:00:00,3203.4,3208.55,0.0
2025-09-30 03:00:00,3160.7,3177.19,0.0
2025-09-30 04:00:00,3162.66,3181.1,0.0
2025-09-30 05:00:00,3248.49,3236.15,0.01
2025-09-30 06:00:00,3413.49,3397.47,1.78
2025-09-30 07:00:00,3651.09,3620.27,37.15
2025-09-30 08:00:00,3897.75,3866.29,97.67
2025-09-30 09:00:00,3997.73,3958.07,147.32
2025-09-30 10:00:00,4004.58,3948.45,144.88
2025-09-30 11:00:00,3918.18,3865.67,170.85
2025-09-30 12:00:00,3754.92,3832.96,143.97
2025-09-30 13:00:00,3918.66,3931.76,159.97
2025-09-30 14:00:00,4041.27,4013.53,200.21
2025-09-30 15:00:00,4172.32,4116.21,190.54
2025-09-30 16:00:00,4274.02,4282.5,147.67
2025-09-30 17:00:00,4283.33,4333.14,113.74
2025-09-30 18:00:00,4324.31,4331.04,85.35
2025-09-30 19:00:00,4240.48,4281.19,76.09
2025-09-30 20:00:00,4062.56,4117.5,44.42
2025-09-30 21:00:00,3851.71,3942.48,12.9
2025-09-30 22:00:00,3743.7,3825.16,0.93
2025-09-30 23:00:00,3604.04,3680.67,0.14
2025-10-01 00:00:00,3594.1,3437.38,0.02
2025-10-01 01:00:00,3457.74,3434.37,0.0
2025-10-01 02:00:00,3390.15,3375.43,0.0
2025-10-01 03:00:00,3358.01,3343.04,0.0
2025-10-01 04:00:00,3363.4,3334.84,0.0
2025-10-01 05:00:00,3443.61,3411.71,0.01
2025-10-01 06:00:00,3616.92,3616.73,1.78
2025-10-01 07:00:00,3850.81,3864.54,48.33
2025-10-01 08:00:00,4086.68,4093.17,144.08
2025-10-01 09:00:00,4154.8,4130.31,234.85
2025-10-01 10:00:00,4063.5,4046.27,239.53
2025-10-01 11:00:00,3948.79,3930.57,267.48
2025-10-01 12:00:00,3837.02,3882.69,284.63
2025-10-01 13:00:00,4092.55,4005.58,296.87
2025-10-01 14:00:00,4267.52,4158.4,286.59
2025-10-01 15:00:00,4399.13,4281.75,236.55
2025-10-01 16:00:00,4529.42,4409.29,151.29
2025-10-01 17:00:00,4547.26,4504.34,113.91
2025-10-01 18:00:00,4561.77,4515.79,85.87
2025-10-01 19:00:00,4467.07,4458.3,80.55
2025-10-01 20:00:00,4297.62,4264.65,61.71
2025-10-01 21:00:00,4095.12,4074.09,28.55
2025-10-01 22:00:00,3968.15,3958.38,6.87
2025-10-01 23:00:00,3810.49,3797.14,0.3
2025-10-02 00:00:00,3582.42,3572.72,0.03
2025-10-02 01:00:00,3452.84,3440.26,0.0
2025-10-02 02:00:00,3379.26,3370.23,0.0
2025-10-02 03:00:00,3342.16,3333.7,0.0
2025-10-02 04:00:00,3353.85,3340.87,0.0
2025-10-02 05:00:00,3431.91,3418.25,0.01
2025-10-02 06:00:00,3604.36,3586.73,0.73
2025-10-02 07:00:00,3874.52,3822.2,16.46
2025-10-02 08:00:00,4160.27,4112.23,38.47
2025-10-02 09:00:00,4264.88,4248.62,94.23
2025-10-02 10:00:00,4203.39,4238.76,83.8
2025-10-02 11:00:00,4045.95,4113.51,90.06
2025-10-02 12:00:00,3850.06,3965.72,100.3
2025-10-02 13:00:00,4067.51,4100.1,69.19
2025-10-02 14:00:00,4274.84,4241.09,37.7
2025-10-02 15:00:00,4323.72,4376.32,35.22
2025-10-02 16:00:00,4352.07,4474.97,24.02
2025-10-02 17:00:00,4354.88,4442.78,73.11
2025-10-02 18:00:00,4342.94,4409.62,22.29
2025-10-02 19:00:00,4254.16,4301.34,2.63
2025-10-02 20:00:00,4126.52,4120.31,0.81
2025-10-02 21:00:00,3977.74,3966.58,0.11
2025-10-02 22:00:00,3897.0,3885.82,0.0
2025-10-02 23:00:00,3756.01,3771.66,0.0
2025-10-03 00:00:00,3526.86,3558.47,0.0
2025-10-03 01:00:00,3392.97,3437.59,0.0
2025-10-03 02:00:00,3299.18,3351.23,0.0
2025-10-03 03:00:00,3237.22,3273.23,0.0
2025-10-03 04:00:00,3226.33,3250.88,0.0
2025-10-03 05:00:00,3262.26,3283.56,0.0
2025-10-03 06:00:00,3337.14,3418.93,0.0
2025-10-03 07:00:00,3467.23,3545.52,0.92
2025-10-03 08:00:00,3624.88,3630.69,6.92
2025-10-03 09:00:00,3724.1,3659.26,21.91
2025-10-03 10:00:00,3769.33,3700.79,27.59
2025-10-03 11:00:00,3743.41,3687.8,32.03
2025-10-03 12:00:00,3689.13,3678.02,31.13
2025-10-03 13:00:00,3754.34,3865.78,24.9
2025-10-03 14:00:00,3780.66,3945.45,15.89
2025-10-03 15:00:00,3787.57,3944.71,10.08
2025-10-03 16:00:00,3822.77,3978.14,12.53
2025-10-03 17:00:00,3857.15,3980.53,21.43
2025-10-03 18:00:00,3913.97,3946.68,0.51
2025-10-03 19:00:00,3887.69,3898.99,0.12
2025-10-03 20:00:00,3813.34,3775.92,0.03
2025-10-03 21:00:00,3695.83,3670.23,0.0
2025-10-03 22:00:00,3594.02,3636.43,0.0
2025-10-03 23:00:00,3476.17,3502.81,0.0
2025-10-04 00:00:00,3293.55,3290.09,0.0
2025-10-04 01:00:00,3162.53,3158.82,0.0
2025-10-04 02:00:00,3085.09,3067.49,0.0
2025-10-04 03:00:00,3032.13,3020.75,0.0
2025-10-04 04:00:00,3022.58,3011.54,0.0
2025-10-04 05:00:00,3058.52,3043.06,0.0
2025-10-04 06:00:00,3117.67,3096.74,0.2
2025-10-04 07:00:00,3196.65,3125.74,13.3
2025-10-04 08:00:00,3280.3,3213.31,55.57
2025-10-04 09:00:00,3372.46,3310.57,120.06
2025-10-04 10:00:00,3397.96,3367.58,128.71
2025-10-04 11:00:00,3393.42,3365.49,146.58
2025-10-04 12:00:00,3394.18,3328.86,160.75
2025-10-04 13:00:00,3404.43,3470.65,130.05
2025-10-04 14:00:00,3410.71,3503.62,120.1
2025-10-04 15:00:00,3451.14,3507.27,100.85
2025-10-04 16:00:00,3539.15,3586.09,83.8
2025-10-04 17:00:00,3681.66,3683.89,94.56
2025-10-04 18:00:00,3790.99,3772.31,80.84
2025-10-04 19:00:00,3742.06,3795.33,50.34
2025-10-04 20:00:00,3616.41,3671.47,10.27
2025-10-04 21:00:00,3502.15,3505.86,1.56
2025-10-04 22:00:00,3451.7,3470.96,0.2
2025-10-04 23:00:00,3329.78,3389.67,0.05
2025-10-05 00:00:00,3139.94,3229.91,0.0
2025-10-05 01:00:00,2994.54,3094.03,0.0
2025-10-05 02:00:00,2912.33,2965.76,0.0
2025-10-05 03:00:00,2856.43,2930.15,0.0
2025-10-05 04:00:00,2846.27,2932.34,0.0
2025-10-05 05:00:00,2871.92,2984.72,0.0
2025-10-05 06:00:00,2912.02,3023.62,0.18
2025-10-05 07:00:00,2963.72,3014.81,16.68
2025-10-05 08:00:00,3037.62,3055.04,68.79
2025-10-05 09:00:00,3089.8,3111.64,120.96
2025-10-05 10:00:00,3138.6,3147.69,156.3
2025-10-05 11:00:00,3121.74,3139.64,192.94
2025-10-05 12:00:00,3117.31,3126.29,214.65
2025-10-05 13:00:00,3186.27,3213.88,199.92
2025-10-05 14:00:00,3254.75,3262.82,174.98
2025-10-05 15:00:00,3316.29,3365.81,161.1
2025-10-05 16:00:00,3354.63,3510.65,91.33
2025-10-05 17:00:00,3482.75,3561.52,97.49
2025-10-05 18:00:00,3570.25,3619.44,85.14
2025-10-05 19:00:00,3535.41,3603.83,73.02
2025-10-05 20:00:00,3451.3,3485.72,46.64
2025-10-05 21:00:00,3335.26,3328.6,19.92
2025-10-05 22:00:00,3221.5,3242.56,4.24
2025-10-05 23:00:00,3099.18,3146.67,0.07
2025-10-06 00:00:00,2927.14,2958.35,0.0
2025-10-06 01:00:00,2803.11,2800.67,0.0
2025-10-06 02:00:00,2723.22,2683.55,0.0
2025-10-06 03:00:00,2684.65,2713.85,0.0
2025-10-06 04:00:00,2684.4,2752.07,0.0
2025-10-06 05:00:00,2729.16,2801.68,0.01
2025-10-06 06:00:00,2793.72,2844.86,0.71
2025-10-06 07:00:00,2889.57,2812.07,29.89
2025-10-06 08:00:00,2961.5,2849.94,91.24
2025-10-06 09:00:00,3010.37,2930.48,135.39
2025-10-06 10:00:00,3003.35,3000.78,138.84
2025-10-06 11:00:00,2983.18,2971.14,161.22
2025-10-06 12:00:00,2990.88,2948.53,154.1
2025-10-06 13:00:00,3028.47,3098.78,155.2
2025-10-06 14:00:00,3025.06,3167.85,95.29
2025-10-06 15:00:00,3043.88,3196.85,38.19
2025-10-06 16:00:00,3103.98,3270.77,34.62
2025-10-06 17:00:00,3232.86,3367.27,86.18
2025-10-06 18:00:00,3321.64,3457.83,80.56
2025-10-06 19:00:00,3309.65,3427.92,62.94
2025-10-06 20:00:00,3244.09,3325.95,32.15
2025-10-06 21:00:00,3164.27,3187.6,5.77
2025-10-06 22:00:00,3094.6,3124.97,0.33
2025-10-06 23:00:00,3038.55,3020.36,0.05
2025-10-07 00:00:00,2877.12,2882.33,0.0
2025-10-07 01:00:00,2768.58,2793.04,0.0
2025-10-07 02:00:00,2703.69,2735.32,0.0
2025-10-07 03:00:00,2668.79,2744.15,0.0
2025-10-07 04:00:00,2668.97,2790.36,0.0
2025-10-07 05:00:00,2712.26,2845.14,0.0
2025-10-07 06:00:00,2763.88,2869.75,0.44
2025-10-07 07:00:00,2855.45,2833.33,15.3
2025-10-07 08:00:00,2961.76,2843.55,67.67
2025-10-07 09:00:00,3048.01,2917.1,98.95
2025-10-07 10:00:00,3049.66,3016.09,85.17
2025-10-07 11:00:00,3058.38,3039.26,102.16
2025-10-07 12:00:00,3065.57,3052.25,103.6
2025-10-07 13:00:00,3088.7,3148.09,112.15
2025-10-07 14:00:00,3102.33,3190.53,100.99
2025-10-07 15:00:00,3148.82,3236.11,86.01
2025-10-07 16:00:00,3255.01,3331.14,65.84
2025-10-07 17:00:00,3406.11,3425.66,82.93
2025-10-07 18:00:00,3520.95,3542.02,62.47
2025-10-07 19:00:00,3471.78,3566.34,27.64
2025-10-07 20:00:00,3392.42,3468.43,3.86
2025-10-07 21:00:00,3301.2,3355.67,0.43
2025-10-07 22:00:00,3221.39,3286.73,0.08
2025-10-07 23:00:00,3122.09,3186.95,0.02
2025-10-08 00:00:00,2949.18,3045.06,0.0
2025-10-08 01:00:00,2836.54,2912.59,0.0
2025-10-08 02:00:00,2759.76,2836.34,0.0
2025-10-08 03:00:00,2727.13,2782.09,0.0
2025-10-08 04:00:00,2721.75,2766.27,0.0
2025-10-08 05:00:00,2769.01,2821.29,0.0
2025-10-08 06:00:00,2836.16,2919.46,0.18
2025-10-08 07:00:00,2912.38,3054.92,14.25
2025-10-08 08:00:00,2958.8,3167.28,46.11
2025-10-08 09:00:00,2993.05,3146.47,79.07
2025-10-08 10:00:00,3021.22,3111.92,86.74
2025-10-08 11:00:00,3002.86,3078.66,77.93
2025-10-08 12:00:00,3020.89,3053.79,106.97
2025-10-08 13:00:00,3003.29,3178.54,118.88
2025-10-08 14:00:00,3025.18,3211.06,118.67
2025-10-08 15:00:00,3179.78,3227.4,143.85
2025-10-08 16:00:00,3372.31,3373.34,126.46
2025-10-08 17:00:00,3563.4,3522.42,102.05
2025-10-08 18:00:00,3692.93,3668.0,76.57
2025-10-08 19:00:00,3646.55,3740.49,48.55
2025-10-08 20:00:00,3527.48,3662.35,8.52
2025-10-08 21:00:00,3419.12,3511.59,0.99
2025-10-08 22:00:00,3327.6,3393.22,0.14
2025-10-08 23:00:00,3215.5,3261.44,0.01
2025-10-09 00:00:00,3036.3,3110.47,0.0
2025-10-09 01:00:00,2913.67,2962.17,0.0
2025-10-09 02:00:00,2843.27,2899.01,0.0
2025-10-09 03:00:00,2795.95,2877.99,0.0
2025-10-09 04:00:00,2795.4,2861.88,0.0
2025-10-09 05:00:00,2837.83,2912.52,0.01
2025-10-09 06:00:00,2914.46,3022.47,0.6
2025-10-09 07:00:00,3017.39,3177.04,39.38
2025-10-09 08:00:00,3108.14,3329.17,132.45
2025-10-09 09:00:00,3177.77,3369.55,229.81
2025-10-09 10:00:00,3193.05,3348.1,231.81
2025-10-09 11:00:00,3241.63,3307.23,246.11
2025-10-09 12:00:00,3250.29,3322.41,255.62
2025-10-09 13:00:00,3373.72,3412.19,250.67
2025-10-09 14:00:00,3453.46,3541.02,227.5
2025-10-09 15:00:00,3548.54,3643.18,180.55
2025-10-09 16:00:00,3621.48,3765.72,98.85
2025-10-09 17:00:00,3732.35,3840.24,94.44
2025-10-09 18:00:00,3829.53,3883.33,84.06
2025-10-09 19:00:00,3785.14,3904.11,77.8
2025-10-09 20:00:00,3690.98,3820.99,57.91
2025-10-09 21:00:00,3546.91,3681.41,23.17
2025-10-09 22:00:00,3427.67,3538.29,5.07
2025-10-09 23:00:00,3302.27,3388.28,0.28
2025-10-10 00:00:00,3129.36,3227.68,0.01
2025-10-10 01:00:00,3009.18,3073.5,0.0
2025-10-10 02:00:00,2940.3,2977.78,0.0
2025-10-10 03:00:00,2898.55,2931.52,0.0
2025-10-10 04:00:00,2910.49,2907.18,0.0
2025-10-10 05:00:00,2987.76,2943.56,0.01
2025-10-10 06:00:00,3137.83,3067.08,0.83
2025-10-10 07:00:00,3367.79,3283.7,42.71
2025-10-10 08:00:00,3648.68,3545.36,141.78
2025-10-10 09:00:00,3804.62,3756.75,233.38
2025-10-10 10:00:00,3759.66,3851.4,232.38
2025-10-10 11:00:00,3661.08,3776.83,255.93
2025-10-10 12:00:00,3621.35,3708.46,270.14
2025-10-10 13:00:00,3788.06,3784.21,275.53
2025-10-10 14:00:00,3917.4,3954.76,271.16
2025-10-10 15:00:00,4003.0,4093.83,216.63
2025-10-10 16:00:00,4056.27,4203.05,132.52
2025-10-10 17:00:00,4097.7,4245.89,101.71
2025-10-10 18:00:00,4139.27,4257.19,84.51
2025-10-10 19:00:00,4069.36,4207.8,79.24
2025-10-10 20:00:00,3930.88,4050.46,60.15
2025-10-10 21:00:00,3767.84,3871.2,26.59
2025-10-10 22:00:00,3665.84,3702.57,5.76
2025-10-10 23:00:00,3544.41,3552.47,0.29
2025-10-11 00:00:00,3351.98,3378.2,0.03
2025-10-11 01:00:00,3226.08,3221.4,0.0
2025-10-11 02:00:00,3144.17,3134.01,0.0
2025-10-11 03:00:00,3095.07,3087.61,0.0
2025-10-11 04:00:00,3086.62,3078.06,0.0
2025-10-11 05:00:00,3131.2,3130.2,0.01
2025-10-11 06:00:00,3204.39,3263.5,0.72
2025-10-11 07:00:00,3277.12,3429.39,42.59
2025-10-11 08:00:00,3356.7,3546.83,144.45
2025-10-11 09:00:00,3407.37,3542.56,235.35
2025-10-11 10:00:00,3365.1,3476.54,230.42
2025-10-11 11:00:00,3298.62,3374.08,215.74
2025-10-11 12:00:00,3263.32,3306.19,223.71
2025-10-11 13:00:00,3366.94,3392.88,245.55
2025-10-11 14:00:00,3494.15,3545.93,265.13
2025-10-11 15:00:00,3626.58,3665.91,216.04
2025-10-11 16:00:00,3782.0,3817.2,127.93
2025-10-11 17:00:00,3908.98,3973.12,99.1
2025-10-11 18:00:00,4004.6,4092.84,84.83
2025-10-11 19:00:00,3964.59,4092.31,79.53
2025-10-11 20:00:00,3869.16,3967.08,60.44
2025-10-11 21:00:00,3718.02,3797.02,27.09
2025-10-11 22:00:00,3630.16,3658.43,5.41
2025-10-11 23:00:00,3503.69,3511.7,0.4
2025-10-12 00:00:00,3300.25,3346.19,0.03
2025-10-12 01:00:00,3168.05,3200.88,0.0
2025-10-12 02:00:00,3083.5,3110.1,0.0
2025-10-12 03:00:00,3034.64,3059.75,0.0
2025-10-12 04:00:00,3020.38,3045.52,0.0
2025-10-12 05:00:00,3053.69,3098.86,0.01
2025-10-12 06:00:00,3111.59,3212.92,0.18
2025-10-12 07:00:00,3182.32,3332.82,13.67
2025-10-12 08:00:00,3250.1,3429.97,46.49
2025-10-12 09:00:00,3316.18,3450.91,76.57
2025-10-12 10:00:00,3392.88,3426.93,111.7
2025-10-12 11:00:00,3437.99,3426.08,158.52
2025-10-12 12:00:00,3524.57,3464.0,162.34
2025-10-12 13:00:00,3611.43,3691.41,149.71
2025-10-12 14:00:00,3613.66,3856.61,118.09
2025-10-12 15:00:00,3622.2,3884.33,73.92
2025-10-12 16:00:00,3682.22,3885.22,64.45
2025-10-12 17:00:00,3817.16,3877.82,89.93
2025-10-12 18:00:00,3910.78,3906.13,75.31
2025-10-12 19:00:00,3845.99,3888.99,46.34
2025-10-12 20:00:00,3736.88,3775.48,11.17
2025-10-12 21:00:00,3623.18,3633.36,1.56
2025-10-12 22:00:00,3516.4,3537.12,0.44
2025-10-12 23:00:00,3396.9,3420.24,0.07
2025-10-13 00:00:00,3224.98,3261.67,0.0
2025-10-13 01:00:00,3109.95,3120.63,0.0
2025-10-13 02:00:00,3056.13,3048.77,0.0
2025-10-13 03:00:00,3023.26,3017.92,0.0
2025-10-13 04:00:00,3050.01,3014.38,0.0
2025-10-13 05:00:00,3172.88,3064.64,0.0
2025-10-13 06:00:00,3397.8,3188.67,0.3
2025-10-13 07:00:00,3772.52,3424.36,24.54
2025-10-13 08:00:00,4196.95,3783.91,86.41
2025-10-13 09:00:00,4448.76,4135.09,160.13
2025-10-13 10:00:00,4504.73,4383.05,144.35
2025-10-13 11:00:00,4452.28,4422.92,145.96
2025-10-13 12:00:00,4341.54,4356.47,148.35
2025-10-13 13:00:00,4520.46,4330.0,139.09
2025-10-13 14:00:00,4561.97,4392.41,119.99
2025-10-13 15:00:00,4546.0,4428.73,90.8
2025-10-13 16:00:00,4540.09,4481.68,60.21
2025-10-13 17:00:00,4509.89,4473.56,84.93
2025-10-13 18:00:00,4505.71,4442.84,80.26
2025-10-13 19:00:00,4388.07,4374.31,56.53
2025-10-13 20:00:00,4221.02,4206.81,35.3
2025-10-13 21:00:00,4036.7,4010.94,10.95
2025-10-13 22:00:00,3924.04,3861.83,0.53
2025-10-13 23:00:00,3789.0,3698.94,0.05
2025-10-14 00:00:00,3565.06,3535.2,0.0
2025-10-14 01:00:00,3440.11,3365.35,0.0
2025-10-14 02:00:00,3365.97,3264.54,0.0
2025-10-14 03:00:00,3331.2,3189.24,0.0
2025-10-14 04:00:00,3341.91,3169.36,0.0
2025-10-14 05:00:00,3425.17,3252.08,0.0
2025-10-14 06:00:00,3614.49,3479.31,0.03
2025-10-14 07:00:00,3924.07,3743.71,9.5
2025-10-14 08:00:00,4226.18,4060.81,37.84
2025-10-14 09:00:00,4349.13,4233.47,62.65
2025-10-14 10:00:00,4325.07,4222.48,73.05
2025-10-14 11:00:00,4225.9,4108.22,87.02
2025-10-14 12:00:00,4079.92,3999.3,95.38
2025-10-14 13:00:00,4257.55,4054.75,112.24
2025-10-14 14:00:00,4320.98,4217.24,109.12
2025-10-14 15:00:00,4361.95,4287.37,91.63
2025-10-14 16:00:00,4445.18,4349.77,68.45
2025-10-14 17:00:00,4476.35,4413.6,82.24
2025-10-14 18:00:00,4510.25,4417.41,61.96
2025-10-14 19:00:00,4380.12,4357.73,24.58
2025-10-14 20:00:00,4218.06,4174.55,8.35
2025-10-14 21:00:00,4058.2,3982.76,0.25
2025-10-14 22:00:00,3959.64,3861.51,0.01
2025-10-14 23:00:00,3814.29,3721.97,0.0
2025-10-15 00:00:00,3588.14,3523.52,0.0
2025-10-15 01:00:00,3462.45,3392.13,0.0
2025-10-15 02:00:00,3382.99,3310.29,0.0
2025-10-15 03:00:00,3345.71,3271.77,0.0
2025-10-15 04:00:00,3361.5,3283.95,0.0
2025-10-15 05:00:00,3449.05,3368.9,0.0
2025-10-15 06:00:00,3623.88,3538.32,0.11
2025-10-15 07:00:00,3847.64,3774.08,10.95
2025-10-15 08:00:00,4003.03,3998.26,23.38
2025-10-15 09:00:00,4005.45,4017.86,32.05
2025-10-15 10:00:00,4029.92,3921.04,43.91
2025-10-15 11:00:00,4008.79,3860.34,61.23
2025-10-15 12:00:00,3979.49,3881.79,58.49
2025-10-15 13:00:00,4235.89,4079.04,55.51
2025-10-15 14:00:00,4397.17,4277.44,52.65
2025-10-15 15:00:00,4494.78,4387.76,49.85
2025-10-15 16:00:00,4522.26,4495.84,40.18
2025-10-15 17:00:00,4515.4,4461.4,65.52
2025-10-15 18:00:00,4497.04,4419.33,24.5
2025-10-15 19:00:00,4378.0,4330.54,1.76
2025-10-15 20:00:00,4236.73,4162.12,0.2
2025-10-15 21:00:00,4083.8,4007.22,0.02
2025-10-15 22:00:00,3988.34,3898.88,0.0
2025-10-15 23:00:00,3844.84,3791.1,0.0
2025-10-16 00:00:00,3617.89,3593.63,0.0
2025-10-16 01:00:00,3497.1,3448.86,0.0
2025-10-16 02:00:00,3414.76,3362.17,0.0
2025-10-16 03:00:00,3370.19,3318.83,0.0
2025-10-16 04:00:00,3363.46,3329.13,0.0
2025-10-16 05:00:00,3448.19,3424.47,0.0
2025-10-16 06:00:00,3632.96,3611.64,0.25
2025-10-16 07:00:00,3917.76,3854.96,25.6
2025-10-16 08:00:00,4208.18,4151.03,83.44
2025-10-16 09:00:00,4289.2,4329.44,102.94
2025-10-16 10:00:00,4283.54,4310.23,107.32
2025-10-16 11:00:00,4196.69,4224.22,111.13
2025-10-16 12:00:00,4091.2,4156.69,109.16
2025-10-16 13:00:00,4297.15,4280.69,115.6
2025-10-16 14:00:00,4351.83,4395.37,110.16
2025-10-16 15:00:00,4382.92,4442.8,100.72
2025-10-16 16:00:00,4469.14,4483.77,80.23
2025-10-16 17:00:00,4509.78,4480.18,88.86
2025-10-16 18:00:00,4538.13,4482.55,72.88
2025-10-16 19:00:00,4409.64,4416.55,43.33
2025-10-16 20:00:00,4215.22,4208.84,8.57
2025-10-16 21:00:00,4045.56,4006.58,0.9
2025-10-16 22:00:00,3946.57,3890.97,0.17
2025-10-16 23:00:00,3807.75,3749.04,0.01
2025-10-17 00:00:00,3573.02,3537.73,0.0
2025-10-17 01:00:00,3442.68,3407.91,0.0
2025-10-17 02:00:00,3363.77,3327.72,0.0
2025-10-17 03:00:00,3319.26,3281.1,0.0
2025-10-17 04:00:00,3318.65,3304.34,0.0
2025-10-17 05:00:00,3403.81,3392.63,0.01
2025-10-17 06:00:00,3584.19,3537.97,0.39
2025-10-17 07:00:00,3810.54,3759.96,33.22
2025-10-17 08:00:00,3957.41,4023.86,91.88
2025-10-17 09:00:00,3988.85,4072.19,153.69
2025-10-17 10:00:00,3947.74,3986.74,134.93
2025-10-17 11:00:00,3868.65,3873.06,131.75
2025-10-17 12:00:00,3787.41,3802.12,142.03
2025-10-17 13:00:00,4080.39,3943.28,114.82
2025-10-17 14:00:00,4205.34,4125.01,72.09
2025-10-17 15:00:00,4335.9,4246.27,39.25
2025-10-17 16:00:00,4413.73,4383.3,29.11
2025-10-17 17:00:00,4416.5,4406.32,77.0
2025-10-17 18:00:00,4395.95,4368.63,54.12
2025-10-17 19:00:00,4263.74,4279.59,14.42
2025-10-17 20:00:00,4125.41,4095.69,4.34
2025-10-17 21:00:00,3973.36,3937.6,2.72
2025-10-17 22:00:00,3888.07,3874.14,0.62
2025-10-17 23:00:00,3768.02,3757.99,0.13
2025-10-18 00:00:00,3547.08,3551.86,0.02
2025-10-18 01:00:00,3415.88,3425.86,0.02
2025-10-18 02:00:00,3325.22,3336.23,0.02
2025-10-18 03:00:00,3273.9,3265.62,0.01
2025-10-18 04:00:00,3254.67,3233.94,0.0
2025-10-18 05:00:00,3288.22,3251.46,0.0
2025-10-18 06:00:00,3357.06,3320.67,0.02
2025-10-18 07:00:00,3448.15,3380.71,2.96
2025-10-18 08:00:00,3563.57,3485.06,18.53
2025-10-18 09:00:00,3673.77,3635.91,43.94
2025-10-18 10:00:00,3710.42,3728.91,41.04
2025-10-18 11:00:00,3669.36,3687.9,38.37
2025-10-18 12:00:00,3584.14,3665.04,43.57
2025-10-18 13:00:00,3622.91,3719.42,41.51
2025-10-18 14:00:00,3623.71,3700.01,41.2
2025-10-18 15:00:00,3627.11,3706.94,35.42
2025-10-18 16:00:00,3665.13,3751.6,31.87
2025-10-18 17:00:00,3736.35,3798.81,48.97
2025-10-18 18:00:00,3770.5,3853.65,2.8
2025-10-18 19:00:00,3727.21,3846.82,0.71
2025-10-18 20:00:00,3657.12,3730.01,0.11
2025-10-18 21:00:00,3564.39,3629.86,0.0
2025-10-18 22:00:00,3515.41,3578.15,0.0
2025-10-18 23:00:00,3425.23,3482.48,0.0
2025-10-19 00:00:00,3220.02,3287.01,0.0
2025-10-19 01:00:00,3094.82,3126.29,0.0
2025-10-19 02:00:00,3014.14,3043.88,0.0
2025-10-19 03:00:00,2968.65,3016.44,0.0
2025-10-19 04:00:00,2968.89,3020.4,0.0
2025-10-19 05:00:00,3017.26,3064.3,0.0
2025-10-19 06:00:00,3073.93,3093.21,0.04
2025-10-19 07:00:00,3095.99,3098.22,13.35
2025-10-19 08:00:00,3081.23,3072.7,50.75
2025-10-19 09:00:00,3075.87,3018.52,76.92
2025-10-19 10:00:00,3069.22,3026.15,87.1
2025-10-19 11:00:00,3056.0,3030.07,113.25
2025-10-19 12:00:00,3039.55,3057.07,99.86
2025-10-19 13:00:00,3067.55,3160.06,83.11
2025-10-19 14:00:00,3134.86,3187.86,59.32
2025-10-19 15:00:00,3257.07,3289.14,47.58
2025-10-19 16:00:00,3415.53,3441.95,38.66
2025-10-19 17:00:00,3610.41,3609.82,71.68
2025-10-19 18:00:00,3735.46,3728.89,52.3
2025-10-19 19:00:00,3676.97,3755.82,13.96
2025-10-19 20:00:00,3601.48,3637.69,1.15
2025-10-19 21:00:00,3494.55,3491.75,0.2
2025-10-19 22:00:00,3413.39,3392.9,0.04
2025-10-19 23:00:00,3304.32,3292.43,0.0
2025-10-20 00:00:00,3132.35,3103.53,0.0
2025-10-20 01:00:00,3015.12,3024.59,0.0
2025-10-20 02:00:00,2956.65,2979.07,0.0
2025-10-20 03:00:00,2939.82,2978.21,0.0
2025-10-20 04:00:00,2971.28,2997.73,0.0
2025-10-20 05:00:00,3098.63,3086.89,0.01
2025-10-20 06:00:00,3334.85,3289.23,0.28
2025-10-20 07:00:00,3627.7,3611.71,38.03
2025-10-20 08:00:00,3852.86,3914.72,144.79
2025-10-20 09:00:00,3923.08,3941.12,244.15
2025-10-20 10:00:00,3846.11,3859.78,250.01
2025-10-20 11:00:00,3697.3,3733.76,260.25
2025-10-20 12:00:00,3523.17,3608.18,256.62
2025-10-20 13:00:00,3766.36,3695.46,268.09
2025-10-20 14:00:00,3930.01,3846.0,274.59
2025-10-20 15:00:00,4042.19,4018.18,202.07
2025-10-20 16:00:00,4176.82,4170.21,104.97
2025-10-20 17:00:00,4278.7,4240.18,88.89
2025-10-20 18:00:00,4337.73,4275.72,83.33
2025-10-20 19:00:00,4238.35,4239.83,77.74
2025-10-20 20:00:00,4098.69,4086.75,57.27
2025-10-20 21:00:00,3929.74,3931.27,25.58
2025-10-20 22:00:00,3826.12,3848.87,5.96
2025-10-20 23:00:00,3685.61,3729.03,0.32
2025-10-21 00:00:00,3460.14,3500.01,0.01
2025-10-21 01:00:00,3335.24,3385.7,0.0
2025-10-21 02:00:00,3268.26,3302.32,0.0
2025-10-21 03:00:00,3236.37,3241.31,0.0
2025-10-21 04:00:00,3252.71,3271.69,0.0
2025-10-21 05:00:00,3354.83,3349.18,0.0
2025-10-21 06:00:00,3548.81,3523.45,0.03
2025-10-21 07:00:00,3798.69,3743.42,8.03
2025-10-21 08:00:00,4031.7,3990.43,33.26
2025-10-21 09:00:00,4091.54,4050.14,69.11
2025-10-21 10:00:00,4018.13,4021.4,68.48
2025-10-21 11:00:00,3917.62,3864.48,82.89
2025-10-21 12:00:00,3815.5,3840.77,81.59
2025-10-21 13:00:00,3997.96,4026.52,97.9
2025-10-21 14:00:00,4069.51,4123.82,95.93
2025-10-21 15:00:00,4136.27,4203.31,63.14
2025-10-21 16:00:00,4233.91,4267.24,50.95
2025-10-21 17:00:00,4302.9,4303.79,73.05
2025-10-21 18:00:00,4362.52,4325.94,50.7
2025-10-21 19:00:00,4234.12,4301.24,12.04
2025-10-21 20:00:00,4097.13,4102.44,2.51
2025-10-21 21:00:00,3960.01,3927.1,0.2
2025-10-21 22:00:00,3893.35,3869.11,0.02
2025-10-21 23:00:00,3767.15,3752.66,0.0
2025-10-22 00:00:00,3539.71,3536.62,0.0
2025-10-22 01:00:00,3413.66,3413.54,0.0
2025-10-22 02:00:00,3340.44,3343.94,0.0
2025-10-22 03:00:00,3309.59,3314.75,0.0
2025-10-22 04:00:00,3328.2,3319.8,0.0
2025-10-22 05:00:00,3425.18,3404.83,0.01
2025-10-22 06:00:00,3606.07,3611.28,0.17
2025-10-22 07:00:00,3829.62,3849.91,31.67
2025-10-22 08:00:00,3992.13,4060.08,121.95
2025-10-22 09:00:00,4006.89,4023.17,211.21
2025-10-22 10:00:00,3940.59,3944.92,236.8
2025-10-22 11:00:00,3843.79,3813.93,268.69
2025-10-22 12:00:00,3745.66,3765.73,278.07
2025-10-22 13:00:00,3980.01,3958.2,280.82
2025-10-22 14:00:00,4087.62,4097.87,268.43
2025-10-22 15:00:00,4164.26,4212.58,198.64
2025-10-22 16:00:00,4249.15,4321.98,108.55
2025-10-22 17:00:00,4290.1,4346.67,87.85
2025-10-22 18:00:00,4346.2,4357.14,83.16
2025-10-22 19:00:00,4269.15,4287.15,76.88
2025-10-22 20:00:00,4138.59,4129.07,57.25
2025-10-22 21:00:00,3977.98,4003.04,25.03
2025-10-22 22:00:00,3894.76,3903.17,6.64
2025-10-22 23:00:00,3758.25,3760.8,0.34
2025-10-23 00:00:00,3527.99,3528.83,0.03
2025-10-23 01:00:00,3397.99,3409.11,0.0
2025-10-23 02:00:00,3324.4,3354.13,0.0
2025-10-23 03:00:00,3285.65,3317.45,0.0
2025-10-23 04:00:00,3296.67,3325.88,0.0
2025-10-23 05:00:00,3387.34,3396.9,0.01
2025-10-23 06:00:00,3569.01,3555.27,0.15
2025-10-23 07:00:00,3789.48,3750.12,28.03
2025-10-23 08:00:00,3959.42,3951.88,125.05
2025-10-23 09:00:00,3974.8,3958.21,229.63
2025-10-23 10:00:00,3877.05,3879.53,232.28
2025-10-23 11:00:00,3757.78,3728.44,256.15
2025-10-23 12:00:00,3658.03,3662.99,260.41
2025-10-23 13:00:00,3859.72,3849.36,255.47
2025-10-23 14:00:00,3989.57,3994.83,255.11
2025-10-23 15:00:00,4079.27,4097.41,194.15
2025-10-23 16:00:00,4212.25,4198.46,108.02
2025-10-23 17:00:00,4301.16,4265.85,88.33
2025-10-23 18:00:00,4345.76,4324.49,83.52
2025-10-23 19:00:00,4264.68,4277.25,77.37
2025-10-23 20:00:00,4117.93,4110.27,57.9
2025-10-23 21:00:00,3945.06,3969.65,25.04
2025-10-23 22:00:00,3847.5,3898.75,5.72
2025-10-23 23:00:00,3732.61,3769.27,0.3
2025-10-24 00:00:00,3515.12,3511.51,0.01
2025-10-24 01:00:00,3395.48,3399.32,0.0
2025-10-24 02:00:00,3328.87,3330.59,0.0
2025-10-24 03:00:00,3291.34,3285.42,0.0
2025-10-24 04:00:00,3306.53,3288.8,0.0
2025-10-24 05:00:00,3401.18,3410.65,0.01
2025-10-24 06:00:00,3589.37,3582.47,0.13
2025-10-24 07:00:00,3809.72,3774.04,28.18
2025-10-24 08:00:00,3982.92,3961.11,118.62
2025-10-24 09:00:00,3990.74,3964.61,211.41
2025-10-24 10:00:00,3864.49,3873.24,224.13
2025-10-24 11:00:00,3742.19,3709.78,259.96
2025-10-24 12:00:00,3648.26,3636.54,273.91
2025-10-24 13:00:00,3862.33,3853.81,275.91
2025-10-24 14:00:00,3983.96,4017.75,268.24
2025-10-24 15:00:00,4080.23,4101.98,202.95
2025-10-24 16:00:00,4198.2,4188.41,110.2
2025-10-24 17:00:00,4251.03,4261.63,89.13
2025-10-24 18:00:00,4269.89,4263.64,84.73
2025-10-24 19:00:00,4190.39,4193.08,78.14
2025-10-24 20:00:00,4066.79,4043.41,57.76
2025-10-24 21:00:00,3910.85,3927.33,23.96
2025-10-24 22:00:00,3847.54,3845.41,6.07
2025-10-24 23:00:00,3724.08,3701.57,0.4
2025-10-25 00:00:00,3505.04,3470.38,0.1
2025-10-25 01:00:00,3381.24,3348.0,0.02
2025-10-25 02:00:00,3300.48,3288.05,0.02
2025-10-25 03:00:00,3250.77,3252.52,0.02
2025-10-25 04:00:00,3244.39,3240.67,0.01
2025-10-25 05:00:00,3288.35,3273.66,0.01
2025-10-25 06:00:00,3365.96,3331.58,0.05
2025-10-25 07:00:00,3399.89,3350.56,13.29
2025-10-25 08:00:00,3431.33,3365.79,62.61
2025-10-25 09:00:00,3399.67,3353.68,111.02
2025-10-25 10:00:00,3308.53,3335.82,153.46
2025-10-25 11:00:00,3204.33,3235.74,187.62
2025-10-25 12:00:00,3108.91,3161.97,195.11
2025-10-25 13:00:00,3206.91,3228.43,219.9
2025-10-25 14:00:00,3278.97,3279.29,208.69
2025-10-25 15:00:00,3382.29,3361.55,176.16
2025-10-25 16:00:00,3545.24,3518.44,107.95
2025-10-25 17:00:00,3690.39,3678.14,85.59
2025-10-25 18:00:00,3784.99,3789.34,78.88
2025-10-25 19:00:00,3752.2,3782.54,70.57
2025-10-25 20:00:00,3673.77,3682.14,42.11
2025-10-25 21:00:00,3565.87,3578.24,16.0
2025-10-25 22:00:00,3524.04,3531.16,3.79
2025-10-25 23:00:00,3437.76,3422.39,1.75
2025-10-26 00:00:00,3239.63,3224.83,0.02
2025-10-26 01:00:00,3112.89,3092.52,0.0
2025-10-26 02:00:00,3024.54,3014.84,0.0
2025-10-26 03:00:00,2981.81,2968.78,0.0
2025-10-26 04:00:00,2981.87,2963.9,0.0
2025-10-26 05:00:00,3030.55,2987.36,0.0
2025-10-26 06:00:00,3111.37,3046.04,0.01
2025-10-26 07:00:00,3151.5,3083.83,7.03
2025-10-26 08:00:00,3189.97,3129.47,40.29
2025-10-26 09:00:00,3219.76,3191.69,144.09
2025-10-26 10:00:00,3163.73,3214.87,200.96
2025-10-26 11:00:00,3069.91,3166.2,239.5
2025-10-26 12:00:00,3002.34,3091.86,203.82
2025-10-26 13:00:00,3143.47,3111.34,201.08
2025-10-26 14:00:00,3252.68,3169.62,159.39
2025-10-26 15:00:00,3338.9,3317.57,95.8
2025-10-26 16:00:00,3443.18,3489.0,54.56
2025-10-26 17:00:00,3633.41,3624.13,82.13
2025-10-26 18:00:00,3757.99,3732.91,83.71
2025-10-26 19:00:00,3730.5,3760.42,73.74
2025-10-26 20:00:00,3655.61,3665.05,39.74
2025-10-26 21:00:00,3540.41,3520.85,16.49
2025-10-26 22:00:00,3459.59,3467.12,3.38
2025-10-26 23:00:00,3359.13,3401.64,0.27
2025-10-27 00:00:00,3178.29,3196.35,0.03
2025-10-27 01:00:00,3063.54,3069.69,0.0
2025-10-27 02:00:00,2998.16,2986.59,0.0
2025-10-27 03:00:00,2979.42,2970.71,0.0
2025-10-27 04:00:00,3021.54,3019.26,0.0
2025-10-27 05:00:00,3155.38,3127.32,0.01
2025-10-27 06:00:00,3408.18,3357.77,0.09
2025-10-27 07:00:00,3707.6,3728.6,27.38
2025-10-27 08:00:00,3869.13,4050.13,120.78
2025-10-27 09:00:00,3844.06,3953.74,209.58
2025-10-27 10:00:00,3696.76,3772.45,215.02
2025-10-27 11:00:00,3544.36,3562.92,247.57
2025-10-27 12:00:00,3399.08,3466.66,265.32
2025-10-27 13:00:00,3611.4,3675.62,267.04
2025-10-27 14:00:00,3774.33,3789.45,240.55
2025-10-27 15:00:00,3980.56,3930.83,176.43
2025-10-27 16:00:00,4227.3,4149.71,89.58
2025-10-27 17:00:00,4370.34,4286.61,84.47
2025-10-27 18:00:00,4426.76,4383.98,84.26
2025-10-27 19:00:00,4328.12,4353.17,77.63
2025-10-27 20:00:00,4168.38,4175.53,55.46
2025-10-27 21:00:00,3994.06,3982.76,18.15
2025-10-27 22:00:00,3919.14,3887.15,2.49
2025-10-27 23:00:00,3804.38,3766.45,0.31
2025-10-28 00:00:00,3584.98,3554.79,0.03
2025-10-28 01:00:00,3455.41,3452.75,0.0
2025-10-28 02:00:00,3376.38,3359.86,0.0
2025-10-28 03:00:00,3355.14,3305.07,0.0
2025-10-28 04:00:00,3383.11,3340.17,0.0
2025-10-28 05:00:00,3497.79,3453.96,0.01
2025-10-28 06:00:00,3699.35,3678.04,0.1
2025-10-28 07:00:00,3957.99,3912.29,30.63
2025-10-28 08:00:00,4058.8,4152.25,143.19
2025-10-28 09:00:00,4004.86,4027.09,246.1
2025-10-28 10:00:00,3840.54,3857.62,248.6
2025-10-28 11:00:00,3657.84,3665.78,277.18
2025-10-28 12:00:00,3474.69,3569.0,299.3
2025-10-28 13:00:00,3702.23,3732.34,307.18
2025-10-28 14:00:00,3886.05,3840.15,288.49
2025-10-28 15:00:00,4057.97,4006.04,214.48
2025-10-28 16:00:00,4286.29,4221.49,111.59
2025-10-28 17:00:00,4400.31,4359.46,78.63
2025-10-28 18:00:00,4458.96,4433.13,84.87
2025-10-28 19:00:00,4365.62,4398.17,74.43
2025-10-28 20:00:00,4200.9,4178.57,50.02
2025-10-28 21:00:00,4038.17,4002.16,24.24
2025-10-28 22:00:00,3951.82,3953.68,5.66
2025-10-28 23:00:00,3834.71,3834.55,0.34
2025-10-29 00:00:00,3609.37,3584.13,0.05
2025-10-29 01:00:00,3473.12,3448.95,0.01
2025-10-29 02:00:00,3394.19,3358.36,0.0
2025-10-29 03:00:00,3366.52,3339.63,0.0
2025-10-29 04:00:00,3393.21,3384.57,0.0
2025-10-29 05:00:00,3495.95,3483.06,0.01
2025-10-29 06:00:00,3702.76,3688.14,0.08
2025-10-29 07:00:00,3952.13,3913.11,27.46
2025-10-29 08:00:00,4106.61,4118.74,133.94
2025-10-29 09:00:00,4070.14,4057.31,235.96
2025-10-29 10:00:00,3887.53,3949.78,239.52
2025-10-29 11:00:00,3707.84,3776.32,266.87
2025-10-29 12:00:00,3536.04,3655.13,283.09
2025-10-29 13:00:00,3759.01,3851.5,290.31
2025-10-29 14:00:00,3933.82,3969.59,277.97
2025-10-29 15:00:00,4094.14,4083.2,206.32
2025-10-29 16:00:00,4283.26,4252.43,104.89
2025-10-29 17:00:00,4366.51,4349.26,85.42
2025-10-29 18:00:00,4412.36,4400.96,84.49
2025-10-29 19:00:00,4339.41,4354.26,78.58
2025-10-29 20:00:00,4196.73,4172.76,58.46
2025-10-29 21:00:00,4040.59,4021.6,24.09
2025-10-29 22:00:00,3954.7,3955.86,5.54
2025-10-29 23:00:00,3839.71,3820.54,0.32
2025-10-30 00:00:00,3605.86,3594.78,0.03
2025-10-30 01:00:00,3472.56,3473.7,0.0
2025-10-30 02:00:00,3396.21,3408.68,0.0
2025-10-30 03:00:00,3356.66,3385.02,0.0
2025-10-30 04:00:00,3374.48,3413.11,0.0
2025-10-30 05:00:00,3485.6,3534.44,0.01
2025-10-30 06:00:00,3690.45,3702.87,0.26
2025-10-30 07:00:00,3942.11,3927.32,25.34
2025-10-30 08:00:00,4107.6,4113.53,131.69
2025-10-30 09:00:00,4082.98,4071.6,204.72
2025-10-30 10:00:00,3989.17,3968.22,202.43
2025-10-30 11:00:00,3856.64,3813.87,181.51
2025-10-30 12:00:00,3705.08,3745.28,154.65
2025-10-30 13:00:00,3941.48,4017.86,123.52
2025-10-30 14:00:00,4111.12,4142.56,93.58
2025-10-30 15:00:00,4196.45,4240.92,69.75
2025-10-30 16:00:00,4308.74,4364.97,50.41
2025-10-30 17:00:00,4391.99,4390.17,78.88
2025-10-30 18:00:00,4434.28,4397.69,84.44
2025-10-30 19:00:00,4333.6,4323.26,70.07
2025-10-30 20:00:00,4149.13,4157.12,22.56
2025-10-30 21:00:00,3992.29,3981.94,3.34
2025-10-30 22:00:00,3929.55,3931.58,0.54
2025-10-30 23:00:00,3814.44,3817.86,0.03
2025-10-31 00:00:00,3578.35,3562.88,0.0
2025-10-31 01:00:00,3441.15,3420.76,0.0
2025-10-31 02:00:00,3372.52,3347.83,0.0
2025-10-31 03:00:00,3335.48,3304.28,0.0
2025-10-31 04:00:00,3358.99,3326.47,0.0
2025-10-31 05:00:00,3452.84,3421.04,0.0
2025-10-31 06:00:00,3650.24,3617.43,0.02
2025-10-31 07:00:00,3909.07,3869.74,17.95
2025-10-31 08:00:00,4112.4,4095.7,115.67
2025-10-31 09:00:00,4102.78,4121.32,224.63
2025-10-31 10:00:00,3925.52,4042.24,228.47
2025-10-31 11:00:00,3743.92,3769.89,253.92
2025-10-31 12:00:00,3561.87,3624.31,267.53
2025-10-31 13:00:00,3778.9,3805.51,274.82
2025-10-31 14:00:00,3931.73,3934.05,257.03
2025-10-31 15:00:00,4080.51,4053.91,185.53
2025-10-31 16:00:00,4221.76,4216.8,89.98
2025-10-31 17:00:00,4293.24,4293.26,84.02
2025-10-31 18:00:00,4306.67,4317.07,84.23
2025-10-31 19:00:00,4218.23,4220.59,77.76
2025-10-31 20:00:00,4074.63,4068.68,56.66
2025-10-31 21:00:00,3929.92,3938.55,21.29
2025-10-31 22:00:00,3874.12,3904.91,4.79
2025-10-31 23:00:00,3756.99,3796.27,0.31
2025-11-01 00:00:00,3451.72,3531.73,0.03
2025-11-01 01:00:00,3318.16,3364.53,0.0
2025-11-01 02:00:00,3233.25,3294.75,0.0
2025-11-01 03:00:00,3183.72,3229.71,0.0
2025-11-01 04:00:00,3188.16,3223.22,0.0
2025-11-01 05:00:00,3242.69,3271.31,0.01
2025-11-01 06:00:00,3318.44,3327.52,0.04
2025-11-01 07:00:00,3347.48,3350.78,21.1
2025-11-01 08:00:00,3260.43,3329.06,104.87
2025-11-01 09:00:00,3168.13,3184.23,199.37
2025-11-01 10:00:00,3049.22,3091.34,199.76
2025-11-01 11:00:00,2960.25,2980.66,227.82
2025-11-01 12:00:00,2887.8,2927.13,232.46
2025-11-01 13:00:00,2959.18,3049.29,205.26
2025-11-01 14:00:00,3065.18,3124.61,185.58
2025-11-01 15:00:00,3242.58,3224.36,132.95
2025-11-01 16:00:00,3456.22,3427.89,73.23
2025-11-01 17:00:00,3626.66,3635.31,84.01
2025-11-01 18:00:00,3710.44,3761.28,84.75
2025-11-01 19:00:00,3682.68,3730.24,77.34
2025-11-01 20:00:00,3613.55,3617.79,52.34
2025-11-01 21:00:00,3509.68,3543.0,17.04
2025-11-01 22:00:00,3478.88,3530.2,2.58
2025-11-01 23:00:00,3399.59,3400.69,0.14
2025-11-02 00:00:00,3205.63,3168.13,0.0
2025-11-02 01:00:00,3067.54,3035.96,0.0
2025-11-02 02:00:00,2984.55,2977.45,0.0
2025-11-02 03:00:00,2950.33,2931.52,0.0
2025-11-02 04:00:00,2957.36,2947.95,0.0
2025-11-02 05:00:00,3018.42,3021.4,0.0
2025-11-02 06:00:00,3084.97,3072.63,0.03
2025-11-02 07:00:00,3101.43,3023.9,17.63
2025-11-02 08:00:00,3029.47,2993.38,113.73
2025-11-02 09:00:00,2931.17,2898.77,201.02
2025-11-02 10:00:00,2846.44,2839.33,184.56
2025-11-02 11:00:00,2758.55,2812.28,218.92
2025-11-02 12:00:00,2716.44,2769.38,236.36
2025-11-02 13:00:00,2772.95,2827.92,227.55
2025-11-02 14:00:00,2917.7,2881.83,219.55
2025-11-02 15:00:00,3120.67,3061.78,170.46
2025-11-02 16:00:00,3346.19,3311.92,83.1
2025-11-02 17:00:00,3585.92,3562.99,82.41
2025-11-02 18:00:00,3710.62,3735.39,84.99
2025-11-02 19:00:00,3693.25,3717.91,78.18
2025-11-02 20:00:00,3632.21,3617.35,52.09
2025-11-02 21:00:00,3527.63,3500.95,19.5
2025-11-02 22:00:00,3446.19,3475.08,4.11
2025-11-02 23:00:00,3362.58,3401.38,0.24
2025-11-03 00:00:00,3190.22,3190.67,0.02
2025-11-03 01:00:00,3063.75,3083.95,0.0
2025-11-03 02:00:00,2997.28,3018.13,0.0
2025-11-03 03:00:00,2983.77,3014.15,0.0
2025-11-03 04:00:00,3037.21,3095.77,0.0
2025-11-03 05:00:00,3178.08,3245.1,0.01
2025-11-03 06:00:00,3436.78,3488.67,0.04
2025-11-03 07:00:00,3781.4,3790.02,23.37
2025-11-03 08:00:00,4031.98,4050.15,134.41
2025-11-03 09:00:00,4008.66,4021.31,245.1
2025-11-03 10:00:00,3854.44,3891.01,247.66
2025-11-03 11:00:00,3713.75,3648.57,274.85
2025-11-03 12:00:00,3550.08,3583.48,289.51
2025-11-03 13:00:00,3769.88,3808.5,297.66
2025-11-03 14:00:00,3951.87,3906.11,283.84
2025-11-03 15:00:00,4091.65,4065.02,205.85
2025-11-03 16:00:00,4238.07,4246.11,96.73
2025-11-03 17:00:00,4333.48,4308.54,83.94
2025-11-03 18:00:00,4352.53,4343.66,85.16
2025-11-03 19:00:00,4276.75,4258.33,78.85
2025-11-03 20:00:00,4120.9,4119.75,58.4
2025-11-03 21:00:00,3953.06,3950.1,23.25
2025-11-03 22:00:00,3875.38,3903.6,4.89
2025-11-03 23:00:00,3769.83,3776.45,0.33
2025-11-04 00:00:00,3529.01,3528.53,0.05
2025-11-04 01:00:00,3388.53,3416.75,0.01
2025-11-04 02:00:00,3310.59,3329.32,0.0
2025-11-04 03:00:00,3275.94,3287.27,0.0
2025-11-04 04:00:00,3300.08,3308.38,0.0
2025-11-04 05:00:00,3399.34,3403.89,0.01
2025-11-04 06:00:00,3612.8,3614.47,0.01
2025-11-04 07:00:00,3889.11,3829.67,15.62
2025-11-04 08:00:00,4092.19,4051.51,96.22
2025-11-04 09:00:00,4032.42,4028.94,188.11
2025-11-04 10:00:00,3864.42,3876.38,187.63
2025-11-04 11:00:00,3695.02,3684.82,208.98
2025-11-04 12:00:00,3500.58,3558.26,229.26
2025-11-04 13:00:00,3722.57,3764.19,229.09
2025-11-04 14:00:00,3862.6,3910.46,198.78
2025-11-04 15:00:00,4024.23,4039.47,145.15
2025-11-04 16:00:00,4193.97,4189.83,74.9
2025-11-04 17:00:00,4292.14,4285.32,83.43
2025-11-04 18:00:00,4315.93,4324.46,85.0
2025-11-04 19:00:00,4232.65,4264.16,77.38
2025-11-04 20:00:00,4078.8,4059.68,50.34
2025-11-04 21:00:00,3928.22,3910.36,19.31
2025-11-04 22:00:00,3846.97,3876.15,4.28
2025-11-04 23:00:00,3731.41,3746.51,0.22
2025-11-05 00:00:00,3497.46,3509.53,0.02
2025-11-05 01:00:00,3365.59,3360.99,0.0
2025-11-05 02:00:00,3301.58,3271.18,0.0
2025-11-05 03:00:00,3272.76,3236.89,0.0
2025-11-05 04:00:00,3294.92,3268.54,0.0
2025-11-05 05:00:00,3400.36,3391.32,0.01
2025-11-05 06:00:00,3618.39,3604.82,0.02
2025-11-05 07:00:00,3908.14,3871.28,17.41
2025-11-05 08:00:00,4121.58,4132.79,108.79
2025-11-05 09:00:00,4053.98,4109.16,214.18
2025-11-05 10:00:00,3846.41,3956.11,221.32
2025-11-05 11:00:00,3679.32,3720.09,244.68
2025-11-05 12:00:00,3498.75,3555.86,253.01
2025-11-05 13:00:00,3737.8,3770.05,255.43
2025-11-05 14:00:00,3927.75,3940.52,244.78
2025-11-05 15:00:00,4075.26,4061.12,183.28
2025-11-05 16:00:00,4187.27,4212.04,85.32
2025-11-05 17:00:00,4248.56,4274.02,83.09
2025-11-05 18:00:00,4254.24,4271.72,85.1
2025-11-05 19:00:00,4191.52,4186.43,78.52
2025-11-05 20:00:00,4052.56,4043.38,56.76
2025-11-05 21:00:00,3908.4,3905.73,21.04
2025-11-05 22:00:00,3848.94,3820.22,4.63
2025-11-05 23:00:00,3730.42,3695.53,0.31
2025-11-06 00:00:00,3497.95,3459.42,0.03
2025-11-06 01:00:00,3365.83,3315.5,0.0
2025-11-06 02:00:00,3296.48,3271.98,0.0
2025-11-06 03:00:00,3271.32,3221.43,0.0
2025-11-06 04:00:00,3302.18,3246.02,0.0
2025-11-06 05:00:00,3405.94,3370.34,0.01
2025-11-06 06:00:00,3620.38,3564.09,0.03
2025-11-06 07:00:00,3886.81,3847.64,17.58
2025-11-06 08:00:00,4099.89,4088.39,101.27
2025-11-06 09:00:00,4078.36,4040.06,193.4
2025-11-06 10:00:00,3909.6,3907.49,211.26
2025-11-06 11:00:00,3725.3,3713.44,239.27
2025-11-06 12:00:00,3520.51,3578.53,251.84
2025-11-06 13:00:00,3736.46,3801.34,254.33
2025-11-06 14:00:00,3874.31,3934.81,227.12
2025-11-06 15:00:00,3994.64,4044.36,153.15
2025-11-06 16:00:00,4143.72,4173.27,65.72
2025-11-06 17:00:00,4245.35,4243.83,81.37
2025-11-06 18:00:00,4291.55,4275.46,85.24
2025-11-06 19:00:00,4215.73,4210.66,78.17
2025-11-06 20:00:00,4076.91,4066.5,54.69
2025-11-06 21:00:00,3920.93,3886.01,20.31
2025-11-06 22:00:00,3847.48,3816.18,4.73
2025-11-06 23:00:00,3727.18,3697.16,0.31
2025-11-07 00:00:00,3492.31,3454.53,0.03
2025-11-07 01:00:00,3354.18,3314.27,0.0
2025-11-07 02:00:00,3284.29,3253.4,0.0
2025-11-07 03:00:00,3256.79,3222.7,0.0
2025-11-07 04:00:00,3269.04,3240.47,0.0
2025-11-07 05:00:00,3377.0,3325.64,0.01
2025-11-07 06:00:00,3587.95,3552.55,0.02
2025-11-07 07:00:00,3856.98,3835.35,14.59
2025-11-07 08:00:00,4080.68,4084.5,96.89
2025-11-07 09:00:00,4060.39,4078.08,200.11
2025-11-07 10:00:00,3881.39,3979.25,210.18
2025-11-07 11:00:00,3664.86,3712.61,237.37
2025-11-07 12:00:00,3495.5,3527.04,248.92
2025-11-07 13:00:00,3715.28,3753.39,244.97
2025-11-07 14:00:00,3845.29,3895.03,227.35
2025-11-07 15:00:00,3954.44,3997.25,168.13
2025-11-07 16:00:00,4065.03,4128.92,75.96
2025-11-07 17:00:00,4127.92,4168.12,81.87
2025-11-07 18:00:00,4156.63,4156.46,84.88
2025-11-07 19:00:00,4087.47,4083.52,78.05
2025-11-07 20:00:00,3970.07,3958.06,55.15
2025-11-07 21:00:00,3818.82,3814.65,21.28
2025-11-07 22:00:00,3766.39,3829.47,5.06
2025-11-07 23:00:00,3670.2,3700.89,0.31
2025-11-08 00:00:00,3441.99,3446.37,0.03
2025-11-08 01:00:00,3297.44,3337.24,0.0
2025-11-08 02:00:00,3205.39,3259.66,0.0
2025-11-08 03:00:00,3174.59,3210.63,0.0
2025-11-08 04:00:00,3177.05,3226.35,0.0
2025-11-08 05:00:00,3223.53,3279.72,0.01
2025-11-08 06:00:00,3297.69,3340.95,0.01
2025-11-08 07:00:00,3352.72,3383.59,9.77
2025-11-08 08:00:00,3413.34,3375.8,36.29
2025-11-08 09:00:00,3452.37,3344.17,58.14
2025-11-08 10:00:00,3418.9,3364.35,79.85
2025-11-08 11:00:00,3368.26,3297.2,94.24
2025-11-08 12:00:00,3315.08,3244.44,80.81
2025-11-08 13:00:00,3346.12,3377.63,60.93
2025-11-08 14:00:00,3360.17,3393.62,40.63
2025-11-08 15:00:00,3400.94,3439.46,20.88
2025-11-08 16:00:00,3447.63,3554.48,19.18
2025-11-08 17:00:00,3595.35,3620.24,64.83
2025-11-08 18:00:00,3627.74,3705.79,25.58
2025-11-08 19:00:00,3569.66,3657.48,2.81
2025-11-08 20:00:00,3516.9,3551.05,0.55
2025-11-08 21:00:00,3453.76,3470.61,0.09
2025-11-08 22:00:00,3445.81,3498.62,0.01
2025-11-08 23:00:00,3397.65,3438.38,0.0
2025-11-09 00:00:00,3209.36,3242.08,0.0
2025-11-09 01:00:00,3062.37,3087.37,0.0
2025-11-09 02:00:00,2980.59,2999.16,0.0
2025-11-09 03:00:00,2946.91,2964.21,0.0
2025-11-09 04:00:00,2950.57,2993.3,0.0
2025-11-09 05:00:00,3001.25,3019.92,0.0
2025-11-09 06:00:00,3082.92,3053.22,0.02
2025-11-09 07:00:00,3099.02,3096.24,11.19
2025-11-09 08:00:00,3073.52,3111.97,79.72
2025-11-09 09:00:00,2989.62,3068.55,169.11
2025-11-09 10:00:00,2856.21,2955.4,177.52
2025-11-09 11:00:00,2753.49,2853.89,197.04
2025-11-09 12:00:00,2731.12,2774.29,224.45
2025-11-09 13:00:00,2778.39,2865.88,224.58
2025-11-09 14:00:00,2891.97,2925.58,195.98
2025-11-09 15:00:00,3097.28,3062.42,157.52
2025-11-09 16:00:00,3306.61,3287.45,75.64
2025-11-09 17:00:00,3534.99,3514.64,80.6
2025-11-09 18:00:00,3642.9,3630.58,84.87
2025-11-09 19:00:00,3625.79,3627.78,77.26
2025-11-09 20:00:00,3565.09,3559.28,51.2
2025-11-09 21:00:00,3453.19,3418.84,14.35
2025-11-09 22:00:00,3385.31,3364.73,1.95
2025-11-09 23:00:00,3312.38,3321.3,0.23
2025-11-10 00:00:00,3135.58,3128.26,0.02
2025-11-10 01:00:00,3013.8,3011.44,0.0
2025-11-10 02:00:00,2935.44,2928.25,0.0
2025-11-10 03:00:00,2920.67,2906.62,0.0
2025-11-10 04:00:00,2963.3,2964.82,0.0
2025-11-10 05:00:00,3106.45,3130.1,0.01
2025-11-10 06:00:00,3392.39,3394.57,0.02
2025-11-10 07:00:00,3737.88,3750.83,16.18
2025-11-10 08:00:00,3957.16,4095.26,113.69
2025-11-10 09:00:00,3906.57,4002.17,229.78
2025-11-10 10:00:00,3745.4,3746.2,237.45
2025-11-10 11:00:00,3606.69,3545.93,267.1
2025-11-10 12:00:00,3445.21,3459.21,280.65
2025-11-10 13:00:00,3680.49,3693.35,289.51
2025-11-10 14:00:00,3860.55,3808.91,280.73
2025-11-10 15:00:00,3993.07,3975.85,205.98
2025-11-10 16:00:00,4157.4,4164.45,90.09
2025-11-10 17:00:00,4255.21,4237.19,81.45
2025-11-10 18:00:00,4304.35,4283.04,84.23
2025-11-10 19:00:00,4235.57,4215.47,77.77
2025-11-10 20:00:00,4092.08,4086.22,57.91
2025-11-10 21:00:00,3930.06,3915.45,22.77
2025-11-10 22:00:00,3864.33,3865.65,5.07
2025-11-10 23:00:00,3755.1,3764.46,0.32
2025-11-11 00:00:00,3528.99,3513.94,0.03
2025-11-11 01:00:00,3401.61,3396.45,0.0
2025-11-11 02:00:00,3336.95,3325.46,0.0
2025-11-11 03:00:00,3304.88,3294.22,0.0
2025-11-11 04:00:00,3336.95,3325.32,0.0
2025-11-11 05:00:00,3450.85,3437.57,0.01
2025-11-11 06:00:00,3668.23,3680.89,0.02
2025-11-11 07:00:00,3952.0,3931.32,17.15
2025-11-11 08:00:00,4136.69,4179.21,82.11
2025-11-11 09:00:00,4028.52,4070.16,164.28
2025-11-11 10:00:00,3853.03,3843.12,205.96
2025-11-11 11:00:00,3691.22,3646.37,235.15
2025-11-11 12:00:00,3525.21,3542.32,254.19
2025-11-11 13:00:00,3791.5,3749.71,244.58
2025-11-11 14:00:00,3962.16,3934.07,243.16
2025-11-11 15:00:00,4106.1,4066.18,182.17
2025-11-11 16:00:00,4219.27,4247.7,70.9
2025-11-11 17:00:00,4300.67,4317.29,80.37
2025-11-11 18:00:00,4339.59,4336.19,84.17
2025-11-11 19:00:00,4278.75,4281.92,76.94
2025-11-11 20:00:00,4134.81,4099.7,53.63
2025-11-11 21:00:00,3974.61,3936.67,19.77
2025-11-11 22:00:00,3899.03,3896.67,4.35
2025-11-11 23:00:00,3799.51,3787.22,0.23
2025-11-12 00:00:00,3572.82,3538.7,0.03
2025-11-12 01:00:00,3450.13,3423.87,0.0
2025-11-12 02:00:00,3366.07,3343.09,0.0
2025-11-12 03:00:00,3322.0,3291.39,0.0
2025-11-12 04:00:00,3331.12,3311.27,0.0
2025-11-12 05:00:00,3433.2,3412.01,0.0
2025-11-12 06:00:00,3658.49,3642.45,0.01
2025-11-12 07:00:00,3937.13,3901.05,4.14
2025-11-12 08:00:00,4105.12,4173.11,28.32
2025-11-12 09:00:00,4023.77,4101.45,59.74
2025-11-12 10:00:00,3932.64,3924.29,68.28
2025-11-12 11:00:00,3819.45,3759.91,82.8
2025-11-12 12:00:00,3640.02,3706.95,93.22
2025-11-12 13:00:00,3848.27,3937.28,66.71
2025-11-12 14:00:00,3985.34,4036.85,54.87
2025-11-12 15:00:00,4107.56,4099.38,38.57
2025-11-12 16:00:00,4204.92,4223.22,29.9
2025-11-12 17:00:00,4272.62,4264.36,66.61
2025-11-12 18:00:00,4232.28,4292.06,28.61
2025-11-12 19:00:00,4151.57,4194.12,4.76
2025-11-12 20:00:00,4035.16,4050.82,0.51
2025-11-12 21:00:00,3910.26,3919.21,0.08
2025-11-12 22:00:00,3863.11,3851.71,0.0
2025-11-12 23:00:00,3771.36,3741.64,0.0
2025-11-13 00:00:00,3546.74,3519.19,0.0
2025-11-13 01:00:00,3414.1,3393.37,0.0
2025-11-13 02:00:00,3339.11,3338.49,0.0
2025-11-13 03:00:00,3305.3,3293.28,0.0
2025-11-13 04:00:00,3334.6,3312.99,0.0
2025-11-13 05:00:00,3455.41,3434.09,0.0
2025-11-13 06:00:00,3658.12,3634.62,0.01
2025-11-13 07:00:00,3904.37,3880.24,4.11
2025-11-13 08:00:00,4143.85,4101.12,52.34
2025-11-13 09:00:00,4127.67,4086.88,139.74
2025-11-13 10:00:00,3967.58,3997.2,172.75
2025-11-13 11:00:00,3797.33,3802.01,205.38
2025-11-13 12:00:00,3588.6,3679.19,234.96
2025-11-13 13:00:00,3770.83,3890.43,232.56
2025-11-13 14:00:00,3900.14,3998.09,208.4
2025-11-13 15:00:00,4038.64,4084.62,137.77
2025-11-13 16:00:00,4172.19,4236.49,60.15
2025-11-13 17:00:00,4267.12,4306.82,79.91
2025-11-13 18:00:00,4283.53,4350.38,84.31
2025-11-13 19:00:00,4220.56,4267.54,76.99
2025-11-13 20:00:00,4087.35,4093.17,52.28
2025-11-13 21:00:00,3924.67,3949.84,19.6
2025-11-13 22:00:00,3855.68,3906.76,4.77
2025-11-13 23:00:00,3761.74,3794.25,0.29
2025-11-14 00:00:00,3528.05,3529.13,0.05
2025-11-14 01:00:00,3395.61,3391.25,0.0
2025-11-14 02:00:00,3332.68,3318.76,0.0
2025-11-14 03:00:00,3302.96,3302.54,0.0
2025-11-14 04:00:00,3321.64,3336.52,0.0
2025-11-14 05:00:00,3428.94,3455.44,0.01
2025-11-14 06:00:00,3637.24,3642.98,0.02
2025-11-14 07:00:00,3911.91,3865.44,12.84
2025-11-14 08:00:00,4096.94,4075.46,102.16
2025-11-14 09:00:00,4003.11,4049.97,220.22
2025-11-14 10:00:00,3796.42,3882.91,229.99
2025-11-14 11:00:00,3633.94,3610.43,257.9
2025-11-14 12:00:00,3444.48,3494.2,260.28
2025-11-14 13:00:00,3650.29,3669.02,250.96
2025-11-14 14:00:00,3811.36,3822.62,238.93
2025-11-14 15:00:00,3985.99,3950.6,173.8
2025-11-14 16:00:00,4133.03,4111.93,76.89
2025-11-14 17:00:00,4206.73,4209.13,81.0
2025-11-14 18:00:00,4207.16,4228.7,84.85
2025-11-14 19:00:00,4156.13,4138.5,78.55
2025-11-14 20:00:00,4038.08,4012.17,55.25
2025-11-14 21:00:00,3892.96,3901.55,21.39
2025-11-14 22:00:00,3843.16,3884.55,4.98
2025-11-14 23:00:00,3752.88,3773.0,0.43
2025-11-15 00:00:00,3519.15,3522.02,0.03
2025-11-15 01:00:00,3380.3,3389.98,0.0
2025-11-15 02:00:00,3299.36,3314.87,0.0
2025-11-15 03:00:00,3259.19,3271.92,0.0
2025-11-15 04:00:00,3270.6,3275.59,0.0
2025-11-15 05:00:00,3326.08,3348.72,0.01
2025-11-15 06:00:00,3425.11,3441.86,0.02
2025-11-15 07:00:00,3465.23,3489.08,12.34
2025-11-15 08:00:00,3404.46,3459.87,100.96
2025-11-15 09:00:00,3266.16,3296.84,218.26
2025-11-15 10:00:00,3111.63,3163.45,227.22
2025-11-15 11:00:00,3000.21,2998.66,258.35
2025-11-15 12:00:00,2909.19,2926.25,270.12
2025-11-15 13:00:00,3003.54,3018.87,275.85
2025-11-15 14:00:00,3138.21,3103.63,262.45
2025-11-15 15:00:00,3314.79,3246.55,185.17
2025-11-15 16:00:00,3474.44,3465.66,76.31
2025-11-15 17:00:00,3648.78,3646.38,80.84
2025-11-15 18:00:00,3719.0,3750.59,84.96
2025-11-15 19:00:00,3699.37,3708.96,78.78
2025-11-15 20:00:00,3640.49,3636.11,57.13
2025-11-15 21:00:00,3537.25,3578.13,22.69
2025-11-15 22:00:00,3518.3,3566.13,5.49
2025-11-15 23:00:00,3454.13,3471.41,0.4
2025-11-16 00:00:00,3263.83,3246.31,0.07
2025-11-16 01:00:00,3126.68,3124.0,0.01
2025-11-16 02:00:00,3036.79,3052.05,0.0
2025-11-16 03:00:00,3002.93,3000.12,0.0
2025-11-16 04:00:00,3018.0,3014.2,0.0
2025-11-16 05:00:00,3079.48,3060.2,0.0
2025-11-16 06:00:00,3156.23,3126.11,0.01
2025-11-16 07:00:00,3177.07,3117.78,10.76
2025-11-16 08:00:00,3115.16,3106.12,77.53
2025-11-16 09:00:00,3009.72,3030.82,178.03
2025-11-16 10:00:00,2867.91,2945.92,178.1
2025-11-16 11:00:00,2762.3,2870.61,194.8
2025-11-16 12:00:00,2720.35,2794.18,192.55
2025-11-16 13:00:00,2780.8,2847.83,189.59
2025-11-16 14:00:00,2905.33,2909.76,187.79
2025-11-16 15:00:00,3114.25,3068.83,141.05
2025-11-16 16:00:00,3355.2,3319.74,71.03
2025-11-16 17:00:00,3604.19,3585.85,80.21
2025-11-16 18:00:00,3712.62,3729.67,84.58
2025-11-16 19:00:00,3691.24,3713.25,75.16
2025-11-16 20:00:00,3618.56,3610.4,38.86
2025-11-16 21:00:00,3510.81,3489.76,5.86
2025-11-16 22:00:00,3442.27,3472.56,1.15
2025-11-16 23:00:00,3359.14,3396.76,0.22
2025-11-17 00:00:00,3181.15,3179.01,0.01
2025-11-17 01:00:00,3058.95,3068.13,0.0
2025-11-17 02:00:00,2994.34,2986.64,0.0
2025-11-17 03:00:00,2989.72,2966.49,0.0
2025-11-17 04:00:00,3038.65,3046.26,0.0
2025-11-17 05:00:00,3181.86,3220.19,0.0
2025-11-17 06:00:00,3457.83,3494.25,0.02
2025-11-17 07:00:00,3833.37,3854.35,7.08
2025-11-17 08:00:00,4143.38,4162.42,56.02
2025-11-17 09:00:00,4118.47,4165.04,125.38
2025-11-17 10:00:00,4052.94,4032.01,124.63
2025-11-17 11:00:00,3968.37,3870.26,89.9
2025-11-17 12:00:00,3797.72,3821.75,102.97
2025-11-17 13:00:00,4014.61,4046.56,82.1
2025-11-17 14:00:00,4115.25,4110.75,65.78
2025-11-17 15:00:00,4264.34,4168.77,63.86
2025-11-17 16:00:00,4462.11,4318.17,88.64
2025-11-17 17:00:00,4552.15,4388.79,77.21
2025-11-17 18:00:00,4479.85,4455.14,40.04
2025-11-17 19:00:00,4345.22,4353.32,7.05
2025-11-17 20:00:00,4196.63,4167.45,2.21
2025-11-17 21:00:00,4046.44,4002.97,0.21
2025-11-17 22:00:00,3982.48,3966.31,0.01
2025-11-17 23:00:00,3888.38,3868.87,0.0
2025-11-18 00:00:00,3655.41,3619.72,0.0
2025-11-18 01:00:00,3517.38,3525.04,0.0
2025-11-18 02:00:00,3443.94,3440.7,0.0
2025-11-18 03:00:00,3417.52,3427.94,0.0
2025-11-18 04:00:00,3454.63,3461.67,0.0
2025-11-18 05:00:00,3577.96,3573.04,0.0
2025-11-18 06:00:00,3826.48,3826.82,0.0
2025-11-18 07:00:00,4159.04,4141.07,0.94
2025-11-18 08:00:00,4439.95,4457.98,11.66
2025-11-18 09:00:00,4418.14,4439.05,50.38
2025-11-18 10:00:00,4291.76,4276.34,110.43
2025-11-18 11:00:00,4100.93,4065.57,179.77
2025-11-18 12:00:00,3795.88,3886.79,183.52
2025-11-18 13:00:00,3985.23,4045.2,143.51
2025-11-18 14:00:00,4166.93,4184.91,102.62
2025-11-18 15:00:00,4379.5,4276.02,86.25
2025-11-18 16:00:00,4604.59,4465.33,96.81
2025-11-18 17:00:00,4656.92,4589.34,83.87
2025-11-18 18:00:00,4592.47,4599.86,63.5
2025-11-18 19:00:00,4450.86,4466.96,23.47
2025-11-18 20:00:00,4273.93,4217.69,5.47
2025-11-18 21:00:00,4122.4,4040.62,2.01
2025-11-18 22:00:00,4055.65,4028.36,0.53
2025-11-18 23:00:00,3957.38,3915.16,0.07
2025-11-19 00:00:00,3730.35,3687.25,0.0
2025-11-19 01:00:00,3585.88,3571.21,0.0
2025-11-19 02:00:00,3504.35,3507.83,0.0
2025-11-19 03:00:00,3470.48,3490.24,0.0
2025-11-19 04:00:00,3494.68,3522.85,0.0
2025-11-19 05:00:00,3600.18,3627.9,0.0
2025-11-19 06:00:00,3849.3,3856.48,0.01
2025-11-19 07:00:00,4190.44,4161.97,2.15
2025-11-19 08:00:00,4467.43,4455.19,23.53
2025-11-19 09:00:00,4369.93,4450.66,46.18
2025-11-19 10:00:00,4179.23,4240.16,59.2
2025-11-19 11:00:00,4001.35,4022.3,80.9
2025-11-19 12:00:00,3801.88,3822.62,117.41
2025-11-19 13:00:00,4036.93,4068.78,141.76
2025-11-19 14:00:00,4219.85,4245.98,141.91
2025-11-19 15:00:00,4371.84,4362.46,105.61
2025-11-19 16:00:00,4550.17,4507.97,99.79
2025-11-19 17:00:00,4585.43,4609.52,67.92
2025-11-19 18:00:00,4498.12,4551.8,30.98
2025-11-19 19:00:00,4390.31,4388.87,6.82
2025-11-19 20:00:00,4251.55,4209.85,2.79
2025-11-19 21:00:00,4103.75,4051.87,1.14
2025-11-19 22:00:00,4051.23,4015.44,0.31
2025-11-19 23:00:00,3957.7,3924.24,0.03
2025-11-20 00:00:00,3732.39,3700.73,0.0
2025-11-20 01:00:00,3579.28,3577.65,0.0
2025-11-20 02:00:00,3491.26,3509.37,0.0
2025-11-20 03:00:00,3442.2,3459.99,0.0
2025-11-20 04:00:00,3461.54,3493.17,0.0
2025-11-20 05:00:00,3568.18,3622.66,0.0
2025-11-20 06:00:00,3795.99,3802.4,0.02
2025-11-20 07:00:00,4129.86,4120.38,5.21
2025-11-20 08:00:00,4450.62,4416.74,33.14
2025-11-20 09:00:00,4387.64,4434.37,55.67
2025-11-20 10:00:00,4200.4,4267.72,87.34
2025-11-20 11:00:00,4063.3,4041.09,133.01
2025-11-20 12:00:00,3905.88,3882.07,171.99
2025-11-20 13:00:00,4081.97,4170.31,136.12
2025-11-20 14:00:00,4179.51,4274.18,120.91
2025-11-20 15:00:00,4303.65,4351.94,99.93
2025-11-20 16:00:00,4460.53,4499.19,103.1
2025-11-20 17:00:00,4503.33,4580.46,78.64
2025-11-20 18:00:00,4431.75,4512.16,40.15
2025-11-20 19:00:00,4319.95,4399.0,9.89
2025-11-20 20:00:00,4176.35,4231.0,3.61
2025-11-20 21:00:00,4040.37,4068.86,1.35
2025-11-20 22:00:00,3987.59,4037.5,0.38
2025-11-20 23:00:00,3898.02,3928.39,0.04
2025-11-21 00:00:00,3667.24,3680.22,0.0
2025-11-21 01:00:00,3521.1,3542.22,0.0
2025-11-21 02:00:00,3436.92,3473.71,0.0
2025-11-21 03:00:00,3402.63,3415.1,0.0
2025-11-21 04:00:00,3431.03,3453.45,0.0
2025-11-21 05:00:00,3555.15,3570.14,0.0
2025-11-21 06:00:00,3787.35,3800.73,0.02
2025-11-21 07:00:00,4120.4,4074.39,7.52
2025-11-21 08:00:00,4341.0,4379.95,64.38
2025-11-21 09:00:00,4216.08,4317.84,143.0
2025-11-21 10:00:00,4038.46,4148.31,195.83
2025-11-21 11:00:00,3865.59,3900.13,229.69
2025-11-21 12:00:00,3662.33,3734.06,242.17
2025-11-21 13:00:00,3892.33,3926.3,255.11
2025-11-21 14:00:00,4038.92,4054.5,233.1
2025-11-21 15:00:00,4202.35,4192.83,163.26
2025-11-21 16:00:00,4389.19,4349.56,116.95
2025-11-21 17:00:00,4416.28,4437.19,85.26
2025-11-21 18:00:00,4352.77,4380.45,81.79
2025-11-21 19:00:00,4261.13,4242.23,66.17
2025-11-21 20:00:00,4110.16,4106.28,26.82
2025-11-21 21:00:00,3959.43,3962.06,4.65
2025-11-21 22:00:00,3918.99,3984.98,1.43
2025-11-21 23:00:00,3837.21,3864.05,0.28
2025-11-22 00:00:00,3615.93,3602.15,0.02
2025-11-22 01:00:00,3450.13,3491.37,0.0
2025-11-22 02:00:00,3370.93,3385.11,0.0
2025-11-22 03:00:00,3326.5,3343.98,0.0
2025-11-22 04:00:00,3328.84,3364.24,0.0
2025-11-22 05:00:00,3383.42,3414.07,0.0
2025-11-22 06:00:00,3479.39,3519.74,0.02
2025-11-22 07:00:00,3545.67,3590.34,6.74
2025-11-22 08:00:00,3524.39,3606.8,63.52
2025-11-22 09:00:00,3395.63,3506.25,151.93
2025-11-22 10:00:00,3273.45,3345.03,208.68
2025-11-22 11:00:00,3164.26,3188.66,240.47
2025-11-22 12:00:00,3077.93,3101.09,260.3
2025-11-22 13:00:00,3180.25,3198.8,272.55
2025-11-22 14:00:00,3283.46,3289.03,248.17
2025-11-22 15:00:00,3428.21,3406.1,162.95
2025-11-22 16:00:00,3616.51,3612.52,118.59
2025-11-22 17:00:00,3755.79,3764.6,85.24
2025-11-22 18:00:00,3809.4,3825.48,81.63
2025-11-22 19:00:00,3774.86,3760.25,68.17
2025-11-22 20:00:00,3693.87,3664.85,30.83
2025-11-22 21:00:00,3600.69,3602.76,8.02
2025-11-22 22:00:00,3583.88,3640.98,1.72
2025-11-22 23:00:00,3531.85,3548.5,0.31
2025-11-23 00:00:00,3335.71,3332.26,0.03
2025-11-23 01:00:00,3193.27,3206.07,0.0
2025-11-23 02:00:00,3106.02,3130.98,0.0
2025-11-23 03:00:00,3071.8,3082.26,0.0
2025-11-23 04:00:00,3081.04,3099.62,0.0
2025-11-23 05:00:00,3137.91,3167.47,0.0
2025-11-23 06:00:00,3216.94,3246.21,0.02
2025-11-23 07:00:00,3245.37,3221.28,6.47
2025-11-23 08:00:00,3220.23,3122.02,59.99
2025-11-23 09:00:00,3138.14,3053.9,137.31
2025-11-23 10:00:00,3059.62,3027.88,201.04
2025-11-23 11:00:00,2997.23,3022.12,221.39
2025-11-23 12:00:00,3001.3,2976.52,230.08
2025-11-23 13:00:00,3055.24,3057.29,230.94
2025-11-23 14:00:00,3161.38,3121.77,218.32
2025-11-23 15:00:00,3265.53,3282.13,129.18
2025-11-23 16:00:00,3487.84,3480.86,112.04
2025-11-23 17:00:00,3688.33,3681.87,84.73
2025-11-23 18:00:00,3756.59,3787.05,81.3
2025-11-23 19:00:00,3714.48,3751.63,66.99
2025-11-23 20:00:00,3618.12,3661.63,29.35
2025-11-23 21:00:00,3522.91,3527.43,6.91
2025-11-23 22:00:00,3478.18,3516.4,1.58
2025-11-23 23:00:00,3415.52,3462.34,0.28
2025-11-24 00:00:00,3235.14,3227.81,0.03
2025-11-24 01:00:00,3094.67,3116.27,0.0
2025-11-24 02:00:00,3029.29,3036.69,0.0
2025-11-24 03:00:00,3013.98,3028.61,0.0
2025-11-24 04:00:00,3060.09,3100.82,0.0
2025-11-24 05:00:00,3202.93,3256.4,0.0
2025-11-24 06:00:00,3470.85,3506.11,0.01
2025-11-24 07:00:00,3853.74,3871.52,3.42
2025-11-24 08:00:00,4210.75,4192.41,40.77
2025-11-24 09:00:00,4216.72,4233.87,107.86
2025-11-24 10:00:00,4087.29,4155.23,164.02
2025-11-24 11:00:00,3955.57,3922.93,204.45
2025-11-24 12:00:00,3764.32,3770.29,220.71
2025-11-24 13:00:00,3971.6,4018.1,220.66
2025-11-24 14:00:00,4102.11,4116.83,197.94
2025-11-24 15:00:00,4217.01,4237.41,127.55
2025-11-24 16:00:00,4359.9,4370.48,106.4
2025-11-24 17:00:00,4405.1,4387.32,84.41
2025-11-24 18:00:00,4358.96,4345.81,81.38
2025-11-24 19:00:00,4259.04,4232.61,64.8
2025-11-24 20:00:00,4079.35,4080.15,25.49
2025-11-24 21:00:00,3926.85,3917.02,5.32
2025-11-24 22:00:00,3880.98,3929.3,1.43
2025-11-24 23:00:00,3788.62,3826.89,0.27
2025-11-25 00:00:00,3570.36,3553.93,0.03
2025-11-25 01:00:00,3428.81,3446.47,0.0
2025-11-25 02:00:00,3354.0,3373.7,0.0
2025-11-25 03:00:00,3325.36,3331.1,0.0
2025-11-25 04:00:00,3359.46,3361.64,0.0
2025-11-25 05:00:00,3471.62,3479.86,0.0
2025-11-25 06:00:00,3691.57,3732.54,0.01
2025-11-25 07:00:00,4000.91,4014.48,1.27
2025-11-25 08:00:00,4388.24,4274.66,21.2
2025-11-25 09:00:00,4501.9,4340.51,45.45
2025-11-25 10:00:00,4498.03,4379.94,92.8
2025-11-25 11:00:00,4408.9,4320.24,146.03
2025-11-25 12:00:00,4194.61,4204.61,135.53
2025-11-25 13:00:00,4395.15,4423.27,107.9
2025-11-25 14:00:00,4460.67,4484.98,92.0
2025-11-25 15:00:00,4499.16,4529.85,66.01
2025-11-25 16:00:00,4600.39,4573.81,86.42
2025-11-25 17:00:00,4586.28,4539.26,71.29
2025-11-25 18:00:00,4455.92,4458.54,34.36
2025-11-25 19:00:00,4324.61,4310.89,7.1
2025-11-25 20:00:00,4157.89,4128.13,2.8
2025-11-25 21:00:00,4018.42,4003.61,0.64
2025-11-25 22:00:00,3969.86,4005.22,0.06
2025-11-25 23:00:00,3869.89,3885.12,0.0
2025-11-26 00:00:00,3643.35,3651.65,0.0
2025-11-26 01:00:00,3494.86,3503.19,0.0
2025-11-26 02:00:00,3412.78,3442.06,0.0
2025-11-26 03:00:00,3378.08,3390.29,0.0
2025-11-26 04:00:00,3411.4,3406.08,0.0
2025-11-26 05:00:00,3526.57,3527.11,0.0
2025-11-26 06:00:00,3753.9,3740.64,0.02
2025-11-26 07:00:00,4094.74,4107.0,3.12
2025-11-26 08:00:00,4387.24,4486.65,36.17
2025-11-26 09:00:00,4344.52,4432.93,92.46
2025-11-26 10:00:00,4205.87,4220.38,132.26
2025-11-26 11:00:00,4073.5,3993.44,167.22
2025-11-26 12:00:00,3851.46,3839.88,210.28
2025-11-26 13:00:00,4048.67,4029.16,240.45
2025-11-26 14:00:00,4169.68,4154.88,225.58
2025-11-26 15:00:00,4289.09,4252.99,169.37
2025-11-26 16:00:00,4439.36,4437.88,120.29
2025-11-26 17:00:00,4481.58,4478.72,84.52
2025-11-26 18:00:00,4432.96,4472.67,76.96
2025-11-26 19:00:00,4333.69,4359.27,48.49
2025-11-26 20:00:00,4170.01,4182.56,23.92
2025-11-26 21:00:00,4023.13,4039.43,4.27
2025-11-26 22:00:00,3975.34,4004.85,1.45
2025-11-26 23:00:00,3886.52,3859.37,0.3
2025-11-27 00:00:00,3665.71,3640.66,0.02
2025-11-27 01:00:00,3528.78,3526.8,0.0
2025-11-27 02:00:00,3435.42,3475.5,0.0
2025-11-27 03:00:00,3384.02,3426.2,0.0
2025-11-27 04:00:00,3410.98,3422.6,0.0
2025-11-27 05:00:00,3531.91,3523.74,0.0
2025-11-27 06:00:00,3752.63,3738.66,0.0
2025-11-27 07:00:00,4089.78,4036.05,1.88
2025-11-27 08:00:00,4448.79,4354.43,34.14
2025-11-27 09:00:00,4521.66,4416.87,72.48
2025-11-27 10:00:00,4587.81,4363.44,69.76
2025-11-27 11:00:00,4502.0,4407.31,67.29
2025-11-27 12:00:00,4315.37,4298.32,94.41
2025-11-27 13:00:00,4514.94,4491.75,116.86
2025-11-27 14:00:00,4531.68,4537.47,92.83
2025-11-27 15:00:00,4567.41,4535.62,60.95
2025-11-27 16:00:00,4646.9,4585.5,86.94
2025-11-27 17:00:00,4618.69,4584.57,61.67
2025-11-27 18:00:00,4478.84,4496.56,21.56
2025-11-27 19:00:00,4355.62,4356.2,5.93
2025-11-27 20:00:00,4192.86,4186.79,1.38
2025-11-27 21:00:00,4066.21,4041.87,0.28
2025-11-27 22:00:00,4013.55,4024.54,0.04
2025-11-27 23:00:00,3919.01,3917.0,0.0
2025-11-28 00:00:00,3692.22,3660.28,0.0
2025-11-28 01:00:00,3549.86,3520.97,0.0
2025-11-28 02:00:00,3464.18,3444.15,0.0
2025-11-28 03:00:00,3429.59,3394.94,0.0
2025-11-28 04:00:00,3453.55,3443.93,0.0
2025-11-28 05:00:00,3568.3,3549.9,0.0
2025-11-28 06:00:00,3814.6,3754.05,0.02
2025-11-28 07:00:00,4152.79,4066.58,2.62
2025-11-28 08:00:00,4416.08,4387.32,32.65
2025-11-28 09:00:00,4312.3,4410.75,85.88
2025-11-28 10:00:00,4121.96,4238.39,153.42
2025-11-28 11:00:00,3945.45,3952.07,200.75
2025-11-28 12:00:00,3738.41,3718.82,242.29
2025-11-28 13:00:00,3932.12,3907.82,241.89
2025-11-28 14:00:00,4072.85,4044.69,220.02
2025-11-28 15:00:00,4263.97,4188.44,165.74
2025-11-28 16:00:00,4457.03,4360.59,119.77
2025-11-28 17:00:00,4501.06,4464.63,84.97
2025-11-28 18:00:00,4419.03,4440.57,81.29
2025-11-28 19:00:00,4329.67,4325.22,62.35
2025-11-28 20:00:00,4166.56,4152.38,24.2
2025-11-28 21:00:00,4019.14,3999.16,4.43
2025-11-28 22:00:00,3992.07,4007.21,1.38
2025-11-28 23:00:00,3931.31,3920.63,0.3
2025-11-29 00:00:00,3714.35,3683.44,0.03
2025-11-29 01:00:00,3553.16,3545.84,0.0
2025-11-29 02:00:00,3453.07,3456.97,0.0
2025-11-29 03:00:00,3400.11,3394.26,0.0
2025-11-29 04:00:00,3404.98,3413.89,0.0
2025-11-29 05:00:00,3459.08,3489.05,0.0
2025-11-29 06:00:00,3554.68,3559.34,0.01
2025-11-29 07:00:00,3632.55,3587.43,4.34
2025-11-29 08:00:00,3607.75,3611.21,52.13
2025-11-29 09:00:00,3483.65,3532.54,136.38
2025-11-29 10:00:00,3372.6,3406.88,199.15
2025-11-29 11:00:00,3271.17,3256.95,235.1
2025-11-29 12:00:00,3188.83,3175.52,251.41
2025-11-29 13:00:00,3261.75,3287.74,250.77
2025-11-29 14:00:00,3359.72,3372.29,221.4
2025-11-29 15:00:00,3500.55,3485.91,145.35
2025-11-29 16:00:00,3685.41,3677.77,113.87
2025-11-29 17:00:00,3809.79,3816.84,84.61
2025-11-29 18:00:00,3832.41,3860.7,80.99
2025-11-29 19:00:00,3780.99,3800.7,66.85
2025-11-29 20:00:00,3683.21,3692.63,30.14
2025-11-29 21:00:00,3586.45,3606.79,7.47
2025-11-29 22:00:00,3571.58,3622.24,1.61
2025-11-29 23:00:00,3535.63,3550.09,0.31
2025-11-30 00:00:00,3337.23,3339.02,0.04
2025-11-30 01:00:00,3184.56,3201.01,0.01
2025-11-30 02:00:00,3100.08,3123.75,0.0
2025-11-30 03:00:00,3060.81,3078.21,0.0
2025-11-30 04:00:00,3066.75,3081.55,0.0
2025-11-30 05:00:00,3132.44,3144.63,0.0
2025-11-30 06:00:00,3209.79,3226.25,0.01
2025-11-30 07:00:00,3241.29,3239.5,3.23
2025-11-30 08:00:00,3217.36,3185.91,44.21
2025-11-30 09:00:00,3109.74,3122.85,119.73
2025-11-30 10:00:00,3023.79,3071.86,180.94
2025-11-30 11:00:00,2925.82,3010.83,216.26
2025-11-30 12:00:00,2876.4,2927.14,230.84
2025-11-30 13:00:00,2927.75,2949.41,229.24
2025-11-30 14:00:00,3059.61,3012.69,208.77
2025-11-30 15:00:00,3241.67,3187.06,135.41
2025-11-30 16:00:00,3456.56,3443.13,110.01
2025-11-30 17:00:00,3653.58,3655.85,84.02
2025-11-30 18:00:00,3705.42,3751.25,78.77
2025-11-30 19:00:00,3670.65,3702.26,66.21
2025-11-30 20:00:00,3594.42,3590.42,28.35
2025-11-30 21:00:00,3517.21,3481.96,6.98
2025-11-30 22:00:00,3478.43,3486.11,1.47
2025-11-30 23:00:00,3400.21,3474.83,0.28
2025-12-01 00:00:00,3009.7,3205.13,0.04
2025-12-01 01:00:00,2887.18,2971.45,0.01
2025-12-01 02:00:00,2817.42,2874.86,0.0
2025-12-01 03:00:00,2807.16,2835.82,0.0
2025-12-01 04:00:00,2861.25,2904.36,0.0
2025-12-01 05:00:00,3003.43,2964.28,0.0
2025-12-01 06:00:00,3269.5,3106.75,0.0
2025-12-01 07:00:00,3662.14,3420.92,2.45
2025-12-01 08:00:00,4005.15,3881.45,35.8
2025-12-01 09:00:00,3958.25,4057.25,95.4
2025-12-01 10:00:00,3829.18,3917.86,165.07
2025-12-01 11:00:00,3696.93,3689.57,226.5
2025-12-01 12:00:00,3495.82,3550.3,256.67
2025-12-01 13:00:00,3687.33,3740.09,261.29
2025-12-01 14:00:00,3858.35,3864.22,251.91
2025-12-01 15:00:00,4014.25,3992.05,167.89
2025-12-01 16:00:00,4206.67,4176.48,115.28
2025-12-01 17:00:00,4256.23,4236.48,81.35
2025-12-01 18:00:00,4198.4,4211.67,78.05
2025-12-01 19:00:00,4110.34,4104.18,66.37
2025-12-01 20:00:00,3934.27,3937.65,30.34
2025-12-01 21:00:00,3793.29,3770.02,7.13
2025-12-01 22:00:00,3738.42,3767.55,1.53
2025-12-01 23:00:00,3665.65,3667.6,0.3
2025-12-02 00:00:00,3444.77,3409.8,0.04
2025-12-02 01:00:00,3315.3,3273.33,0.02
2025-12-02 02:00:00,3239.65,3199.54,0.0
2025-12-02 03:00:00,3208.96,3144.56,0.0
2025-12-02 04:00:00,3240.66,3181.37,0.0
2025-12-02 05:00:00,3348.78,3321.02,0.0
2025-12-02 06:00:00,3571.09,3556.38,0.01
2025-12-02 07:00:00,3918.19,3859.31,1.81
2025-12-02 08:00:00,4257.49,4180.59,31.95
2025-12-02 09:00:00,4223.97,4260.56,102.79
2025-12-02 10:00:00,4064.31,4118.35,172.33
2025-12-02 11:00:00,3916.81,3905.03,208.48
2025-12-02 12:00:00,3734.22,3784.92,203.42
2025-12-02 13:00:00,3954.89,3964.11,190.12
2025-12-02 14:00:00,4102.36,4082.31,177.05
2025-12-02 15:00:00,4239.22,4234.0,118.04
2025-12-02 16:00:00,4423.17,4352.78,93.82
2025-12-02 17:00:00,4475.69,4418.87,79.8
2025-12-02 18:00:00,4403.75,4383.57,74.01
2025-12-02 19:00:00,4277.91,4272.67,57.69
2025-12-02 20:00:00,4102.42,4093.58,15.46
2025-12-02 21:00:00,3944.56,3919.11,4.16
2025-12-02 22:00:00,3911.87,3907.1,1.32
2025-12-02 23:00:00,3830.27,3787.02,0.24
2025-12-03 00:00:00,3615.51,3543.88,0.04
2025-12-03 01:00:00,3477.78,3435.37,0.01
2025-12-03 02:00:00,3401.41,3391.49,0.0
2025-12-03 03:00:00,3371.06,3374.53,0.0
2025-12-03 04:00:00,3395.18,3401.33,0.0
2025-12-03 05:00:00,3511.0,3515.23,0.0
2025-12-03 06:00:00,3747.17,3739.92,0.01
2025-12-03 07:00:00,4124.55,4061.59,1.8
2025-12-03 08:00:00,4462.82,4418.3,28.88
2025-12-03 09:00:00,4469.67,4484.44,107.55
2025-12-03 10:00:00,4358.11,4378.67,190.47
2025-12-03 11:00:00,4173.14,4158.62,198.29
2025-12-03 12:00:00,3960.05,3931.18,161.16
2025-12-03 13:00:00,4168.83,4157.37,129.84
2025-12-03 14:00:00,4266.41,4289.08,97.54
2025-12-03 15:00:00,4467.27,4360.88,80.52
2025-12-03 16:00:00,4713.59,4511.88,96.06
2025-12-03 17:00:00,4719.79,4614.86,81.95
2025-12-03 18:00:00,4609.2,4604.32,76.4
2025-12-03 19:00:00,4455.8,4486.82,39.54
2025-12-03 20:00:00,4263.72,4299.95,9.67
2025-12-03 21:00:00,4107.0,4135.42,3.05
2025-12-03 22:00:00,4052.31,4098.95,1.04
2025-12-03 23:00:00,3974.25,3974.98,0.18
2025-12-04 00:00:00,3764.17,3742.12,0.01
2025-12-04 01:00:00,3628.32,3621.29,0.0
2025-12-04 02:00:00,3534.67,3545.91,0.0
2025-12-04 03:00:00,3501.4,3508.73,0.0
2025-12-04 04:00:00,3522.61,3534.86,0.0
2025-12-04 05:00:00,3631.63,3656.21,0.0
2025-12-04 06:00:00,3865.79,3893.02,0.01
2025-12-04 07:00:00,4250.82,4266.22,1.7
2025-12-04 08:00:00,4621.4,4624.93,24.41
2025-12-04 09:00:00,4590.97,4665.27,68.32
2025-12-04 10:00:00,4436.07,4489.11,104.76
2025-12-04 11:00:00,4235.25,4254.44,140.32
2025-12-04 12:00:00,3991.19,4055.09,165.2
2025-12-04 13:00:00,4162.55,4248.99,152.8
2025-12-04 14:00:00,4314.47,4313.65,142.29
2025-12-04 15:00:00,4499.59,4411.05,138.6
2025-12-04 16:00:00,4674.66,4605.83,111.67
2025-12-04 17:00:00,4688.43,4642.29,79.26
2025-12-04 18:00:00,4547.82,4599.74,44.53
2025-12-04 19:00:00,4394.29,4421.84,16.8
2025-12-04 20:00:00,4210.0,4180.62,4.99
2025-12-04 21:00:00,4053.61,4045.26,1.78
2025-12-04 22:00:00,3995.84,4057.55,0.62
2025-12-04 23:00:00,3932.25,3953.89,0.1
2025-12-05 00:00:00,3722.75,3693.95,0.0
2025-12-05 01:00:00,3590.22,3544.07,0.0
2025-12-05 02:00:00,3508.24,3483.92,0.0
2025-12-05 03:00:00,3476.43,3484.68,0.0
2025-12-05 04:00:00,3495.9,3502.46,0.0
2025-12-05 05:00:00,3599.93,3632.39,0.0
2025-12-05 06:00:00,3830.94,3844.39,0.01
2025-12-05 07:00:00,4198.71,4104.76,2.57
2025-12-05 08:00:00,4584.21,4418.78,40.3
2025-12-05 09:00:00,4613.43,4502.48,119.01
2025-12-05 10:00:00,4503.15,4473.19,190.91
2025-12-05 11:00:00,4315.63,4279.39,219.41
2025-12-05 12:00:00,4049.37,4041.86,242.84
2025-12-05 13:00:00,4211.41,4231.36,270.17
2025-12-05 14:00:00,4308.43,4338.92,245.49
2025-12-05 15:00:00,4408.46,4401.97,149.53
2025-12-05 16:00:00,4573.5,4510.49,110.61
2025-12-05 17:00:00,4582.5,4530.65,84.55
2025-12-05 18:00:00,4469.03,4435.65,81.56
2025-12-05 19:00:00,4353.82,4292.17,66.72
2025-12-05 20:00:00,4171.2,4146.91,22.8
2025-12-05 21:00:00,4026.53,4013.56,4.99
2025-12-05 22:00:00,3975.26,4028.36,1.64
2025-12-05 23:00:00,3910.42,3927.3,0.32
2025-12-06 00:00:00,3691.09,3657.79,0.04
2025-12-06 01:00:00,3538.56,3523.94,0.01
2025-12-06 02:00:00,3446.36,3437.44,0.0
2025-12-06 03:00:00,3393.44,3409.8,0.0
2025-12-06 04:00:00,3388.79,3424.41,0.0
2025-12-06 05:00:00,3430.09,3480.27,0.0
2025-12-06 06:00:00,3523.18,3570.67,0.01
2025-12-06 07:00:00,3613.05,3634.48,2.69
2025-12-06 08:00:00,3642.55,3690.95,46.39
2025-12-06 09:00:00,3553.58,3587.93,131.52
2025-12-06 10:00:00,3497.87,3489.06,198.81
2025-12-06 11:00:00,3439.04,3380.93,233.4
2025-12-06 12:00:00,3380.38,3298.17,251.16
2025-12-06 13:00:00,3466.44,3440.71,215.73
2025-12-06 14:00:00,3547.55,3550.46,168.92
2025-12-06 15:00:00,3616.1,3671.53,111.5
2025-12-06 16:00:00,3734.16,3815.99,104.77
2025-12-06 17:00:00,3812.4,3870.69,84.38
2025-12-06 18:00:00,3834.59,3866.79,81.32
2025-12-06 19:00:00,3776.08,3779.78,66.41
2025-12-06 20:00:00,3672.43,3672.75,28.52
2025-12-06 21:00:00,3572.48,3588.61,6.11
2025-12-06 22:00:00,3556.89,3640.33,1.46
2025-12-06 23:00:00,3521.92,3555.74,0.26
2025-12-07 00:00:00,3348.09,3346.45,0.04
2025-12-07 01:00:00,3208.85,3197.79,0.01
2025-12-07 02:00:00,3119.91,3087.57,0.0
2025-12-07 03:00:00,3056.11,3061.54,0.0
2025-12-07 04:00:00,3046.63,3069.74,0.0
2025-12-07 05:00:00,3093.32,3132.12,0.0
2025-12-07 06:00:00,3167.78,3202.41,0.01
2025-12-07 07:00:00,3221.47,3228.06,1.8
2025-12-07 08:00:00,3215.97,3249.27,31.71
2025-12-07 09:00:00,3112.12,3174.24,83.33
2025-12-07 10:00:00,3016.22,3065.07,118.28
2025-12-07 11:00:00,2937.08,3019.05,160.67
2025-12-07 12:00:00,2928.97,2955.8,187.19
2025-12-07 13:00:00,2977.29,3021.7,181.13
2025-12-07 14:00:00,3079.46,3098.73,154.14
2025-12-07 15:00:00,3237.39,3282.83,109.96
2025-12-07 16:00:00,3436.2,3501.75,104.59
2025-12-07 17:00:00,3618.22,3697.67,84.22
2025-12-07 18:00:00,3656.38,3754.63,72.83
2025-12-07 19:00:00,3587.26,3644.4,42.71
2025-12-07 20:00:00,3512.31,3529.57,11.25
2025-12-07 21:00:00,3436.82,3430.58,2.58
2025-12-07 22:00:00,3400.39,3434.9,0.66
2025-12-07 23:00:00,3339.65,3427.42,0.07
2025-12-08 00:00:00,3179.17,3212.55,0.01
2025-12-08 01:00:00,3046.91,3060.7,0.0
2025-12-08 02:00:00,2980.54,2945.66,0.01
2025-12-08 03:00:00,2961.06,2900.1,0.0
2025-12-08 04:00:00,3016.78,2989.63,0.0
2025-12-08 05:00:00,3157.84,3137.47,0.0
2025-12-08 06:00:00,3443.22,3369.44,0.01
2025-12-08 07:00:00,3874.04,3753.08,1.08
2025-12-08 08:00:00,4304.31,4126.94,32.65
2025-12-08 09:00:00,4298.16,4247.31,104.65
2025-12-08 10:00:00,4148.03,4182.19,184.51
2025-12-08 11:00:00,3978.09,3972.82,231.27
2025-12-08 12:00:00,3767.59,3794.09,252.56
2025-12-08 13:00:00,3966.94,3929.23,259.12
2025-12-08 14:00:00,4125.14,4022.55,242.98
2025-12-08 15:00:00,4264.91,4153.36,153.88
2025-12-08 16:00:00,4465.21,4341.88,110.67
2025-12-08 17:00:00,4508.03,4397.93,81.78
2025-12-08 18:00:00,4419.97,4383.67,77.83
2025-12-08 19:00:00,4309.31,4218.91,65.81
2025-12-08 20:00:00,4118.17,4053.6,29.3
2025-12-08 21:00:00,3956.2,3909.2,6.94
2025-12-08 22:00:00,3910.21,3918.01,1.57
2025-12-08 23:00:00,3835.27,3823.4,0.31
2025-12-09 00:00:00,3619.94,3592.26,0.04
2025-12-09 01:00:00,3491.42,3497.95,0.01
2025-12-09 02:00:00,3413.93,3415.61,0.0
2025-12-09 03:00:00,3388.67,3366.74,0.0
2025-12-09 04:00:00,3417.46,3404.69,0.0
2025-12-09 05:00:00,3536.75,3481.63,0.0
2025-12-09 06:00:00,3779.32,3726.44,0.01
2025-12-09 07:00:00,4161.83,4052.63,2.15
2025-12-09 08:00:00,4515.54,4433.48,43.96
2025-12-09 09:00:00,4475.27,4467.42,127.41
2025-12-09 10:00:00,4321.46,4338.21,201.51
2025-12-09 11:00:00,4122.55,4103.51,244.04
2025-12-09 12:00:00,3880.95,3892.53,259.25
2025-12-09 13:00:00,4065.62,4075.42,269.71
2025-12-09 14:00:00,4209.24,4216.88,252.01
2025-12-09 15:00:00,4337.45,4337.78,159.09
2025-12-09 16:00:00,4446.23,4477.11,110.26
2025-12-09 17:00:00,4465.91,4490.69,81.68
2025-12-09 18:00:00,4430.68,4427.96,76.3
2025-12-09 19:00:00,4334.01,4316.57,66.05
2025-12-09 20:00:00,4142.82,4131.14,30.56
2025-12-09 21:00:00,3968.82,3944.39,7.6
2025-12-09 22:00:00,3911.01,3941.63,1.64
2025-12-09 23:00:00,3842.74,3850.78,0.31
2025-12-10 00:00:00,3622.47,3614.06,0.04
2025-12-10 01:00:00,3487.22,3479.35,0.02
2025-12-10 02:00:00,3406.24,3418.71,0.0
2025-12-10 03:00:00,3377.12,3346.82,0.0
2025-12-10 04:00:00,3401.92,3372.3,0.0
2025-12-10 05:00:00,3518.23,3490.98,0.0
2025-12-10 06:00:00,3744.53,3742.45,0.01
2025-12-10 07:00:00,4093.1,4098.12,1.54
2025-12-10 08:00:00,4457.5,4449.2,37.26
2025-12-10 09:00:00,4499.07,4490.79,98.97
2025-12-10 10:00:00,4379.1,4417.27,160.73
2025-12-10 11:00:00,4210.9,4185.0,213.05
2025-12-10 12:00:00,3994.97,3967.91,226.32
2025-12-10 13:00:00,4139.07,4163.74,194.86
2025-12-10 14:00:00,4231.68,4233.86,147.7
2025-12-10 15:00:00,4330.35,4294.55,99.69
2025-12-10 16:00:00,4378.2,4412.45,105.63
2025-12-10 17:00:00,4346.37,4384.89,81.94
2025-12-10 18:00:00,4310.21,4321.56,77.59
2025-12-10 19:00:00,4219.56,4225.83,60.95
2025-12-10 20:00:00,4035.74,4079.54,18.81
2025-12-10 21:00:00,3884.76,3923.66,3.84
2025-12-10 22:00:00,3845.14,3892.36,1.25
2025-12-10 23:00:00,3763.98,3784.01,0.22
2025-12-11 00:00:00,3550.96,3560.38,0.02
2025-12-11 01:00:00,3402.03,3435.16,0.0
2025-12-11 02:00:00,3326.34,3341.9,0.0
2025-12-11 03:00:00,3299.12,3276.78,0.0
2025-12-11 04:00:00,3317.42,3270.73,0.0
2025-12-11 05:00:00,3426.27,3365.75,0.0
2025-12-11 06:00:00,3638.7,3576.17,0.0
2025-12-11 07:00:00,3988.9,3876.8,0.2
2025-12-11 08:00:00,4371.26,4234.54,13.91
2025-12-11 09:00:00,4473.74,4378.93,68.2
2025-12-11 10:00:00,4404.15,4377.03,126.82
2025-12-11 11:00:00,4282.88,4283.44,135.95
2025-12-11 12:00:00,4020.71,4110.2,107.92
2025-12-11 13:00:00,4126.16,4232.33,123.99
2025-12-11 14:00:00,4138.22,4226.34,133.91
2025-12-11 15:00:00,4234.49,4246.83,116.23
2025-12-11 16:00:00,4400.73,4353.77,103.81
2025-12-11 17:00:00,4434.36,4402.88,77.46
2025-12-11 18:00:00,4359.56,4422.8,55.35
2025-12-11 19:00:00,4238.72,4306.25,17.61
2025-12-11 20:00:00,4089.74,4125.81,4.19
2025-12-11 21:00:00,3962.87,3988.38,0.98
2025-12-11 22:00:00,3917.35,3988.09,0.18
2025-12-11 23:00:00,3853.06,3951.52,0.02
2025-12-12 00:00:00,3649.19,3720.35,0.06
2025-12-12 01:00:00,3508.92,3549.68,0.06
2025-12-12 02:00:00,3430.7,3474.51,0.06
2025-12-12 03:00:00,3398.05,3444.65,0.06
2025-12-12 04:00:00,3419.03,3473.81,0.06
2025-12-12 05:00:00,3526.2,3606.98,0.06
2025-12-12 06:00:00,3750.76,3793.94,0.07
2025-12-12 07:00:00,4112.63,3971.46,1.83
2025-12-12 08:00:00,4462.16,4251.05,40.06
2025-12-12 09:00:00,4426.97,4349.13,121.91
2025-12-12 10:00:00,4270.14,4221.76,195.64
2025-12-12 11:00:00,4092.66,3988.86,236.76
2025-12-12 12:00:00,3886.76,3780.35,256.81
2025-12-12 13:00:00,4055.69,4027.25,267.69
2025-12-12 14:00:00,4201.8,4168.91,251.19
2025-12-12 15:00:00,4284.61,4301.03,160.45
2025-12-12 16:00:00,4386.63,4435.0,116.82
2025-12-12 17:00:00,4368.65,4448.87,85.03
2025-12-12 18:00:00,4282.61,4331.94,81.7
2025-12-12 19:00:00,4179.44,4201.47,67.63
2025-12-12 20:00:00,4027.31,4053.23,31.03
2025-12-12 21:00:00,3874.91,3897.84,7.46
2025-12-12 22:00:00,3841.06,3890.09,1.71
2025-12-12 23:00:00,3780.51,3819.97,0.36
2025-12-13 00:00:00,3575.0,3580.09,0.04
2025-12-13 01:00:00,3419.61,3456.63,0.02
2025-12-13 02:00:00,3321.85,3369.96,0.01
2025-12-13 03:00:00,3264.5,3332.57,0.0
2025-12-13 04:00:00,3264.9,3347.72,0.0
2025-12-13 05:00:00,3311.13,3403.67,0.0
2025-12-13 06:00:00,3395.47,3456.45,0.01
2025-12-13 07:00:00,3483.13,3522.57,0.48
2025-12-13 08:00:00,3563.76,3589.76,12.7
2025-12-13 09:00:00,3613.58,3584.98,34.97
2025-12-13 10:00:00,3645.53,3583.95,58.4
2025-12-13 11:00:00,3625.82,3570.91,66.97
2025-12-13 12:00:00,3584.44,3531.12,47.75
2025-12-13 13:00:00,3660.42,3655.52,30.31
2025-12-13 14:00:00,3686.1,3704.19,18.28
2025-12-13 15:00:00,3700.28,3706.55,7.5
2025-12-13 16:00:00,3773.32,3790.79,41.54
2025-12-13 17:00:00,3778.97,3808.32,5.78
2025-12-13 18:00:00,3771.61,3778.26,2.17
2025-12-13 19:00:00,3720.41,3685.92,0.97
2025-12-13 20:00:00,3657.2,3598.74,0.27
2025-12-13 21:00:00,3571.88,3537.66,0.01
2025-12-13 22:00:00,3568.79,3592.23,0.0
2025-12-13 23:00:00,3535.51,3539.89,0.0
2025-12-14 00:00:00,3356.19,3337.41,0.0
2025-12-14 01:00:00,3217.6,3191.09,0.0
2025-12-14 02:00:00,3131.64,3092.77,0.0
2025-12-14 03:00:00,3086.64,3063.32,0.0
2025-12-14 04:00:00,3094.55,3091.42,0.0
2025-12-14 05:00:00,3135.73,3155.36,0.0
2025-12-14 06:00:00,3209.58,3237.13,0.01
2025-12-14 07:00:00,3275.09,3285.05,0.15
2025-12-14 08:00:00,3351.02,3282.34,8.25
2025-12-14 09:00:00,3371.7,3300.0,32.86
2025-12-14 10:00:00,3379.23,3311.37,75.51
2025-12-14 11:00:00,3323.16,3321.91,114.1
2025-12-14 12:00:00,3242.24,3239.12,97.53
2025-12-14 13:00:00,3241.96,3282.31,75.25
2025-12-14 14:00:00,3266.53,3297.32,54.94
2025-12-14 15:00:00,3372.37,3396.6,44.52
2025-12-14 16:00:00,3583.31,3578.43,90.21
2025-12-14 17:00:00,3745.12,3749.93,49.59
2025-12-14 18:00:00,3755.81,3796.66,6.69
2025-12-14 19:00:00,3721.44,3755.77,3.12
2025-12-14 20:00:00,3661.9,3659.22,1.1
2025-12-14 21:00:00,3589.75,3545.35,0.31
2025-12-14 22:00:00,3549.11,3543.01,0.08
2025-12-14 23:00:00,3503.28,3515.16,0.03
2025-12-15 00:00:00,3335.99,3313.93,0.0
2025-12-15 01:00:00,3203.18,3203.82,0.0
2025-12-15 02:00:00,3138.54,3120.7,0.0
2025-12-15 03:00:00,3132.03,3088.39,0.0
2025-12-15 04:00:00,3177.03,3148.6,0.0
2025-12-15 05:00:00,3315.06,3317.8,0.0
2025-12-15 06:00:00,3603.36,3588.47,0.01
2025-12-15 07:00:00,4055.16,4017.48,1.03
2025-12-15 08:00:00,4535.86,4500.94,29.54
2025-12-15 09:00:00,4658.33,4650.52,101.29
2025-12-15 10:00:00,4596.52,4602.36,167.52
2025-12-15 11:00:00,4448.1,4443.23,211.33
2025-12-15 12:00:00,4222.58,4210.53,229.05
2025-12-15 13:00:00,4389.52,4383.39,230.46
2025-12-15 14:00:00,4471.83,4457.04,211.72
2025-12-15 15:00:00,4527.34,4512.84,138.18
2025-12-15 16:00:00,4609.94,4596.44,106.48
2025-12-15 17:00:00,4583.11,4553.94,84.7
2025-12-15 18:00:00,4503.71,4490.73,82.79
2025-12-15 19:00:00,4371.63,4355.59,64.0
2025-12-15 20:00:00,4163.49,4156.81,24.18
2025-12-15 21:00:00,3994.22,3997.21,5.12
2025-12-15 22:00:00,3930.74,3974.96,1.5
2025-12-15 23:00:00,3851.06,3923.8,0.27
2025-12-16 00:00:00,3626.54,3669.62,0.02
2025-12-16 01:00:00,3481.6,3523.35,0.0
2025-12-16 02:00:00,3399.0,3456.48,0.0
2025-12-16 03:00:00,3366.23,3435.8,0.0
2025-12-16 04:00:00,3391.98,3463.43,0.0
2025-12-16 05:00:00,3498.99,3554.16,0.0
2025-12-16 06:00:00,3732.58,3755.32,0.01
2025-12-16 07:00:00,4099.34,4103.79,0.77
2025-12-16 08:00:00,4534.32,4546.31,23.57
2025-12-16 09:00:00,4691.58,4690.15,76.97
2025-12-16 10:00:00,4680.7,4705.14,101.55
2025-12-16 11:00:00,4570.53,4620.35,84.58
2025-12-16 12:00:00,4395.75,4454.91,65.56
2025-12-16 13:00:00,4586.48,4640.29,63.83
2025-12-16 14:00:00,4624.85,4710.24,50.14
2025-12-16 15:00:00,4614.49,4699.22,35.12
2025-12-16 16:00:00,4649.4,4685.32,80.86
2025-12-16 17:00:00,4536.48,4608.56,48.18
2025-12-16 18:00:00,4374.07,4494.04,20.82
2025-12-16 19:00:00,4235.7,4325.55,3.81
2025-12-16 20:00:00,4091.01,4113.76,1.25
2025-12-16 21:00:00,3949.09,3981.04,0.22
2025-12-16 22:00:00,3885.42,3994.33,0.0
2025-12-16 23:00:00,3808.43,3923.3,0.0
2025-12-17 00:00:00,3594.93,3681.92,0.0
2025-12-17 01:00:00,3440.35,3553.29,0.0
2025-12-17 02:00:00,3338.79,3445.17,0.0
2025-12-17 03:00:00,3299.96,3385.12,0.0
2025-12-17 04:00:00,3325.1,3374.44,0.0
2025-12-17 05:00:00,3422.9,3435.29,0.0
2025-12-17 06:00:00,3652.68,3612.76,0.01
2025-12-17 07:00:00,4013.52,3915.48,0.35
2025-12-17 08:00:00,4384.5,4328.76,19.24
2025-12-17 09:00:00,4391.04,4457.36,65.45
2025-12-17 10:00:00,4281.8,4304.43,131.56
2025-12-17 11:00:00,4137.97,4109.07,178.44
2025-12-17 12:00:00,3891.87,3912.06,188.93
2025-12-17 13:00:00,4010.14,3989.73,169.95
2025-12-17 14:00:00,4084.6,4044.98,137.7
2025-12-17 15:00:00,4217.42,4119.79,103.64
2025-12-17 16:00:00,4393.34,4259.69,104.11
2025-12-17 17:00:00,4415.33,4332.46,80.88
2025-12-17 18:00:00,4346.87,4324.54,71.05
2025-12-17 19:00:00,4239.19,4242.05,35.13
2025-12-17 20:00:00,4086.32,4088.9,8.12
2025-12-17 21:00:00,3957.17,3940.88,5.1
2025-12-17 22:00:00,3913.08,3923.64,2.98
2025-12-17 23:00:00,3829.81,3850.78,0.18
2025-12-18 00:00:00,3617.04,3604.37,0.0
2025-12-18 01:00:00,3481.93,3468.33,0.0
2025-12-18 02:00:00,3405.23,3379.25,0.0
2025-12-18 03:00:00,3375.15,3359.71,0.0
2025-12-18 04:00:00,3405.34,3389.09,0.0
2025-12-18 05:00:00,3531.19,3467.76,0.0
2025-12-18 06:00:00,3761.42,3699.92,0.01
2025-12-18 07:00:00,4137.56,4044.9,1.06
2025-12-18 08:00:00,4512.8,4483.67,36.39
2025-12-18 09:00:00,4462.33,4564.66,116.65
2025-12-18 10:00:00,4275.12,4353.14,193.27
2025-12-18 11:00:00,4061.25,4137.81,238.18
2025-12-18 12:00:00,3807.0,3928.39,257.8
2025-12-18 13:00:00,3969.58,4025.31,266.19
2025-12-18 14:00:00,4099.92,4166.67,242.74
2025-12-18 15:00:00,4237.81,4264.43,161.51
2025-12-18 16:00:00,4405.79,4386.91,117.57
2025-12-18 17:00:00,4445.51,4450.14,85.24
2025-12-18 18:00:00,4391.61,4401.71,82.29
2025-12-18 19:00:00,4310.08,4324.22,67.81
2025-12-18 20:00:00,4146.35,4164.13,30.95
2025-12-18 21:00:00,3983.79,4023.38,7.2
2025-12-18 22:00:00,3932.06,3986.34,1.76
2025-12-18 23:00:00,3859.7,3922.51,0.33
2025-12-19 00:00:00,3651.87,3667.17,0.04
2025-12-19 01:00:00,3502.26,3554.54,0.02
2025-12-19 02:00:00,3420.38,3443.74,0.0
2025-12-19 03:00:00,3389.57,3407.5,0.0
2025-12-19 04:00:00,3406.4,3423.69,0.0
2025-12-19 05:00:00,3511.78,3531.99,0.0
2025-12-19 06:00:00,3724.94,3736.8,0.0
2025-12-19 07:00:00,4082.02,4023.18,0.11
2025-12-19 08:00:00,4496.33,4363.55,9.82
2025-12-19 09:00:00,4598.38,4535.71,48.01
2025-12-19 10:00:00,4550.37,4528.4,118.29
2025-12-19 11:00:00,4381.38,4388.36,185.29
2025-12-19 12:00:00,4083.51,4194.07,214.03
2025-12-19 13:00:00,4153.8,4296.67,204.65
2025-12-19 14:00:00,4173.13,4312.97,184.31
2025-12-19 15:00:00,4204.33,4320.58,138.14
2025-12-19 16:00:00,4277.92,4397.14,111.46
2025-12-19 17:00:00,4264.59,4361.45,84.27
2025-12-19 18:00:00,4183.58,4259.38,80.35
2025-12-19 19:00:00,4093.13,4166.53,57.57
2025-12-19 20:00:00,3935.46,4021.72,16.16
2025-12-19 21:00:00,3803.24,3868.56,2.83
2025-12-19 22:00:00,3772.49,3841.75,0.98
2025-12-19 23:00:00,3719.74,3779.03,0.07
2025-12-20 00:00:00,3508.47,3555.02,0.01
2025-12-20 01:00:00,3353.5,3400.77,0.0
2025-12-20 02:00:00,3260.18,3322.97,0.0
2025-12-20 03:00:00,3210.98,3295.39,0.0
2025-12-20 04:00:00,3203.12,3313.67,0.0
2025-12-20 05:00:00,3240.43,3340.56,0.0
2025-12-20 06:00:00,3322.13,3387.5,0.0
2025-12-20 07:00:00,3416.23,3457.15,0.06
2025-12-20 08:00:00,3511.24,3532.47,7.54
2025-12-20 09:00:00,3616.09,3536.04,28.06
2025-12-20 10:00:00,3650.81,3570.04,46.17
2025-12-20 11:00:00,3613.15,3560.18,52.56
2025-12-20 12:00:00,3530.12,3481.8,58.52
2025-12-20 13:00:00,3534.59,3571.9,50.75
2025-12-20 14:00:00,3525.52,3589.38,29.34
2025-12-20 15:00:00,3527.42,3606.55,11.88
2025-12-20 16:00:00,3603.66,3683.75,57.32
2025-12-20 17:00:00,3604.36,3694.51,10.27
2025-12-20 18:00:00,3592.22,3655.72,2.56
2025-12-20 19:00:00,3554.45,3606.6,1.15
2025-12-20 20:00:00,3500.81,3494.57,0.36
2025-12-20 21:00:00,3453.33,3427.72,0.02
2025-12-20 22:00:00,3478.34,3474.99,0.0
2025-12-20 23:00:00,3455.78,3470.87,0.0
2025-12-21 00:00:00,3272.58,3310.75,0.0
2025-12-21 01:00:00,3139.21,3163.74,0.0
2025-12-21 02:00:00,3055.16,3066.06,0.0
2025-12-21 03:00:00,3017.51,3013.41,0.0
2025-12-21 04:00:00,3037.37,3045.26,0.0
2025-12-21 05:00:00,3084.95,3103.67,0.0
2025-12-21 06:00:00,3166.54,3167.0,0.01
2025-12-21 07:00:00,3247.16,3239.66,0.16
2025-12-21 08:00:00,3279.36,3261.97,12.5
2025-12-21 09:00:00,3233.82,3259.22,36.14
2025-12-21 10:00:00,3196.32,3192.49,60.41
2025-12-21 11:00:00,3142.08,3152.45,102.29
2025-12-21 12:00:00,3026.09,3084.52,135.5
2025-12-21 13:00:00,2950.15,3082.72,168.58
2025-12-21 14:00:00,2968.44,3060.39,163.59
2025-12-21 15:00:00,3210.83,3133.24,147.65
2025-12-21 16:00:00,3509.65,3389.77,116.2
2025-12-21 17:00:00,3737.6,3623.83,80.44
2025-12-21 18:00:00,3783.97,3723.8,51.46
2025-12-21 19:00:00,3734.11,3711.92,15.68
2025-12-21 20:00:00,3677.53,3651.55,4.88
2025-12-21 21:00:00,3610.44,3546.74,2.05
2025-12-21 22:00:00,3579.61,3531.8,0.39
2025-12-21 23:00:00,3544.65,3512.92,0.05
2025-12-22 00:00:00,3373.92,3325.99,0.0
2025-12-22 01:00:00,3253.45,3211.89,0.0
2025-12-22 02:00:00,3181.18,3136.52,0.0
2025-12-22 03:00:00,3158.06,3111.88,0.0
2025-12-22 04:00:00,3197.01,3156.72,0.0
2025-12-22 05:00:00,3347.83,3307.89,0.0
2025-12-22 06:00:00,3643.7,3591.97,0.01
2025-12-22 07:00:00,4129.37,4043.56,0.84
2025-12-22 08:00:00,4590.69,4548.77,35.9
2025-12-22 09:00:00,4582.62,4664.88,119.45
2025-12-22 10:00:00,4388.44,4447.97,199.82
2025-12-22 11:00:00,4211.5,4135.62,242.94
2025-12-22 12:00:00,3961.45,3920.39,247.23
2025-12-22 13:00:00,4140.29,4053.74,257.41
2025-12-22 14:00:00,4282.08,4197.79,250.11
2025-12-22 15:00:00,4416.71,4371.94,175.01
2025-12-22 16:00:00,4561.9,4517.43,117.47
2025-12-22 17:00:00,4568.85,4543.13,85.25
2025-12-22 18:00:00,4488.39,4469.96,81.5
2025-12-22 19:00:00,4377.37,4314.65,67.32
2025-12-22 20:00:00,4187.22,4114.72,30.63
2025-12-22 21:00:00,4015.7,3980.37,7.24
2025-12-22 22:00:00,3966.7,3995.94,1.67
2025-12-22 23:00:00,3895.42,3939.87,0.3
2025-12-23 00:00:00,3672.02,3686.59,0.05
2025-12-23 01:00:00,3532.56,3537.74,0.02
2025-12-23 02:00:00,3450.45,3463.89,0.0
2025-12-23 03:00:00,3407.64,3415.06,0.0
2025-12-23 04:00:00,3430.31,3435.3,0.0
2025-12-23 05:00:00,3533.49,3507.2,0.0
2025-12-23 06:00:00,3755.41,3726.59,0.01
2025-12-23 07:00:00,4130.66,4088.6,0.11
2025-12-23 08:00:00,4546.51,4578.55,15.84
2025-12-23 09:00:00,4703.47,4704.06,56.93
2025-12-23 10:00:00,4656.56,4685.54,69.22
2025-12-23 11:00:00,4567.88,4573.55,63.92
2025-12-23 12:00:00,4410.29,4402.28,59.57
2025-12-23 13:00:00,4588.2,4574.25,50.35
2025-12-23 14:00:00,4628.42,4645.5,29.52
2025-12-23 15:00:00,4613.67,4635.15,10.39
2025-12-23 16:00:00,4646.9,4658.45,64.38
2025-12-23 17:00:00,4512.94,4590.19,20.54
2025-12-23 18:00:00,4357.34,4456.77,5.15
2025-12-23 19:00:00,4236.01,4326.8,1.32
2025-12-23 20:00:00,4081.63,4129.68,0.39
2025-12-23 21:00:00,3942.44,3985.1,0.02
2025-12-23 22:00:00,3900.73,3998.97,0.0
2025-12-23 23:00:00,3823.75,3931.62,0.0
2025-12-24 00:00:00,3609.97,3671.57,0.0
2025-12-24 01:00:00,3457.58,3497.41,0.0
2025-12-24 02:00:00,3365.61,3382.02,0.0
2025-12-24 03:00:00,3328.3,3366.59,0.0
2025-12-24 04:00:00,3341.88,3384.65,0.0
2025-12-24 05:00:00,3437.43,3453.53,0.0
2025-12-24 06:00:00,3654.8,3622.46,0.0
2025-12-24 07:00:00,4006.85,3935.97,0.02
2025-12-24 08:00:00,4455.11,4323.89,4.85
2025-12-24 09:00:00,4615.03,4510.4,15.34
2025-12-24 10:00:00,4641.92,4546.03,30.84
2025-12-24 11:00:00,4553.14,4478.78,46.2
2025-12-24 12:00:00,4347.19,4328.5,62.96
2025-12-24 13:00:00,4446.78,4505.28,58.51
2025-12-24 14:00:00,4434.61,4557.21,56.96
2025-12-24 15:00:00,4419.48,4507.59,45.81
2025-12-24 16:00:00,4471.98,4509.31,76.48
2025-12-24 17:00:00,4360.76,4430.82,23.61
2025-12-24 18:00:00,4227.0,4332.71,6.17
2025-12-24 19:00:00,4120.5,4199.12,0.67
2025-12-24 20:00:00,3994.11,4064.93,0.12
2025-12-24 21:00:00,3884.74,3936.33,0.01
2025-12-24 22:00:00,3887.88,3922.98,0.0
2025-12-24 23:00:00,3840.58,3874.06,0.0
2025-12-25 00:00:00,3622.43,3671.32,0.0
2025-12-25 01:00:00,3476.94,3506.11,0.01
2025-12-25 02:00:00,3377.51,3375.95,0.0
2025-12-25 03:00:00,3328.08,3326.81,0.0
2025-12-25 04:00:00,3346.93,3321.31,0.0
2025-12-25 05:00:00,3395.35,3387.14,0.0
2025-12-25 06:00:00,3483.45,3541.08,0.01
2025-12-25 07:00:00,3581.89,3754.58,0.2
2025-12-25 08:00:00,3640.9,3794.97,12.92
2025-12-25 09:00:00,3535.6,3625.63,67.64
2025-12-25 10:00:00,3420.48,3496.89,123.71
2025-12-25 11:00:00,3361.21,3370.44,161.63
2025-12-25 12:00:00,3287.54,3275.11,146.7
2025-12-25 13:00:00,3357.18,3353.83,112.82
2025-12-25 14:00:00,3469.62,3439.5,85.6
2025-12-25 15:00:00,3649.6,3561.47,60.73
2025-12-25 16:00:00,3905.49,3757.91,93.47
2025-12-25 17:00:00,4062.84,3951.46,76.77
2025-12-25 18:00:00,4079.84,4003.59,34.97
2025-12-25 19:00:00,4025.77,3948.46,7.77
2025-12-25 20:00:00,3966.87,3866.94,2.62
2025-12-25 21:00:00,3896.03,3790.86,1.02
2025-12-25 22:00:00,3858.99,3814.84,0.24
2025-12-25 23:00:00,3829.77,3803.29,0.02
2025-12-26 00:00:00,3662.84,3643.52,0.02
2025-12-26 01:00:00,3529.47,3515.02,0.02
2025-12-26 02:00:00,3454.22,3434.49,0.01
2025-12-26 03:00:00,3416.85,3392.51,0.01
2025-12-26 04:00:00,3440.86,3403.84,0.0
2025-12-26 05:00:00,3549.93,3562.59,0.0
2025-12-26 06:00:00,3782.07,3820.35,0.01
2025-12-26 07:00:00,4188.44,4047.11,0.32
2025-12-26 08:00:00,4624.0,4382.29,15.9
2025-12-26 09:00:00,4644.31,4539.95,62.02
2025-12-26 10:00:00,4487.83,4435.33,118.42
2025-12-26 11:00:00,4277.25,4248.23,151.58
2025-12-26 12:00:00,4068.55,4068.16,177.36
2025-12-26 13:00:00,4196.26,4186.45,189.2
2025-12-26 14:00:00,4309.88,4324.46,182.98
2025-12-26 15:00:00,4462.15,4422.69,132.58
2025-12-26 16:00:00,4680.56,4626.31,114.43
2025-12-26 17:00:00,4706.94,4684.44,84.81
2025-12-26 18:00:00,4570.02,4608.18,65.72
2025-12-26 19:00:00,4405.7,4451.93,28.6
2025-12-26 20:00:00,4242.46,4228.46,9.06
2025-12-26 21:00:00,4075.46,4042.31,2.48
2025-12-26 22:00:00,4037.62,4060.9,1.1
2025-12-26 23:00:00,3988.98,4008.36,0.27
2025-12-27 00:00:00,3784.89,3794.29,0.03
2025-12-27 01:00:00,3622.66,3641.64,0.01
2025-12-27 02:00:00,3518.4,3497.81,0.0
2025-12-27 03:00:00,3466.44,3434.86,0.0
2025-12-27 04:00:00,3452.36,3459.67,0.0
2025-12-27 05:00:00,3495.45,3521.64,0.0
2025-12-27 06:00:00,3585.24,3695.3,0.01
2025-12-27 07:00:00,3695.01,3883.94,0.6
2025-12-27 08:00:00,3770.68,3855.65,30.93
2025-12-27 09:00:00,3738.23,3795.08,103.23
2025-12-27 10:00:00,3681.22,3709.59,180.83
2025-12-27 11:00:00,3636.69,3562.81,226.13
2025-12-27 12:00:00,3612.66,3498.16,244.86
2025-12-27 13:00:00,3707.95,3594.36,246.56
2025-12-27 14:00:00,3777.85,3717.87,205.19
2025-12-27 15:00:00,3798.62,3835.07,122.49
2025-12-27 16:00:00,3882.48,3913.86,107.27
2025-12-27 17:00:00,3961.62,3923.7,85.64
2025-12-27 18:00:00,3964.18,3932.7,81.97
2025-12-27 19:00:00,3893.8,3840.76,64.78
2025-12-27 20:00:00,3768.39,3750.25,26.96
2025-12-27 21:00:00,3660.23,3652.28,6.56
2025-12-27 22:00:00,3670.52,3648.43,1.58
2025-12-27 23:00:00,3650.0,3625.66,0.36
2025-12-28 00:00:00,3465.76,3490.06,0.05
2025-12-28 01:00:00,3323.21,3339.96,0.02
2025-12-28 02:00:00,3222.57,3223.05,0.03
2025-12-28 03:00:00,3164.11,3168.3,0.05
2025-12-28 04:00:00,3166.03,3181.83,0.0
2025-12-28 05:00:00,3209.41,3218.84,0.0
2025-12-28 06:00:00,3278.15,3275.86,0.01
2025-12-28 07:00:00,3342.33,3356.22,0.4
2025-12-28 08:00:00,3387.96,3390.23,20.89
2025-12-28 09:00:00,3396.69,3404.19,73.05
2025-12-28 10:00:00,3396.77,3446.13,152.69
2025-12-28 11:00:00,3304.56,3511.3,220.22
2025-12-28 12:00:00,3180.88,3408.91,237.04
2025-12-28 13:00:00,3171.78,3390.46,235.4
2025-12-28 14:00:00,3209.7,3354.1,172.67
2025-12-28 15:00:00,3346.64,3394.1,109.74
2025-12-28 16:00:00,3539.04,3547.84,105.26
2025-12-28 17:00:00,3706.85,3705.11,84.82
2025-12-28 18:00:00,3762.13,3737.51,81.4
2025-12-28 19:00:00,3712.26,3711.74,55.89
2025-12-28 20:00:00,3607.75,3616.27,21.18
2025-12-28 21:00:00,3507.07,3463.28,4.44
2025-12-28 22:00:00,3489.67,3405.75,1.34
2025-12-28 23:00:00,3454.07,3369.57,0.25
2025-12-29 00:00:00,3291.36,3151.69,0.04
2025-12-29 01:00:00,3158.63,3032.78,0.01
2025-12-29 02:00:00,3093.93,2961.42,0.0
2025-12-29 03:00:00,3074.4,2964.91,0.0
2025-12-29 04:00:00,3117.22,3022.4,0.0
2025-12-29 05:00:00,3248.63,3170.46,0.0
2025-12-29 06:00:00,3501.18,3380.12,0.01
2025-12-29 07:00:00,3923.81,3735.98,0.47
2025-12-29 08:00:00,4402.92,4273.94,25.99
2025-12-29 09:00:00,4529.2,4548.72,80.67
2025-12-29 10:00:00,4464.3,4478.11,129.4
2025-12-29 11:00:00,4344.08,4293.65,159.72
2025-12-29 12:00:00,4135.74,4144.46,165.66
2025-12-29 13:00:00,4237.07,4239.69,152.81
2025-12-29 14:00:00,4279.51,4278.04,144.91
2025-12-29 15:00:00,4335.4,4325.0,118.89
2025-12-29 16:00:00,4416.62,4407.67,111.56
2025-12-29 17:00:00,4412.01,4379.87,85.36
2025-12-29 18:00:00,4312.7,4347.24,70.49
2025-12-29 19:00:00,4181.69,4205.26,32.56
2025-12-29 20:00:00,4020.98,4026.21,6.12
2025-12-29 21:00:00,3879.5,3863.11,2.05
2025-12-29 22:00:00,3847.11,3864.03,0.47
2025-12-29 23:00:00,3791.69,3809.78,0.04
2025-12-30 00:00:00,3589.38,3616.45,0.01
2025-12-30 01:00:00,3457.02,3481.65,0.0
2025-12-30 02:00:00,3376.72,3394.32,0.0
2025-12-30 03:00:00,3341.82,3325.6,0.0
2025-12-30 04:00:00,3376.72,3301.02,0.0
2025-12-30 05:00:00,3484.4,3409.47,0.0
2025-12-30 06:00:00,3714.68,3625.48,0.01
2025-12-30 07:00:00,4096.72,4007.47,0.22
2025-12-30 08:00:00,4490.79,4421.58,19.26
2025-12-30 09:00:00,4461.24,4558.36,78.41
2025-12-30 10:00:00,4269.11,4435.62,146.19
2025-12-30 11:00:00,4072.32,4151.72,209.69
2025-12-30 12:00:00,3852.3,3969.72,251.53
2025-12-30 13:00:00,3994.41,4077.32,261.56
2025-12-30 14:00:00,4128.32,4140.41,260.13
2025-12-30 15:00:00,4286.82,4268.31,193.53
2025-12-30 16:00:00,4459.89,4481.88,132.96
2025-12-30 17:00:00,4489.91,4547.0,87.28
2025-12-30 18:00:00,4418.06,4486.7,82.15
2025-12-30 19:00:00,4330.27,4370.83,68.03
2025-12-30 20:00:00,4164.32,4191.51,31.08
2025-12-30 21:00:00,3997.28,4031.38,5.43
2025-12-30 22:00:00,3945.65,3969.13,1.55
2025-12-30 23:00:00,3883.68,3902.18,0.29
2025-12-31 00:00:00,3675.82,3727.07,0.04
2025-12-31 01:00:00,3524.63,3577.6,0.01
2025-12-31 02:00:00,3444.11,3504.0,0.0
2025-12-31 03:00:00,3397.71,3468.47,0.0
2025-12-31 04:00:00,3420.77,3524.0,0.0
2025-12-31 05:00:00,3518.57,3632.45,0.0
2025-12-31 06:00:00,3732.12,3911.36,0.0
2025-12-31 07:00:00,4091.77,4327.89,0.16
2025-12-31 08:00:00,4473.8,4730.24,13.77
2025-12-31 09:00:00,4453.9,4790.97,58.84
2025-12-31 10:00:00,4269.86,4658.96,103.46
2025-12-31 11:00:00,4081.34,4485.25,132.64
2025-12-31 12:00:00,3866.71,4256.9,182.12
2025-12-31 13:00:00,3975.72,4395.68,197.92
2025-12-31 14:00:00,4063.68,4508.91,194.27
2025-12-31 15:00:00,4160.99,4586.27,145.74
2025-12-31 16:00:00,4319.59,4683.05,113.79
2025-12-31 17:00:00,4380.66,4619.31,85.82
2025-12-31 18:00:00,4312.44,4466.37,78.98
2025-12-31 19:00:00,4209.54,4343.58,49.31
2025-12-31 20:00:00,4056.24,4152.21,11.14
2025-12-31 21:00:00,3944.16,4026.87,3.09
2025-12-31 22:00:00,3933.66,3986.31,1.01
2025-12-31 23:00:00,3891.05,3946.96,0.2
